objdump_bad_va	range_begin_va	traversal_disposition
0x14002C81D	0x14002C812	not_visited
0x14002C821	0x14002C812	not_visited
0x14002C825	0x14002C812	not_visited
0x14002C829	0x14002C812	not_visited
0x14002C82D	0x14002C812	not_visited
0x14002C83D	0x14002C812	not_visited
0x14002C841	0x14002C812	not_visited
0x14002C8A5	0x14002C812	not_visited
0x14002C8FD	0x14002C812	not_visited
0x14002D844	0x14002CD60	not_visited
0x14002D854	0x14002CD60	not_visited
0x14002D868	0x14002CD60	not_visited
0x14002D86D	0x14002CD60	not_visited
0x14002D894	0x14002CD60	not_visited
0x14002D8AC	0x14002CD60	not_visited
0x14002D8C4	0x14002CD60	not_visited
0x14002D8F2	0x14002CD60	not_visited
0x14002D999	0x14002CD60	not_visited
0x140032C8C		not_visited
0x140035F56		not_visited
0x140035F57		not_visited
0x140035F58		not_visited
0x140035F59		not_visited
0x140035F5A		not_visited
0x140035F5B		not_visited
0x140035F5C		not_visited
0x140035F5D		not_visited
0x140035F5E		not_visited
0x140035F5F		not_visited
0x140035F60		not_visited
0x140035F61		not_visited
0x140035F62		not_visited
0x140035F63		not_visited
0x140035F64		not_visited
0x140035F65		not_visited
0x140035F66		not_visited
0x140035F67		not_visited
0x140035F68		not_visited
0x140035F69		not_visited
0x140035F6A		not_visited
0x140035F6B		not_visited
0x140035F6C		not_visited
0x140035F6D		not_visited
0x140035F6E		not_visited
0x140035F6F		not_visited
0x140035F70		not_visited
0x140035F71		not_visited
0x140035F72		not_visited
0x140035F73		not_visited
0x140035F74		not_visited
0x140035F75		not_visited
0x140035F76		not_visited
0x140035F77		not_visited
0x140035F78		not_visited
0x140035F79		not_visited
0x140035F7A		not_visited
0x140035F7B		not_visited
0x140035F7C		not_visited
0x140035F7D		not_visited
0x140035F7E		not_visited
0x140035F7F		not_visited
0x140035F80		not_visited
0x140035F81		not_visited
0x140035F82		not_visited
0x140035F83		not_visited
0x140035F84		not_visited
0x140035F85		not_visited
0x140035F86		not_visited
0x140035F87		not_visited
0x140035F88		not_visited
0x140035F89		not_visited
0x140035F8A		not_visited
0x140035F8B		not_visited
0x140035F8C		not_visited
0x140035F8F		not_visited
0x140035F90		not_visited
0x140035F91		not_visited
0x140035F92		not_visited
0x140035F93		not_visited
0x140035F94		not_visited
0x140035F95		not_visited
0x140035F96		not_visited
0x140035F97		not_visited
0x140035F9A		not_visited
0x140035F9B		not_visited
0x140035F9C		not_visited
0x140035F9D		not_visited
0x140035F9E		not_visited
0x140035F9F		not_visited
0x140035FA2		not_visited
0x140035FA3		not_visited
0x140035FA4		not_visited
0x140035FA5		not_visited
0x140035FA8		not_visited
0x140035FA9		not_visited
0x140035FAA		not_visited
0x140035FAB		not_visited
0x140035FAC		not_visited
0x140036BE4	0x1400368F0	not_visited
0x140044119	0x140043F90	not_visited
0x14004411D	0x140043F90	not_visited
0x1400488CE	0x1400487DC	not_visited
0x1400488CF	0x1400487DC	not_visited
0x1400488D0	0x1400487DC	not_visited
0x1400488D3	0x1400487DC	not_visited
0x1400488D4	0x1400487DC	not_visited
0x1400488D5	0x1400487DC	not_visited
0x1400488D6	0x1400487DC	not_visited
0x1400488D7	0x1400487DC	not_visited
0x1400488D8	0x1400487DC	not_visited
0x1400488D9	0x1400487DC	not_visited
0x1400488DE	0x1400487DC	not_visited
0x1400488DF	0x1400487DC	not_visited
0x1400488E0	0x1400487DC	not_visited
0x1400488E1	0x1400487DC	not_visited
0x1400488E2	0x1400487DC	not_visited
0x1400488E3	0x1400487DC	not_visited
0x1400488E4	0x1400487DC	not_visited
0x1400488E5	0x1400487DC	not_visited
0x1400488E6	0x1400487DC	not_visited
0x1400488E7	0x1400487DC	not_visited
0x1400488E8	0x1400487DC	not_visited
0x1400488EB	0x1400487DC	not_visited
0x1400488EC	0x1400487DC	not_visited
0x1400488ED	0x1400487DC	not_visited
0x1400488EE	0x1400487DC	not_visited
0x1400488EF	0x1400487DC	not_visited
0x1400488F0	0x1400487DC	not_visited
0x1400488F1	0x1400487DC	not_visited
0x1400488F2	0x1400487DC	not_visited
0x1400488F3	0x1400487DC	not_visited
0x1400488F4	0x1400487DC	not_visited
0x1400488F5	0x1400487DC	not_visited
0x1400488F6	0x1400487DC	not_visited
0x1400488F7	0x1400487DC	not_visited
0x1400488F8	0x1400487DC	not_visited
0x1400488F9	0x1400487DC	not_visited
0x1400488FA	0x1400487DC	not_visited
0x1400488FB	0x1400487DC	not_visited
0x1400488FC	0x1400487DC	not_visited
0x1400488FD	0x1400487DC	not_visited
0x1400488FE	0x1400487DC	not_visited
0x1400488FF	0x1400487DC	not_visited
0x140048900	0x1400487DC	not_visited
0x140048901	0x1400487DC	not_visited
0x140048902	0x1400487DC	not_visited
0x140048903	0x1400487DC	not_visited
0x140048904	0x1400487DC	not_visited
0x140048905	0x1400487DC	not_visited
0x140048906	0x1400487DC	not_visited
0x140048907	0x1400487DC	not_visited
0x140048908	0x1400487DC	not_visited
0x140048909	0x1400487DC	not_visited
0x14004890A	0x1400487DC	not_visited
0x14004890B	0x1400487DC	not_visited
0x14004890C	0x1400487DC	not_visited
0x14004890D	0x1400487DC	not_visited
0x14004890E	0x1400487DC	not_visited
0x14004890F	0x1400487DC	not_visited
0x140048910	0x1400487DC	not_visited
0x140048911	0x1400487DC	not_visited
0x140048912	0x1400487DC	not_visited
0x140048913	0x1400487DC	not_visited
0x140048914	0x1400487DC	not_visited
0x140048915	0x1400487DC	not_visited
0x140048916	0x1400487DC	not_visited
0x140048917	0x1400487DC	not_visited
0x140048918	0x1400487DC	not_visited
0x140048919	0x1400487DC	not_visited
0x14004891A	0x1400487DC	not_visited
0x14004891B	0x1400487DC	not_visited
0x14004891C	0x1400487DC	not_visited
0x14004891D	0x1400487DC	not_visited
0x14004891E	0x1400487DC	not_visited
0x14004891F	0x1400487DC	not_visited
0x140048920	0x1400487DC	not_visited
0x140048921	0x1400487DC	not_visited
0x140048922	0x1400487DC	not_visited
0x140048923	0x1400487DC	not_visited
0x140048924	0x1400487DC	not_visited
0x140048925	0x1400487DC	not_visited
0x140048926	0x1400487DC	not_visited
0x140048927	0x1400487DC	not_visited
0x140048928	0x1400487DC	not_visited
0x140048929	0x1400487DC	not_visited
0x14004892A	0x1400487DC	not_visited
0x14004892B	0x1400487DC	not_visited
0x14004892C	0x1400487DC	not_visited
0x14004892D	0x1400487DC	not_visited
0x14004892E	0x1400487DC	not_visited
0x14004892F	0x1400487DC	not_visited
0x140048930	0x1400487DC	not_visited
0x140048931	0x1400487DC	not_visited
0x140048932	0x1400487DC	not_visited
0x140048933	0x1400487DC	not_visited
0x140048934	0x1400487DC	not_visited
0x140048935	0x1400487DC	not_visited
0x140048936	0x1400487DC	not_visited
0x140048937	0x1400487DC	not_visited
0x140048938	0x1400487DC	not_visited
0x140048939	0x1400487DC	not_visited
0x14004893A	0x1400487DC	not_visited
0x14004893B	0x1400487DC	not_visited
0x14004893C	0x1400487DC	not_visited
0x14004893D	0x1400487DC	not_visited
0x14004893E	0x1400487DC	not_visited
0x14004893F	0x1400487DC	not_visited
0x140048940	0x1400487DC	not_visited
0x140048941	0x1400487DC	not_visited
0x140048942	0x1400487DC	not_visited
0x140048943	0x1400487DC	not_visited
0x140048944	0x1400487DC	not_visited
0x140048945	0x1400487DC	not_visited
0x140048946	0x1400487DC	not_visited
0x140048947	0x1400487DC	not_visited
0x140048948	0x1400487DC	not_visited
0x140048949	0x1400487DC	not_visited
0x14004894A	0x1400487DC	not_visited
0x14004894B	0x1400487DC	not_visited
0x14004894C	0x1400487DC	not_visited
0x14004894D	0x1400487DC	not_visited
0x14004894E	0x1400487DC	not_visited
0x14004894F	0x1400487DC	not_visited
0x140048952	0x1400487DC	not_visited
0x140048953	0x1400487DC	not_visited
0x140048954	0x1400487DC	not_visited
0x140048955	0x1400487DC	not_visited
0x140048956	0x1400487DC	not_visited
0x140048957	0x1400487DC	not_visited
0x140048958	0x1400487DC	not_visited
0x140048959	0x1400487DC	not_visited
0x14004895A	0x1400487DC	not_visited
0x14004895B	0x1400487DC	not_visited
0x14004895C	0x1400487DC	not_visited
0x14004895D	0x1400487DC	not_visited
0x14004895E	0x1400487DC	not_visited
0x14004895F	0x1400487DC	not_visited
0x140048960	0x1400487DC	not_visited
0x140048961	0x1400487DC	not_visited
0x140048962	0x1400487DC	not_visited
0x140048963	0x1400487DC	not_visited
0x140048964	0x1400487DC	not_visited
0x140048965	0x1400487DC	not_visited
0x140048966	0x1400487DC	not_visited
0x140048967	0x1400487DC	not_visited
0x140048968	0x1400487DC	not_visited
0x140048969	0x1400487DC	not_visited
0x14004896A	0x1400487DC	not_visited
0x14004896D	0x1400487DC	not_visited
0x140049400		not_visited
0x140049461		not_visited
0x140049462		not_visited
0x140049463		not_visited
0x14004AA40		not_visited
0x14004AC42	0x14004AAB0	not_visited
0x14004AC43	0x14004AAB0	not_visited
0x14004AC44	0x14004AAB0	not_visited
0x14004AC45	0x14004AAB0	not_visited
0x14004AC46	0x14004AAB0	not_visited
0x14004AC47	0x14004AAB0	not_visited
0x14004AC48	0x14004AAB0	not_visited
0x14004AC49	0x14004AAB0	not_visited
0x14004AC50	0x14004AAB0	not_visited
0x14004AC51	0x14004AAB0	not_visited
0x14004AC52	0x14004AAB0	not_visited
0x14004AEC9		not_visited
0x14004AECA		not_visited
0x14004AECB		not_visited
0x14004AECC		not_visited
0x14004AECD		not_visited
0x14004AECE		not_visited
0x14004AECF		not_visited
0x14004AED0		not_visited
0x14004AED1		not_visited
0x14004AED2		not_visited
0x14004AED3		not_visited
0x14004AED4		not_visited
0x14004AED5		not_visited
0x14004AED6		not_visited
0x14004AED7		not_visited
0x14004AED8		not_visited
0x14004AED9		not_visited
0x14004AEDA		not_visited
0x14004AEDB		not_visited
0x14004AEDC		not_visited
0x14004AEDD		not_visited
0x14004AEDE		not_visited
0x14004AEDF		not_visited
0x14004AEE0		not_visited
0x14004AEE1		not_visited
0x14004AEE2		not_visited
0x14004AEE3		not_visited
0x14004AEE4		not_visited
0x14004AEE5		not_visited
0x14004AEE6		not_visited
0x14004AEE7		not_visited
0x14004AEE8		not_visited
0x14004AEE9		not_visited
0x14004AEEA		not_visited
0x14004AEEB		not_visited
0x14004AEEC		not_visited
0x14004AEED		not_visited
0x14004AEEE		not_visited
0x14004AEF1		not_visited
0x14004AEF4		not_visited
0x14004AEF7		not_visited
0x14004AEF8		not_visited
0x14004AEF9		not_visited
0x14004AEFA		not_visited
0x14004AEFB		not_visited
0x14004AEFC		not_visited
0x14004AEFD		not_visited
0x14004AEFE		not_visited
0x14004AF01		not_visited
0x14004AF02		not_visited
0x14004AF03		not_visited
0x14004AF04		not_visited
0x14004AF05		not_visited
0x14004AF06		not_visited
0x14004AF07		not_visited
0x14004AF08		not_visited
0x14004AF09		not_visited
0x14004AF0A		not_visited
0x14004F5E0	0x14004F5CE	not_visited
0x14004F7FC	0x14004F5F0	not_visited
0x14004F818	0x14004F5F0	not_visited
0x14004F83F	0x14004F5F0	not_visited
0x140051465	0x140051380	not_visited
0x140051468	0x140051380	not_visited
0x140051469	0x140051380	not_visited
0x14005146A	0x140051380	not_visited
0x14005146B	0x140051380	not_visited
0x14005146C	0x140051380	not_visited
0x14005146D	0x140051380	not_visited
0x14005146E	0x140051380	not_visited
0x14005146F	0x140051380	not_visited
0x140051470	0x140051380	not_visited
0x140051471	0x140051380	not_visited
0x140051472	0x140051380	not_visited
0x140051473	0x140051380	not_visited
0x140051474	0x140051380	not_visited
0x140051475	0x140051380	not_visited
0x140051476	0x140051380	not_visited
0x140051477	0x140051380	not_visited
0x140051478	0x140051380	not_visited
0x140051479	0x140051380	not_visited
0x14005147A	0x140051380	not_visited
0x14005147B	0x140051380	not_visited
0x14005147C	0x140051380	not_visited
0x14005147D	0x140051380	not_visited
0x14005147E	0x140051380	not_visited
0x14005147F	0x140051380	not_visited
0x140051480	0x140051380	not_visited
0x140051481	0x140051380	not_visited
0x140051482	0x140051380	not_visited
0x140051483	0x140051380	not_visited
0x140051484	0x140051380	not_visited
0x140051485	0x140051380	not_visited
0x140051486	0x140051380	not_visited
0x140051487	0x140051380	not_visited
0x140051488	0x140051380	not_visited
0x140051489	0x140051380	not_visited
0x14005148A	0x140051380	not_visited
0x14005148B	0x140051380	not_visited
0x14005148C	0x140051380	not_visited
0x14005148D	0x140051380	not_visited
0x14005148E	0x140051380	not_visited
0x14005148F	0x140051380	not_visited
0x140051490	0x140051380	not_visited
0x140051491	0x140051380	not_visited
0x140051492	0x140051380	not_visited
0x140051493	0x140051380	not_visited
0x140051494	0x140051380	not_visited
0x140051495	0x140051380	not_visited
0x140051496	0x140051380	not_visited
0x140051497	0x140051380	not_visited
0x140051498	0x140051380	not_visited
0x140051499	0x140051380	not_visited
0x14005149A	0x140051380	not_visited
0x14005149B	0x140051380	not_visited
0x14005149C	0x140051380	not_visited
0x14005149D	0x140051380	not_visited
0x14005149E	0x140051380	not_visited
0x14005149F	0x140051380	not_visited
0x1400514A0	0x140051380	not_visited
0x1400514A1	0x140051380	not_visited
0x1400514A2	0x140051380	not_visited
0x1400514A3	0x140051380	not_visited
0x1400514A4	0x140051380	not_visited
0x1400514A5	0x140051380	not_visited
0x1400514A6	0x140051380	not_visited
0x1400514A7	0x140051380	not_visited
0x1400514A8	0x140051380	not_visited
0x1400514A9	0x140051380	not_visited
0x1400514AA	0x140051380	not_visited
0x1400514AB	0x140051380	not_visited
0x1400514AC	0x140051380	not_visited
0x1400514AD	0x140051380	not_visited
0x1400514AE	0x140051380	not_visited
0x1400514AF	0x140051380	not_visited
0x1400514B0	0x140051380	not_visited
0x1400514B1	0x140051380	not_visited
0x1400514B2	0x140051380	not_visited
0x1400514B3	0x140051380	not_visited
0x1400514B4	0x140051380	not_visited
0x1400514B5	0x140051380	not_visited
0x1400514B6	0x140051380	not_visited
0x1400514B7	0x140051380	not_visited
0x1400514B8	0x140051380	not_visited
0x1400514B9	0x140051380	not_visited
0x1400514BA	0x140051380	not_visited
0x1400514BB	0x140051380	not_visited
0x1400514BC	0x140051380	not_visited
0x1400514BD	0x140051380	not_visited
0x1400514BE	0x140051380	not_visited
0x1400514BF	0x140051380	not_visited
0x1400514C0	0x140051380	not_visited
0x1400514C1	0x140051380	not_visited
0x1400514C2	0x140051380	not_visited
0x1400514C3	0x140051380	not_visited
0x14005924A	0x1400591D4	not_visited
0x14005924B	0x1400591D4	not_visited
0x14005924C	0x1400591D4	not_visited
0x14005924D	0x1400591D4	not_visited
0x14005924E	0x1400591D4	not_visited
0x140059320		not_visited
0x14006194E	0x140061800	not_visited
0x140061952	0x140061800	not_visited
0x140061956	0x140061800	not_visited
0x14006195A	0x140061800	not_visited
0x14006195E	0x140061800	not_visited
0x140061962	0x140061800	not_visited
0x140061A96		not_visited
0x140061A9A		not_visited
0x140061E8A	0x140061E71	not_visited
0x140061E91	0x140061E71	not_visited
0x140061E92	0x140061E71	not_visited
0x140062CF6	0x140062B10	not_visited
0x140062D12	0x140062B10	not_visited
0x140062D16	0x140062B10	not_visited
0x140062D1A	0x140062B10	not_visited
0x140062D26	0x140062B10	not_visited
0x140063D0D	0x140063700	not_visited
0x140063D0E	0x140063700	not_visited
0x140063D12	0x140063700	not_visited
0x140063D19	0x140063700	not_visited
0x140063D1A	0x140063700	not_visited
0x140063D21	0x140063700	not_visited
0x140063D22	0x140063700	not_visited
0x140063D25	0x140063700	not_visited
0x140063D26	0x140063700	not_visited
0x140063D29	0x140063700	not_visited
0x140063D2A	0x140063700	not_visited
0x140063D3E	0x140063700	not_visited
0x140063D42	0x140063700	not_visited
0x140063D6E	0x140063700	not_visited
0x140063D72	0x140063700	not_visited
0x140063D96	0x140063700	not_visited
0x140063D9A	0x140063700	not_visited
0x140063D9E	0x140063700	not_visited
0x140063DC6	0x140063700	not_visited
0x140063DCA	0x140063700	not_visited
0x140063DCE	0x140063700	not_visited
0x140063DF6	0x140063700	not_visited
0x140063DFA	0x140063700	not_visited
0x1400648A2	0x140063E20	not_visited
0x1400648A6	0x140063E20	not_visited
0x1400648AD	0x140063E20	not_visited
0x1400648AE	0x140063E20	not_visited
0x1400648B1	0x140063E20	not_visited
0x1400648B2	0x140063E20	not_visited
0x1400648B5	0x140063E20	not_visited
0x1400648B6	0x140063E20	not_visited
0x1400648B9	0x140063E20	not_visited
0x1400648BD	0x140063E20	not_visited
0x1400648C2	0x140063E20	not_visited
0x1400648C6	0x140063E20	not_visited
0x1400648CD	0x140063E20	not_visited
0x1400648D1	0x140063E20	not_visited
0x1400648D5	0x140063E20	not_visited
0x1400648D9	0x140063E20	not_visited
0x1400648DD	0x140063E20	not_visited
0x1400648E2	0x140063E20	not_visited
0x1400648E9	0x140063E20	not_visited
0x1400648ED	0x140063E20	not_visited
0x1400648F1	0x140063E20	not_visited
0x1400648F5	0x140063E20	not_visited
0x1400648F9	0x140063E20	not_visited
0x1400648FE	0x140063E20	not_visited
0x140064905	0x140063E20	not_visited
0x140064909	0x140063E20	not_visited
0x14006490D	0x140063E20	not_visited
0x140064911	0x140063E20	not_visited
0x14006491A	0x140063E20	not_visited
0x140064921	0x140063E20	not_visited
0x140064925	0x140063E20	not_visited
0x140064929	0x140063E20	not_visited
0x14006492D	0x140063E20	not_visited
0x140064932	0x140063E20	not_visited
0x14006493D	0x140063E20	not_visited
0x140064941	0x140063E20	not_visited
0x14006494A	0x140063E20	not_visited
0x14006494E	0x140063E20	not_visited
0x140064952	0x140063E20	not_visited
0x14006495A	0x140063E20	not_visited
0x14006495D	0x140063E20	not_visited
0x140064961	0x140063E20	not_visited
0x140064965	0x140063E20	not_visited
0x14006496A	0x140063E20	not_visited
0x14006496E	0x140063E20	not_visited
0x140064975	0x140063E20	not_visited
0x140064979	0x140063E20	not_visited
0x14006497D	0x140063E20	not_visited
0x140064981	0x140063E20	not_visited
0x14006498A	0x140063E20	not_visited
0x140064991	0x140063E20	not_visited
0x140064995	0x140063E20	not_visited
0x140064999	0x140063E20	not_visited
0x14006499D	0x140063E20	not_visited
0x1400649A2	0x140063E20	not_visited
0x1400649A6	0x140063E20	not_visited
0x140065446	0x140064F80	not_visited
0x14006544A	0x140064F80	not_visited
0x14006544E	0x140064F80	not_visited
0x140065456	0x140064F80	not_visited
0x14006545E	0x140064F80	not_visited
0x140065462	0x140064F80	not_visited
0x140065466	0x140064F80	not_visited
0x14006546A	0x140064F80	not_visited
0x14006546E	0x140064F80	not_visited
0x140065472	0x140064F80	not_visited
0x140065476	0x140064F80	not_visited
0x14006547A	0x140064F80	not_visited
0x14006547E	0x140064F80	not_visited
0x140065482	0x140064F80	not_visited
0x140065486	0x140064F80	not_visited
0x14006548E	0x140064F80	not_visited
0x140065496	0x140064F80	not_visited
0x14006549A	0x140064F80	not_visited
0x14006549E	0x140064F80	not_visited
0x1400654A2	0x140064F80	not_visited
0x1400654AA	0x140064F80	not_visited
0x1400654B2	0x140064F80	not_visited
0x1400654BA	0x140064F80	not_visited
0x1400654BE	0x140064F80	not_visited
0x1400654C2	0x140064F80	not_visited
0x1400654C6	0x140064F80	not_visited
0x1400654CA	0x140064F80	not_visited
0x1400654CE	0x140064F80	not_visited
0x1400654D2	0x140064F80	not_visited
0x1400654DA	0x140064F80	not_visited
0x1400654E2	0x140064F80	not_visited
0x1400654E6	0x140064F80	not_visited
0x1400654EA	0x140064F80	not_visited
0x1400654EE	0x140064F80	not_visited
0x1400654F2	0x140064F80	not_visited
0x1400654F6	0x140064F80	not_visited
0x1400654FA	0x140064F80	not_visited
0x1400654FE	0x140064F80	not_visited
0x14006550A	0x140064F80	not_visited
0x140065512	0x140064F80	not_visited
0x140065516	0x140064F80	not_visited
0x14006551A	0x140064F80	not_visited
0x14006551E	0x140064F80	not_visited
0x140065522	0x140064F80	not_visited
0x140065526	0x140064F80	not_visited
0x14006552A	0x140064F80	not_visited
0x14006552E	0x140064F80	not_visited
0x140065532	0x140064F80	not_visited
0x140065536	0x140064F80	not_visited
0x14006553A	0x140064F80	not_visited
0x14006553E	0x140064F80	not_visited
0x140065542	0x140064F80	not_visited
0x140065546	0x140064F80	not_visited
0x1400665E1	0x1400665D5	not_visited
0x1400665E6	0x1400665D5	not_visited
0x1400665F5	0x1400665D5	not_visited
0x1400665FA	0x1400665D5	not_visited
0x14006807A	0x140067D30	not_visited
0x140068082	0x140067D30	not_visited
0x1400689A6	0x140068330	not_visited
0x1400689B2	0x140068330	not_visited
0x1400689B6	0x140068330	not_visited
0x1400689BE	0x140068330	not_visited
0x1400689C2	0x140068330	not_visited
0x1400689C6	0x140068330	not_visited
0x1400689D2	0x140068330	not_visited
0x1400694F6	0x140069200	not_visited
0x1400694FE	0x140069200	not_visited
0x140069506	0x140069200	not_visited
0x14006950A	0x140069200	not_visited
0x14006950E	0x140069200	not_visited
0x140069512	0x140069200	not_visited
0x140069516	0x140069200	not_visited
0x14006951A	0x140069200	not_visited
0x14006951E	0x140069200	not_visited
0x140069522	0x140069200	not_visited
0x14006952A	0x140069200	not_visited
0x140069532	0x140069200	not_visited
0x14006953A	0x140069200	not_visited
0x14006953E	0x140069200	not_visited
0x140069542	0x140069200	not_visited
0x140069546	0x140069200	not_visited
0x14006954A	0x140069200	not_visited
0x14006954E	0x140069200	not_visited
0x140069556	0x140069200	not_visited
0x14006955E	0x140069200	not_visited
0x14006ADE6	0x14006AC30	not_visited
0x14006ADEA	0x14006AC30	not_visited
0x14006ADF2	0x14006AC30	not_visited
0x14006ADF6	0x14006AC30	not_visited
0x14006B176	0x14006AFC0	not_visited
0x14006B17A	0x14006AFC0	not_visited
0x14006B17E	0x14006AFC0	not_visited
0x14006B50A	0x14006B350	not_visited
0x14006B516	0x14006B350	not_visited
0x14006B8E0	0x14006B734	not_visited
0x14006B8F6	0x14006B734	not_visited
0x14006BF62	0x14006BDA0	not_visited
0x14006C726	0x14006C719	not_visited
0x14006C732	0x14006C719	not_visited
0x14006C73A	0x14006C719	not_visited
0x14006C73D	0x14006C719	not_visited
0x14006C742	0x14006C719	not_visited
0x14006CF91	0x14006CE50	not_visited
0x14006CF92	0x14006CE50	not_visited
0x14006CF95	0x14006CE50	not_visited
0x14006CF96	0x14006CE50	not_visited
0x14006CF99	0x14006CE50	not_visited
0x14006CF9A	0x14006CE50	not_visited
0x14006CF9E	0x14006CE50	not_visited
0x14006CFA2	0x14006CE50	not_visited
0x14006CFAA	0x14006CE50	not_visited
0x14006CFAE	0x14006CE50	not_visited
0x14006CFB2	0x14006CE50	not_visited
0x14006D0CE		not_visited
0x14006D0D2		not_visited
0x14006D0E2		not_visited
0x14006D0E6		not_visited
0x14006D0EE		not_visited
0x14006D4D9	0x14006D400	not_visited
0x14006D4DA	0x14006D400	not_visited
0x14006D4E2	0x14006D400	not_visited
0x14006D4E9	0x14006D400	not_visited
0x14006D4EA	0x14006D400	not_visited
0x14006D4F2	0x14006D400	not_visited
0x14006D996	0x14006D88C	not_visited
0x14006D999	0x14006D88C	not_visited
0x14006D99A	0x14006D88C	not_visited
0x14006D99E	0x14006D88C	not_visited
0x14006D9A6	0x14006D88C	not_visited
0x14006D9B6	0x14006D88C	not_visited
0x14006E20A	0x14006E159	not_visited
0x14006E216	0x14006E159	not_visited
0x14006E8F2	0x14006E670	not_visited
0x14006E8F6	0x14006E670	not_visited
0x14006E8FA	0x14006E670	not_visited
0x14006E8FE	0x14006E670	not_visited
0x14006E91A	0x14006E670	not_visited
0x14006E922	0x14006E670	not_visited
0x14006E92A	0x14006E670	not_visited
0x14006E92E	0x14006E670	not_visited
0x14006E936	0x14006E670	not_visited
0x14006F7C2	0x14006F1E0	not_visited
0x14006F7C6	0x14006F1E0	not_visited
0x14006F7CA	0x14006F1E0	not_visited
0x14006F7CE	0x14006F1E0	not_visited
0x14006F7D5	0x14006F1E0	not_visited
0x14006F7DD	0x14006F1E0	not_visited
0x14006F7E1	0x14006F1E0	not_visited
0x14006F7E5	0x14006F1E0	not_visited
0x14006F7ED	0x14006F1E0	not_visited
0x14006F7F2	0x14006F1E0	not_visited
0x14006F7F6	0x14006F1E0	not_visited
0x14006F7FA	0x14006F1E0	not_visited
0x14006F801	0x14006F1E0	not_visited
0x14006F809	0x14006F1E0	not_visited
0x14006F80D	0x14006F1E0	not_visited
0x14006F811	0x14006F1E0	not_visited
0x14006F816	0x14006F1E0	not_visited
0x14006F81E	0x14006F1E0	not_visited
0x14006F822	0x14006F1E0	not_visited
0x14006F826	0x14006F1E0	not_visited
0x14006F82A	0x14006F1E0	not_visited
0x14006F832	0x14006F1E0	not_visited
0x14006F83A	0x14006F1E0	not_visited
0x14006F83E	0x14006F1E0	not_visited
0x14006F842	0x14006F1E0	not_visited
0x14006F846	0x14006F1E0	not_visited
0x14006F84E	0x14006F1E0	not_visited
0x14006F856	0x14006F1E0	not_visited
0x14006F85A	0x14006F1E0	not_visited
0x14006F85E	0x14006F1E0	not_visited
0x14006F866	0x14006F1E0	not_visited
0x14006F86E	0x14006F1E0	not_visited
0x14006F872	0x14006F1E0	not_visited
0x14006F878	0x14006F1E0	not_visited
0x14006F88E	0x14006F1E0	not_visited
0x14006F898	0x14006F1E0	not_visited
0x14006F89C	0x14006F1E0	not_visited
0x14006F89E	0x14006F1E0	not_visited
0x14006F8A6	0x14006F1E0	not_visited
0x14006F8EE	0x14006F1E0	not_visited
0x14006F8F2	0x14006F1E0	not_visited
0x140070328	0x14006F900	not_visited
0x14007032A	0x14006F900	not_visited
0x14007032E	0x14006F900	not_visited
0x140070332	0x14006F900	not_visited
0x14007033A	0x14006F900	not_visited
0x14007033E	0x14006F900	not_visited
0x140070342	0x14006F900	not_visited
0x140070346	0x14006F900	not_visited
0x14007034A	0x14006F900	not_visited
0x14007034E	0x14006F900	not_visited
0x14007035A	0x14006F900	not_visited
0x14007035E	0x14006F900	not_visited
0x140070362	0x14006F900	not_visited
0x140070366	0x14006F900	not_visited
0x14007036A	0x14006F900	not_visited
0x14007036E	0x14006F900	not_visited
0x140070376	0x14006F900	not_visited
0x14007037A	0x14006F900	not_visited
0x14007037E	0x14006F900	not_visited
0x140070386	0x14006F900	not_visited
0x14007038A	0x14006F900	not_visited
0x140070392	0x14006F900	not_visited
0x140070396	0x14006F900	not_visited
0x14007039A	0x14006F900	not_visited
0x1400703A6	0x14006F900	not_visited
0x1400703C2	0x14006F900	not_visited
0x1400703E2	0x14006F900	not_visited
0x140070416	0x14006F900	not_visited
0x140070452	0x14006F900	not_visited
0x1400713A2	0x140070F30	not_visited
0x1400713A6	0x140070F30	not_visited
0x1400713AA	0x140070F30	not_visited
0x1400713AE	0x140070F30	not_visited
0x1400713D2	0x140070F30	not_visited
0x1400713F2	0x140070F30	not_visited
0x1400713FA	0x140070F30	not_visited
0x1400713FE	0x140070F30	not_visited
0x140071406	0x140070F30	not_visited
0x14007141A	0x140070F30	not_visited
0x140071422	0x140070F30	not_visited
0x140071426	0x140070F30	not_visited
0x14007142A	0x140070F30	not_visited
0x14007142E	0x140070F30	not_visited
0x140071436	0x140070F30	not_visited
0x14007144A	0x140070F30	not_visited
0x14007144E	0x140070F30	not_visited
0x140071452	0x140070F30	not_visited
0x140071456	0x140070F30	not_visited
0x14007145A	0x140070F30	not_visited
0x14007145E	0x140070F30	not_visited
0x140071466	0x140070F30	not_visited
0x14007146A	0x140070F30	not_visited
0x14007146E	0x140070F30	not_visited
0x140071472	0x140070F30	not_visited
0x140071476	0x140070F30	not_visited
0x14007147A	0x140070F30	not_visited
0x14007147E	0x140070F30	not_visited
0x140071482	0x140070F30	not_visited
0x140071486	0x140070F30	not_visited
0x14007148A	0x140070F30	not_visited
0x140071492	0x140070F30	not_visited
0x140071E26	0x140071E1C	not_visited
0x140071E2E	0x140071E1C	not_visited
0x140071E3A	0x140071E1C	not_visited
0x140071E3E	0x140071E1C	not_visited
0x140071E4A	0x140071E1C	not_visited
0x140072B5E	0x140072B53	not_visited
0x140072B75	0x140072B53	not_visited
0x140072B7A	0x140072B53	not_visited
0x140072B7D	0x140072B53	not_visited
0x140072B7E	0x140072B53	not_visited
0x140072B97	0x140072B53	not_visited
0x140072B98	0x140072B53	not_visited
0x14007340E	0x140073400	not_visited
0x140073411	0x140073400	not_visited
0x140073412	0x140073400	not_visited
0x14007341E	0x140073400	not_visited
0x140073446	0x140073400	not_visited
0x140074EC4	0x140074EBC	not_visited
0x140074EC5	0x140074EBC	not_visited
0x140074ECD	0x140074EBC	not_visited
0x140074ED2	0x140074EBC	not_visited
0x140074ED9	0x140074EBC	not_visited
0x140074EDD	0x140074EBC	not_visited
0x140074EE1	0x140074EBC	not_visited
0x140074EE5	0x140074EBC	not_visited
0x140074EED	0x140074EBC	not_visited
0x140074EF2	0x140074EBC	not_visited
0x1400757DA	0x1400757B9	not_visited
0x1400757E2	0x1400757B9	not_visited
0x1400757E6	0x1400757B9	not_visited
0x1400757EA	0x1400757B9	not_visited
0x140076DA2	0x140076870	not_visited
0x140076DAE	0x140076870	not_visited
0x140076DC0	0x140076870	not_visited
0x140076DD6	0x140076870	not_visited
0x140076DD9	0x140076870	not_visited
0x140076DE0	0x140076870	not_visited
0x140076DE1	0x140076870	not_visited
0x140076DE2	0x140076870	not_visited
0x140076DE3	0x140076870	not_visited
0x140076DE4	0x140076870	not_visited
0x140076DE5	0x140076870	not_visited
0x140076DEF	0x140076870	not_visited
0x140076DF0	0x140076870	not_visited
0x140076DF1	0x140076870	not_visited
0x140076DF2	0x140076870	not_visited
0x140076DF3	0x140076870	not_visited
0x140076DF4	0x140076870	not_visited
0x140076DF5	0x140076870	not_visited
0x140076DF6	0x140076870	not_visited
0x140076DF7	0x140076870	not_visited
0x140076DF8	0x140076870	not_visited
0x140076DF9	0x140076870	not_visited
0x140076DFA	0x140076870	not_visited
0x140076DFB	0x140076870	not_visited
0x140076DFC	0x140076870	not_visited
0x140076DFD	0x140076870	not_visited
0x140076DFE	0x140076870	not_visited
0x140076DFF	0x140076870	not_visited
0x140076E00	0x140076870	not_visited
0x140076E01	0x140076870	not_visited
0x140076E02	0x140076870	not_visited
0x140076E03	0x140076870	not_visited
0x140076E04	0x140076870	not_visited
0x140076E05	0x140076870	not_visited
0x140076E06	0x140076870	not_visited
0x140076E07	0x140076870	not_visited
0x140076E08	0x140076870	not_visited
0x140076E09	0x140076870	not_visited
0x140076E0A	0x140076870	not_visited
0x140076E0B	0x140076870	not_visited
0x140076E0C	0x140076870	not_visited
0x140076E0D	0x140076870	not_visited
0x140076E0E	0x140076870	not_visited
0x140076E0F	0x140076870	not_visited
0x140076E10	0x140076870	not_visited
0x140076E11	0x140076870	not_visited
0x140076E12	0x140076870	not_visited
0x140076E13	0x140076870	not_visited
0x140076E14	0x140076870	not_visited
0x140076E15	0x140076870	not_visited
0x140076E16	0x140076870	not_visited
0x140076E17	0x140076870	not_visited
0x140076E18	0x140076870	not_visited
0x140076E19	0x140076870	not_visited
0x140076E1A	0x140076870	not_visited
0x140076E1B	0x140076870	not_visited
0x140076E1C	0x140076870	not_visited
0x140076E1D	0x140076870	not_visited
0x140076E1E	0x140076870	not_visited
0x140076E1F	0x140076870	not_visited
0x140076E20	0x140076870	not_visited
0x140076E21	0x140076870	not_visited
0x140076E22	0x140076870	not_visited
0x140076E23	0x140076870	not_visited
0x140076E24	0x140076870	not_visited
0x140076E25	0x140076870	not_visited
0x140076E26	0x140076870	not_visited
0x140076E27	0x140076870	not_visited
0x140076E28	0x140076870	not_visited
0x140076E29	0x140076870	not_visited
0x140076E2A	0x140076870	not_visited
0x140076E2B	0x140076870	not_visited
0x140076E2C	0x140076870	not_visited
0x140076E2D	0x140076870	not_visited
0x140076E2E	0x140076870	not_visited
0x140076E2F	0x140076870	not_visited
0x140076E30	0x140076870	not_visited
0x140076E31	0x140076870	not_visited
0x140076E32	0x140076870	not_visited
0x140076E33	0x140076870	not_visited
0x140076E34	0x140076870	not_visited
0x140076E35	0x140076870	not_visited
0x140076E36	0x140076870	not_visited
0x140076E37	0x140076870	not_visited
0x140076E38	0x140076870	not_visited
0x140076E39	0x140076870	not_visited
0x14007887E	0x1400786DF	not_visited
0x140078BC6	0x140078A2F	not_visited
0x140078BD6	0x140078A2F	not_visited
0x140078F22	0x140078D7F	not_visited
0x1400792D2	0x140079133	not_visited
0x1400792DE	0x140079133	not_visited
0x1400792E2	0x140079133	not_visited
0x1400792E6	0x140079133	not_visited
0x1400792EA	0x140079133	not_visited
0x1400798D2	0x14007973F	not_visited
0x1400798D6	0x14007973F	not_visited
0x1400798DE	0x14007973F	not_visited
0x1400798E2	0x14007973F	not_visited
0x1400798E6	0x14007973F	not_visited
0x14007ABC6	0x14007AB28	not_visited
0x14007ABCE	0x14007AB28	not_visited
0x14007ABD2	0x14007AB28	not_visited
0x14007ABD6	0x14007AB28	not_visited
0x14007B172	0x14007B10F	not_visited
0x14007B176	0x14007B10F	not_visited
0x14007B17A	0x14007B10F	not_visited
0x14007B17E	0x14007B10F	not_visited
0x14007B19A	0x14007B10F	not_visited
0x14007BD46	0x14007B720	not_visited
0x14007BD66	0x14007B720	not_visited
0x14007BD6E	0x14007B720	not_visited
0x14007BD72	0x14007B720	not_visited
0x14007BD7E	0x14007B720	not_visited
0x14007BD86	0x14007B720	not_visited
0x14007BD8E	0x14007B720	not_visited
0x14007BD96	0x14007B720	not_visited
0x14007BD9A	0x14007B720	not_visited
0x14007BD9E	0x14007B720	not_visited
0x14007BDA2	0x14007B720	not_visited
0x14007BDAE	0x14007B720	not_visited
0x14007BDB6	0x14007B720	not_visited
0x14007BDBE	0x14007B720	not_visited
0x14007BDC6	0x14007B720	not_visited
0x14007BDCA	0x14007B720	not_visited
0x14007BDCE	0x14007B720	not_visited
0x14007BDD2	0x14007B720	not_visited
0x14007BDDA	0x14007B720	not_visited
0x14007BDE6	0x14007B720	not_visited
0x14007BDEE	0x14007B720	not_visited
0x14007BDFA	0x14007B720	not_visited
0x14007BDFE	0x14007B720	not_visited
0x14007BE02	0x14007B720	not_visited
0x14007BE0E	0x14007B720	not_visited
0x14007BE16	0x14007B720	not_visited
0x14007BE1E	0x14007B720	not_visited
0x14007BE2A	0x14007B720	not_visited
0x14007BE2E	0x14007B720	not_visited
0x14007BE32	0x14007B720	not_visited
0x14007BE3A	0x14007B720	not_visited
0x14007BE42	0x14007B720	not_visited
0x14007BE4A	0x14007B720	not_visited
0x14007BE56	0x14007B720	not_visited
0x14007BE5E	0x14007B720	not_visited
0x14007BE66	0x14007B720	not_visited
0x14007C90E	0x14007BE70	not_visited
0x14007C916	0x14007BE70	not_visited
0x14007C91E	0x14007BE70	not_visited
0x14007C926	0x14007BE70	not_visited
0x14007C932	0x14007BE70	not_visited
0x14007C93A	0x14007BE70	not_visited
0x14007C93E	0x14007BE70	not_visited
0x14007C94E	0x14007BE70	not_visited
0x14007C95E	0x14007BE70	not_visited
0x14007C966	0x14007BE70	not_visited
0x14007C972	0x14007BE70	not_visited
0x14007C97A	0x14007BE70	not_visited
0x14007C982	0x14007BE70	not_visited
0x14007C986	0x14007BE70	not_visited
0x14007C989	0x14007BE70	not_visited
0x14007C98D	0x14007BE70	not_visited
0x14007C991	0x14007BE70	not_visited
0x14007C995	0x14007BE70	not_visited
0x14007C99D	0x14007BE70	not_visited
0x14007C9A1	0x14007BE70	not_visited
0x14007C9A5	0x14007BE70	not_visited
0x14007C9A9	0x14007BE70	not_visited
0x14007C9AC	0x14007BE70	not_visited
0x14007C9B1	0x14007BE70	not_visited
0x14007C9B6	0x14007BE70	not_visited
0x14007C9BD	0x14007BE70	not_visited
0x14007C9C2	0x14007BE70	not_visited
0x14007C9CA	0x14007BE70	not_visited
0x14007C9CE	0x14007BE70	not_visited
0x14007C9D2	0x14007BE70	not_visited
0x14007C9DE	0x14007BE70	not_visited
0x14007C9E6	0x14007BE70	not_visited
0x14007C9EA	0x14007BE70	not_visited
0x14007C9EE	0x14007BE70	not_visited
0x14007CC7A	0x14007CB00	not_visited
0x14007CC7E	0x14007CB00	not_visited
0x14007CC86	0x14007CB00	not_visited
0x14007CC8A	0x14007CB00	not_visited
0x14007CC8E	0x14007CB00	not_visited
0x14007CC92	0x14007CB00	not_visited
0x14007CC96	0x14007CB00	not_visited
0x14007CC9A	0x14007CB00	not_visited
0x14007CDF2	0x14007CCA0	not_visited
0x14007CDF6	0x14007CCA0	not_visited
0x14007CDFE	0x14007CCA0	not_visited
0x14007D03C	0x14007CE20	not_visited
0x14007D03E	0x14007CE20	not_visited
0x14007D042	0x14007CE20	not_visited
0x14007D045	0x14007CE20	not_visited
0x14007D046	0x14007CE20	not_visited
0x14007D04A	0x14007CE20	not_visited
0x14007D04E	0x14007CE20	not_visited
0x14007D052	0x14007CE20	not_visited
0x14007D056	0x14007CE20	not_visited
0x14007D05A	0x14007CE20	not_visited
0x14007D256	0x14007D060	not_visited
0x14007D262	0x14007D060	not_visited
0x14007D266	0x14007D060	not_visited
0x14007D7BA	0x14007D72E	not_visited
0x14007D7BE	0x14007D72E	not_visited
0x14007D7C2	0x14007D72E	not_visited
0x14007D7C6	0x14007D72E	not_visited
0x14007D7CA	0x14007D72E	not_visited
0x14007D8C6	0x14007D82F	not_visited
0x14007D8CA	0x14007D82F	not_visited
0x14007D8CE	0x14007D82F	not_visited
0x14007DAEA	0x14007DA21	not_visited
0x14007DAEE	0x14007DA21	not_visited
0x14007DAF6	0x14007DA21	not_visited
0x14007E39E	0x14007DF10	not_visited
0x14007E3C6	0x14007DF10	not_visited
0x14007E3CE	0x14007DF10	not_visited
0x14007E3DA	0x14007DF10	not_visited
0x14007E3E2	0x14007DF10	not_visited
0x14007E3EE	0x14007DF10	not_visited
0x14007E3FA	0x14007DF10	not_visited
0x14007E3FE	0x14007DF10	not_visited
0x14007E40E	0x14007DF10	not_visited
0x14007E42E	0x14007DF10	not_visited
0x14007E44A	0x14007DF10	not_visited
0x14007E452	0x14007DF10	not_visited
0x14007E456	0x14007DF10	not_visited
0x14007E45E	0x14007DF10	not_visited
0x14007E48E	0x14007DF10	not_visited
0x14007E492	0x14007DF10	not_visited
0x14007E4AE	0x14007DF10	not_visited
0x14007F1C2	0x14007F1B7	not_visited
0x14007F1CA	0x14007F1B7	not_visited
0x14007F1CE	0x14007F1B7	not_visited
0x14007F1D2	0x14007F1B7	not_visited
0x14007F1DA	0x14007F1B7	not_visited
0x14007F1DE	0x14007F1B7	not_visited
0x14007F1E2	0x14007F1B7	not_visited
0x140083C04	0x140083A5F	not_visited
0x140083F54	0x140083DAF	not_visited
0x140084C50	0x140084ABF	not_visited
0x140085048	0x140084E00	not_visited
0x140085658	0x1400853A0	not_visited
0x140085670	0x1400853A0	not_visited
0x140085674	0x1400853A0	not_visited
0x140085CAC	0x1400859B0	not_visited
0x140085EF8	0x140085CB0	not_visited
0x140085F0C	0x140085CB0	not_visited
0x140086344	0x1400860A0	not_visited
0x140086349	0x1400860A0	not_visited
0x140086355	0x1400860A0	not_visited
0x1400868DC	0x140086360	not_visited
0x1400868F4	0x140086360	not_visited
0x140086D60	0x140086AD0	not_visited
0x140086D64	0x140086AD0	not_visited
0x140086D68	0x140086AD0	not_visited
0x14008C61C	0x14008C5D5	not_visited
0x14008C624	0x14008C5D5	not_visited
0x14008C678	0x14008C5D5	not_visited
0x14008C6AE	0x14008C5D5	not_visited
0x14008C6AF	0x14008C5D5	not_visited
0x14008C6B2	0x14008C5D5	not_visited
0x14008C6B3	0x14008C5D5	not_visited
0x14008C6B4	0x14008C5D5	not_visited
0x14008C6B5	0x14008C5D5	not_visited
0x14008C6B6	0x14008C5D5	not_visited
0x14008C6B7	0x14008C5D5	not_visited
0x14008C6B8	0x14008C5D5	not_visited
0x14008C6B9	0x14008C5D5	not_visited
0x14008C6BA	0x14008C5D5	not_visited
0x14008C6BB	0x14008C5D5	not_visited
0x14008C6BC	0x14008C5D5	not_visited
0x14008C6BD	0x14008C5D5	not_visited
0x14008C6BE	0x14008C5D5	not_visited
0x14008C6BF	0x14008C5D5	not_visited
0x14008C6C0	0x14008C5D5	not_visited
0x14008C6C1	0x14008C5D5	not_visited
0x14008C6C2	0x14008C5D5	not_visited
0x14008C6C3	0x14008C5D5	not_visited
0x14008C6C4	0x14008C5D5	not_visited
0x14008C6C5	0x14008C5D5	not_visited
0x14008C6C6	0x14008C5D5	not_visited
0x14008C6C7	0x14008C5D5	not_visited
0x14008C6C8	0x14008C5D5	not_visited
0x14008C6C9	0x14008C5D5	not_visited
0x14008C6CA	0x14008C5D5	not_visited
0x14008C6CB	0x14008C5D5	not_visited
0x14008C6CC	0x14008C5D5	not_visited
0x14008C6CD	0x14008C5D5	not_visited
0x14008C6CE	0x14008C5D5	not_visited
0x14008C6D1	0x14008C5D5	not_visited
0x14008C6D2	0x14008C5D5	not_visited
0x14008C6D3	0x14008C5D5	not_visited
0x14008C6D4	0x14008C5D5	not_visited
0x14008C6D5	0x14008C5D5	not_visited
0x14008C6D6	0x14008C5D5	not_visited
0x14008C6D7	0x14008C5D5	not_visited
0x14008C6D8	0x14008C5D5	not_visited
0x14008C6D9	0x14008C5D5	not_visited
0x14008C6DA	0x14008C5D5	not_visited
0x14008C6DB	0x14008C5D5	not_visited
0x14008C6DC	0x14008C5D5	not_visited
0x14008C6DD	0x14008C5D5	not_visited
0x14008C6DE	0x14008C5D5	not_visited
0x14008C6DF	0x14008C5D5	not_visited
0x14008C6E0	0x14008C5D5	not_visited
0x14008C6E1	0x14008C5D5	not_visited
0x14008C6E2	0x14008C5D5	not_visited
0x14008C6E3	0x14008C5D5	not_visited
0x14008C6E4	0x14008C5D5	not_visited
0x14008C6E5	0x14008C5D5	not_visited
0x14008C6E6	0x14008C5D5	not_visited
0x14008C6E7	0x14008C5D5	not_visited
0x14008C6F9	0x14008C5D5	not_visited
0x14008C6FD	0x14008C5D5	not_visited
0x14008C701	0x14008C5D5	not_visited
0x14008C725	0x14008C5D5	not_visited
0x14008C72D	0x14008C5D5	not_visited
0x14008CCC4	0x14008CB4A	not_visited
0x14008CCC5	0x14008CB4A	not_visited
0x14008CCC8	0x14008CB4A	not_visited
0x14008F40C	0x14008F33B	not_visited
0x14008F40D	0x14008F33B	not_visited
0x14008F415	0x14008F33B	not_visited
0x14008F41C	0x14008F33B	not_visited
0x14008F41D	0x14008F33B	not_visited
0x14008F421	0x14008F33B	not_visited
0x14008F425	0x14008F33B	not_visited
0x14008F428	0x14008F33B	not_visited
0x14008F48C	0x14008F33B	not_visited
0x14008F4A8	0x14008F33B	not_visited
0x14008F4DC	0x14008F33B	not_visited
0x14008F4E0	0x14008F33B	not_visited
0x14008F4F7	0x14008F33B	not_visited
0x14008F4F8	0x14008F33B	not_visited
0x14008F501	0x14008F33B	not_visited
0x14008F511	0x14008F33B	not_visited
0x14008F512	0x14008F33B	not_visited
0x14008F522	0x14008F33B	not_visited
0x14008F553	0x14008F33B	not_visited
0x14008F56C	0x14008F33B	not_visited
0x14008F596	0x14008F33B	not_visited
0x14008F597	0x14008F33B	not_visited
0x14008F598	0x14008F33B	not_visited
0x14008F5E8	0x14008F33B	not_visited
0x14008F5F0	0x14008F33B	not_visited
0x14008F5F8	0x14008F33B	not_visited
0x140092A30	0x140090853	not_visited
0x140092A41	0x140090853	not_visited
0x140092A4C	0x140090853	not_visited
0x140092A68	0x140090853	not_visited
0x140092A69	0x140090853	not_visited
0x140092A70	0x140090853	not_visited
0x140092ACD	0x140090853	not_visited
0x140092ADC	0x140090853	not_visited
0x140092B14	0x140090853	not_visited
0x140092B29	0x140090853	not_visited
0x140092B30	0x140090853	not_visited
0x140092B40	0x140090853	not_visited
0x140092B70	0x140090853	not_visited
0x140092B96	0x140090853	not_visited
0x140092B97	0x140090853	not_visited
0x140092B9E	0x140090853	not_visited
0x140092BA6	0x140090853	not_visited
0x140092BA7	0x140090853	not_visited
0x140092BA8	0x140090853	not_visited
0x140092BA9	0x140090853	not_visited
0x140092BAA	0x140090853	not_visited
0x140092BAB	0x140090853	not_visited
0x140092BAC	0x140090853	not_visited
0x140092BB7	0x140090853	not_visited
0x140092BB8	0x140090853	not_visited
0x140092BC1	0x140090853	not_visited
0x140092BC8	0x140090853	not_visited
0x140092BC9	0x140090853	not_visited
0x140092BCA	0x140090853	not_visited
0x140092BCB	0x140090853	not_visited
0x140092BCC	0x140090853	not_visited
0x140092BCE	0x140090853	not_visited
0x140092BD3	0x140090853	not_visited
0x140092BDC	0x140090853	not_visited
0x140092BF0	0x140090853	not_visited
0x140092C01	0x140090853	not_visited
0x140092C2F	0x140090853	not_visited
0x140092C30	0x140090853	not_visited
0x1400978E9	0x14009789D	not_visited
0x1400978F9	0x14009789D	not_visited
0x1400978FD	0x14009789D	not_visited
0x140097900	0x14009789D	not_visited
0x140097921	0x14009789D	not_visited
0x14009792C	0x14009789D	not_visited
0x14009CDFC	0x14009CD70	not_visited
0x14009CE08	0x14009CD70	not_visited
0x14009CE4C	0x14009CD70	not_visited
0x1400A1BBC	0x1400A1B64	not_visited
0x1400A1BDC	0x1400A1B64	not_visited
0x1400A1C0C	0x1400A1B64	not_visited
0x1400A1C28	0x1400A1B64	not_visited
0x1400A1C29	0x1400A1B64	not_visited
0x1400A1C39	0x1400A1B64	not_visited
0x1400A1C48	0x1400A1B64	not_visited
0x1400A6A54	0x1400A69AE	not_visited
0x1400A6A7D	0x1400A69AE	not_visited
0x1400A6A80	0x1400A69AE	not_visited
0x1400A6A81	0x1400A69AE	not_visited
0x1400A6A89	0x1400A69AE	not_visited
0x1400A6A8D	0x1400A69AE	not_visited
0x1400A6A91	0x1400A69AE	not_visited
0x1400AAA80	0x1400AAA20	not_visited
0x1400AAAA0	0x1400AAA20	not_visited
0x1400ACFA0		not_visited
0x1400ACFA4		not_visited
0x1400ACFA8		not_visited
0x1400ACFB4		not_visited
0x1400B5020	0x1400B4FE8	not_visited
0x1400B5064	0x1400B4FE8	not_visited
0x1400B506C	0x1400B4FE8	not_visited
0x1400BBF8C	0x1400BBF00	not_visited
0x1400BBFBC	0x1400BBF00	not_visited
0x1400BBFCC	0x1400BBF00	not_visited
0x1400BBFD4	0x1400BBF00	not_visited
0x1400BC010	0x1400BBF00	not_visited
0x1400BC955	0x1400BC941	not_visited
0x1400BC95D	0x1400BC941	not_visited
0x1400BC960	0x1400BC941	not_visited
0x1400BC965	0x1400BC941	not_visited
0x1400BC96D	0x1400BC941	not_visited
0x1400BC974	0x1400BC941	not_visited
0x1400BC979	0x1400BC941	not_visited
0x1400BC9B4	0x1400BC941	not_visited
0x1400BC9B5	0x1400BC941	not_visited
0x1400BC9CD	0x1400BC941	not_visited
0x1400BC9D4	0x1400BC941	not_visited
0x1400BC9E1	0x1400BC941	not_visited
0x1400BC9E9	0x1400BC941	not_visited
0x1400BC9ED	0x1400BC941	not_visited
0x1400BCA01	0x1400BC941	not_visited
0x1400BCA05	0x1400BC941	not_visited
0x1400BCA7A	0x1400BC941	not_visited
0x1400BCA7B	0x1400BC941	not_visited
0x1400BCA8D	0x1400BC941	not_visited
0x1400C313C	0x1400C3122	not_visited
0x1400C3145	0x1400C3122	not_visited
0x1400C98D4	0x1400C98A0	not_visited
0x1400CC2C8	0x1400CC220	not_visited
0x1400CDE10	0x1400CDBC0	not_visited
0x1400CDE18	0x1400CDBC0	not_visited
0x1400CED35	0x1400CED34	not_visited
0x1400CED38	0x1400CED34	not_visited
0x1400CED39	0x1400CED34	not_visited
0x1400CED44	0x1400CED34	not_visited
0x1400CED68	0x1400CED34	not_visited
0x1400CED88	0x1400CED34	not_visited
0x1400CED9C	0x1400CED34	not_visited
0x1400CFE60		not_visited
0x1400D18E9	0x1400D0D40	not_visited
0x1400D190D	0x1400D0D40	not_visited
0x1400D6630	0x1400D60E0	not_visited
0x1400D6639	0x1400D60E0	not_visited
0x1400D6641	0x1400D60E0	not_visited
0x1400D6649	0x1400D60E0	not_visited
0x1400D6651	0x1400D60E0	not_visited
0x1400D6659	0x1400D60E0	not_visited
0x1400D6661	0x1400D60E0	not_visited
0x1400D667D	0x1400D60E0	not_visited
0x1400D6685	0x1400D60E0	not_visited
0x1400D6691	0x1400D60E0	not_visited
0x1400DA3C3	0x1400DA37B	not_visited
0x1400DA3C4	0x1400DA37B	not_visited
0x1400DA3C7	0x1400DA37B	not_visited
0x1400DA3C8	0x1400DA37B	not_visited
0x1400DA3CB	0x1400DA37B	not_visited
0x1400DA3D1	0x1400DA37B	not_visited
0x1400DA3D2	0x1400DA37B	not_visited
0x1400DA3D3	0x1400DA37B	not_visited
0x1400DA3D4	0x1400DA37B	not_visited
0x1400DA3D5	0x1400DA37B	not_visited
0x1400DA3D6	0x1400DA37B	not_visited
0x1400DA3D7	0x1400DA37B	not_visited
0x1400DA3D8	0x1400DA37B	not_visited
0x1400DA3D9	0x1400DA37B	not_visited
0x1400DA3DA	0x1400DA37B	not_visited
0x1400DA3DB	0x1400DA37B	not_visited
0x1400DA3E0	0x1400DA37B	not_visited
0x1400DA3E1	0x1400DA37B	not_visited
0x1400DA3E5	0x1400DA37B	not_visited
0x1400DA3E6	0x1400DA37B	not_visited
0x1400DA3E7	0x1400DA37B	not_visited
0x1400DA3E8	0x1400DA37B	not_visited
0x1400DCEA5	0x1400DCE0F	not_visited
0x1400DCEB1	0x1400DCE0F	not_visited
0x1400DCEB9	0x1400DCE0F	not_visited
0x1400DCF10	0x1400DCE0F	not_visited
0x1400DCF1D	0x1400DCE0F	not_visited
0x1400DCF25	0x1400DCE0F	not_visited
0x1400DCF41	0x1400DCE0F	not_visited
0x1400E298E	0x1400E296D	not_visited
0x1400E2996	0x1400E296D	not_visited
0x1400E299A	0x1400E296D	not_visited
0x1400E32EA	0x1400E2D70	not_visited
0x1400E32ED	0x1400E2D70	not_visited
0x1400E32F1	0x1400E2D70	not_visited
0x1400E32F5	0x1400E2D70	not_visited
0x1400E32F6	0x1400E2D70	not_visited
0x1400E32FD	0x1400E2D70	not_visited
0x1400E32FE	0x1400E2D70	not_visited
0x1400E3301	0x1400E2D70	not_visited
0x1400E3302	0x1400E2D70	not_visited
0x1400E3306	0x1400E2D70	not_visited
0x1400E330A	0x1400E2D70	not_visited
0x1400E330E	0x1400E2D70	not_visited
0x1400E3312	0x1400E2D70	not_visited
0x1400E3316	0x1400E2D70	not_visited
0x1400E331A	0x1400E2D70	not_visited
0x1400E3321	0x1400E2D70	not_visited
0x1400E3322	0x1400E2D70	not_visited
0x1400E332A	0x1400E2D70	not_visited
0x1400E3331	0x1400E2D70	not_visited
0x1400E3332	0x1400E2D70	not_visited
0x1400E3335	0x1400E2D70	not_visited
0x1400E3336	0x1400E2D70	not_visited
0x1400E3339	0x1400E2D70	not_visited
0x1400E333A	0x1400E2D70	not_visited
0x1400E333D	0x1400E2D70	not_visited
0x1400E333E	0x1400E2D70	not_visited
0x1400E3341	0x1400E2D70	not_visited
0x1400E3342	0x1400E2D70	not_visited
0x1400E3345	0x1400E2D70	not_visited
0x1400E3346	0x1400E2D70	not_visited
0x1400E3349	0x1400E2D70	not_visited
0x1400E334A	0x1400E2D70	not_visited
0x1400E3356	0x1400E2D70	not_visited
0x1400E8C8E	0x1400E8C75	not_visited
0x1400E9992	0x1400E90E0	not_visited
0x1400E9996	0x1400E90E0	not_visited
0x1400E999A	0x1400E90E0	not_visited
0x1400E999E	0x1400E90E0	not_visited
0x1400E99A2	0x1400E90E0	not_visited
0x1400E99A6	0x1400E90E0	not_visited
0x1400E99AE	0x1400E90E0	not_visited
0x1400E99B6	0x1400E90E0	not_visited
0x1400E99BE	0x1400E90E0	not_visited
0x1400E99C6	0x1400E90E0	not_visited
0x1400E99CA	0x1400E90E0	not_visited
0x1400E99CE	0x1400E90E0	not_visited
0x1400E99D2	0x1400E90E0	not_visited
0x1400E99D6	0x1400E90E0	not_visited
0x1400E99DA	0x1400E90E0	not_visited
0x1400EAF64	0x1400EACE0	not_visited
0x1400EAF66	0x1400EACE0	not_visited
0x1400EAF6A	0x1400EACE0	not_visited
0x1400EAF6E	0x1400EACE0	not_visited
0x1400EAF72	0x1400EACE0	not_visited
0x1400EAF76	0x1400EACE0	not_visited
0x1400EAF7A	0x1400EACE0	not_visited
0x1400EAF82	0x1400EACE0	not_visited
0x1400EAF86	0x1400EACE0	not_visited
0x1400EAF8A	0x1400EACE0	not_visited
0x1400EAF8E	0x1400EACE0	not_visited
0x1400EAF92	0x1400EACE0	not_visited
0x1400EAF96	0x1400EACE0	not_visited
0x1400EAF9A	0x1400EACE0	not_visited
0x1400EAF9E	0x1400EACE0	not_visited
0x1400EAFA2	0x1400EACE0	not_visited
0x1400EAFA6	0x1400EACE0	not_visited
0x1400EAFAE	0x1400EACE0	not_visited
0x1400EB24E	0x1400EAFB0	not_visited
0x1400EB252	0x1400EAFB0	not_visited
0x1400EB25A	0x1400EAFB0	not_visited
0x1400EBCAA	0x1400EBB20	not_visited
0x1400EBCB2	0x1400EBB20	not_visited
0x1400EBCBA	0x1400EBB20	not_visited
0x1400EBE56	0x1400EBDE5	not_visited
0x1400EBE5A	0x1400EBDE5	not_visited
0x1400EBE62	0x1400EBDE5	not_visited
0x1400EBE66	0x1400EBDE5	not_visited
0x1400ED906	0x1400ED8E4	not_visited
0x1400ED90E	0x1400ED8E4	not_visited
0x1400ED912	0x1400ED8E4	not_visited
0x1400ED91E	0x1400ED8E4	not_visited
0x1400ED95E	0x1400ED8E4	not_visited
0x1400ED962	0x1400ED8E4	not_visited
0x1400EDFDE	0x1400EDFB3	not_visited
0x1400EDFE2	0x1400EDFB3	not_visited
0x1400EDFEE	0x1400EDFB3	not_visited
0x1400EDFF2	0x1400EDFB3	not_visited
0x1400EDFF6	0x1400EDFB3	not_visited
0x1400EE640	0x1400EE5DB	not_visited
0x1400EE646	0x1400EE5DB	not_visited
0x1400EEBFA	0x1400EEBDC	not_visited
0x1400EEBFE	0x1400EEBDC	not_visited
0x1400EEC02	0x1400EEBDC	not_visited
0x1400EEC0A	0x1400EEBDC	not_visited
0x1400EEC0D	0x1400EEBDC	not_visited
0x1400EEC0E	0x1400EEBDC	not_visited
0x1400EEE16		not_visited
0x1400EEE1E		not_visited
0x1400EEE26		not_visited
0x1400EEE2A		not_visited
0x1400EEEDA		not_visited
0x1400EEEDE		not_visited
0x1400EEEE2		not_visited
0x1400EEEEA		not_visited
0x1400EF10E	0x1400EF104	not_visited
0x1400EF116	0x1400EF104	not_visited
0x1400EF119	0x1400EF104	not_visited
0x1400EF11E	0x1400EF104	not_visited
0x1400EF85E		not_visited
0x1400EFA52		not_visited
0x1400EFA56		not_visited
0x1400EFA5E		not_visited
0x1400EFA62		not_visited
0x1400EFB32	0x1400EFB1F	not_visited
0x1400EFB3A	0x1400EFB1F	not_visited
0x1400EFB3E	0x1400EFB1F	not_visited
0x1400EFC26		not_visited
0x1400EFC2A		not_visited
0x1400EFC32		not_visited
0x1400EFC3A		not_visited
0x1400EFC3E		not_visited
0x1400F053E	0x1400F01BF	not_visited
0x1400F0589	0x1400F01BF	not_visited
0x1400F1B05	0x1400F1989	not_visited
0x1400F1B0D	0x1400F1989	not_visited
0x1400F1B15	0x1400F1989	not_visited
0x1400F1B19	0x1400F1989	not_visited
0x1400F1B1D	0x1400F1989	not_visited
0x1400F1B25	0x1400F1989	not_visited
0x1400F1B29	0x1400F1989	not_visited
0x1400F2560	0x1400F254F	not_visited
0x1400F4815	0x1400F4730	not_visited
0x1400F60D6	0x1400F6020	not_visited
0x1400F60DA	0x1400F6020	not_visited
0x1400F60E6	0x1400F6020	not_visited
0x1400F60EA	0x1400F6020	not_visited
0x1400F60EE	0x1400F6020	not_visited
0x1400F60F2	0x1400F6020	not_visited
0x1400F60F6	0x1400F6020	not_visited
0x1400F6101	0x1400F6020	not_visited
0x1400F6109	0x1400F6020	not_visited
0x1400F68A1	0x1400F67DF	not_visited
0x1400F6EC0	0x1400F6DD2	not_visited
0x1400F6EEA	0x1400F6DD2	not_visited
0x1400F90B5	0x1400F8FCE	not_visited
0x1400F90CA	0x1400F8FCE	not_visited
0x1400F90DA	0x1400F8FCE	not_visited
0x1400F940E	0x1400F9310	not_visited
0x1400F9412	0x1400F9310	not_visited
0x1400F9416	0x1400F9310	not_visited
0x1400FFF10		not_visited
0x1401082E4	0x1401082C7	not_visited
0x140109385	0x14010932F	not_visited
0x14010A658	0x14010A490	not_visited
0x14010A660	0x14010A490	not_visited
0x14010D27D	0x14010D25C	not_visited
0x14010D289	0x14010D25C	not_visited
0x14010D28C	0x14010D25C	not_visited
0x14010D28D	0x14010D25C	not_visited
0x14010D291	0x14010D25C	not_visited
0x14010D2D1	0x14010D25C	not_visited
0x14010D2E1	0x14010D25C	not_visited
0x14010D2F5	0x14010D25C	not_visited
0x14010D2F9	0x14010D25C	not_visited
0x14010D2FD	0x14010D25C	not_visited
0x140112E58	0x140111670	not_visited
0x1401157B0	0x1401155EB	not_visited
0x14011B049	0x14011AA80	not_visited
0x14011B48C	0x14011B465	not_visited
0x14011BD80	0x14011BD51	not_visited
0x14011C99C	0x14011C5C6	not_visited
0x14011C9A1	0x14011C5C6	not_visited
0x14011C9A9	0x14011C5C6	not_visited
0x14011C9AD	0x14011C5C6	not_visited
0x14011CF1C	0x14011CBE0	not_visited
0x14011CF31	0x14011CBE0	not_visited
0x14011CF34	0x14011CBE0	not_visited
0x14011CF3E	0x14011CBE0	not_visited
0x14011CF3F	0x14011CBE0	not_visited
0x14011CF40	0x14011CBE0	not_visited
0x14011CF41	0x14011CBE0	not_visited
0x14011CF42	0x14011CBE0	not_visited
0x14011CF43	0x14011CBE0	not_visited
0x14011CF44	0x14011CBE0	not_visited
0x14011CF45	0x14011CBE0	not_visited
0x14011CF48	0x14011CBE0	not_visited
0x14011CF49	0x14011CBE0	not_visited
0x14011CF4A	0x14011CBE0	not_visited
0x14011CF4B	0x14011CBE0	not_visited
0x14011CF4C	0x14011CBE0	not_visited
0x14011CF4D	0x14011CBE0	not_visited
0x14011CF4E	0x14011CBE0	not_visited
0x14011CF4F	0x14011CBE0	not_visited
0x14011CF52	0x14011CBE0	not_visited
0x14011CF53	0x14011CBE0	not_visited
0x14011CF54	0x14011CBE0	not_visited
0x14011CF55	0x14011CBE0	not_visited
0x14011CF56	0x14011CBE0	not_visited
0x14011CF57	0x14011CBE0	not_visited
0x14011CF58	0x14011CBE0	not_visited
0x14011CF59	0x14011CBE0	not_visited
0x14011CF5C	0x14011CBE0	not_visited
0x14011CF5D	0x14011CBE0	not_visited
0x14011CF5E	0x14011CBE0	not_visited
0x14011CF5F	0x14011CBE0	not_visited
0x14011CF60	0x14011CBE0	not_visited
0x14011CF61	0x14011CBE0	not_visited
0x14011CF62	0x14011CBE0	not_visited
0x14011CF63	0x14011CBE0	not_visited
0x14011F69C	0x14011F65C	not_visited
0x14011F6A2	0x14011F65C	not_visited
0x14011F6A3	0x14011F65C	not_visited
0x14011F6A4	0x14011F65C	not_visited
0x14011F6A5	0x14011F65C	not_visited
0x14011F6A6	0x14011F65C	not_visited
0x14011F6A7	0x14011F65C	not_visited
0x14011F6A8	0x14011F65C	not_visited
0x14011F6A9	0x14011F65C	not_visited
0x14011F6AC	0x14011F65C	not_visited
0x14011F6AD	0x14011F65C	not_visited
0x14011F6AE	0x14011F65C	not_visited
0x14011F6AF	0x14011F65C	not_visited
0x14011F6B0	0x14011F65C	not_visited
0x14011F6B1	0x14011F65C	not_visited
0x14011F6B2	0x14011F65C	not_visited
0x14011F6B3	0x14011F65C	not_visited
0x14011F6B6	0x14011F65C	not_visited
0x14011F6B7	0x14011F65C	not_visited
0x14011F6B8	0x14011F65C	not_visited
0x14011F6BB	0x14011F65C	not_visited
0x14011F6BC	0x14011F65C	not_visited
0x14011F6BD	0x14011F65C	not_visited
0x1401208E4	0x1401208CE	not_visited
0x14012436A	0x140123E50	not_visited
0x14012436B	0x140123E50	not_visited
0x140124BE8	0x1401243F0	not_visited
0x140124C00	0x1401243F0	not_visited
0x140124C1C	0x1401243F0	not_visited
0x140124C20	0x1401243F0	not_visited
0x140124C24	0x1401243F0	not_visited
0x140124C28	0x1401243F0	not_visited
0x140126D88	0x140126B3A	not_visited
0x14012E498	0x14012E479	not_visited
0x140131C35	0x140131810	not_visited
0x140131C36	0x140131810	not_visited
0x140131C37	0x140131810	not_visited
0x140131C38	0x140131810	not_visited
0x140131C39	0x140131810	not_visited
0x140131C3A	0x140131810	not_visited
0x140131C3B	0x140131810	not_visited
0x140131C3C	0x140131810	not_visited
0x140131C6D	0x140131810	not_visited
0x140131C6E	0x140131810	not_visited
0x140131C6F	0x140131810	not_visited
0x140131C70	0x140131810	not_visited
0x140131C71	0x140131810	not_visited
0x140131C72	0x140131810	not_visited
0x140131C73	0x140131810	not_visited
0x140131C74	0x140131810	not_visited
0x140131CF2	0x140131CF0	inside_visited_instruction
0x140132759	0x140131CF0	not_visited
0x140132765	0x140131CF0	not_visited
0x140132771	0x140131CF0	not_visited
0x140132775	0x140131CF0	not_visited
0x140132779	0x140131CF0	not_visited
0x14013277D	0x140131CF0	not_visited
0x140132780	0x140131CF0	not_visited
0x140132781	0x140131CF0	not_visited
0x140132784	0x140131CF0	not_visited
0x140132785	0x140131CF0	not_visited
0x1401327E4	0x140131CF0	not_visited
0x140139EC8	0x140139E6E	not_visited
0x14013CE18		not_visited
0x14013CE19		not_visited
0x14013CE25		not_visited
0x14013CE28		not_visited
0x14013CE29		not_visited
0x14013CE38		not_visited
0x14013CE39		not_visited
0x14013CE41		not_visited
0x14013CE51		not_visited
0x14013CE54		not_visited
0x14013CE55		not_visited
0x14013CE5C		not_visited
0x14013CE5D		not_visited
0x14013CEF4		not_visited
0x14013CEF5		not_visited
0x14013CEF9		not_visited
0x14013CEFD		not_visited
0x14013CF01		not_visited
0x14013CF05		not_visited
0x14013CF11		not_visited
0x14013CF21		not_visited
0x14013CF24		not_visited
0x14013CF25		not_visited
0x14013CF29		not_visited
0x14013CF2C		not_visited
0x14013CF2D		not_visited
0x14013CF38		not_visited
0x14013CF45		not_visited
0x14014066C	0x140140420	not_visited
0x140141811	0x14014143E	not_visited
0x140141815	0x14014143E	not_visited
0x140141819	0x14014143E	not_visited
0x140142CA0	0x140142C90	not_visited
0x140145B74	0x140145A90	not_visited
0x140145B75	0x140145A90	not_visited
0x140145B76	0x140145A90	not_visited
0x140145B77	0x140145A90	not_visited
0x140145B78	0x140145A90	not_visited
0x140145B79	0x140145A90	not_visited
0x140145B7A	0x140145A90	not_visited
0x140145B7B	0x140145A90	not_visited
0x140145B7C	0x140145A90	not_visited
0x140145B7D	0x140145A90	not_visited
0x140145B7E	0x140145A90	not_visited
0x140145B7F	0x140145A90	not_visited
0x140145B80	0x140145A90	not_visited
0x140145B81	0x140145A90	not_visited
0x140145B82	0x140145A90	not_visited
0x140145B83	0x140145A90	not_visited
0x140145B84	0x140145A90	not_visited
0x140145B85	0x140145A90	not_visited
0x140145B86	0x140145A90	not_visited
0x140145B87	0x140145A90	not_visited
0x140145B88	0x140145A90	not_visited
0x140145B89	0x140145A90	not_visited
0x140145B8A	0x140145A90	not_visited
0x140145B8B	0x140145A90	not_visited
0x140145B8C	0x140145A90	not_visited
0x140145B8D	0x140145A90	not_visited
0x140145B8E	0x140145A90	not_visited
0x140145B8F	0x140145A90	not_visited
0x140145B90	0x140145A90	not_visited
0x140145B91	0x140145A90	not_visited
0x140145B92	0x140145A90	not_visited
0x140145B93	0x140145A90	not_visited
0x140145B94	0x140145A90	not_visited
0x140145B95	0x140145A90	not_visited
0x140145B96	0x140145A90	not_visited
0x140145B97	0x140145A90	not_visited
0x140145B98	0x140145A90	not_visited
0x140145B99	0x140145A90	not_visited
0x140145B9A	0x140145A90	not_visited
0x140145B9B	0x140145A90	not_visited
0x140145B9C	0x140145A90	not_visited
0x140145B9D	0x140145A90	not_visited
0x140145B9E	0x140145A90	not_visited
0x140145B9F	0x140145A90	not_visited
0x140145BA0	0x140145A90	not_visited
0x140145BA1	0x140145A90	not_visited
0x140145BA2	0x140145A90	not_visited
0x140145BA3	0x140145A90	not_visited
0x140145BA4	0x140145A90	not_visited
0x140145BA5	0x140145A90	not_visited
0x140145BA6	0x140145A90	not_visited
0x140145BA7	0x140145A90	not_visited
0x140145BA8	0x140145A90	not_visited
0x140145BA9	0x140145A90	not_visited
0x140145BAA	0x140145A90	not_visited
0x140145BAB	0x140145A90	not_visited
0x140145BAC	0x140145A90	not_visited
0x140145BAD	0x140145A90	not_visited
0x140145BAE	0x140145A90	not_visited
0x140145BAF	0x140145A90	not_visited
0x140145BB0	0x140145A90	not_visited
0x140145BB1	0x140145A90	not_visited
0x140145BB2	0x140145A90	not_visited
0x140145BB3	0x140145A90	not_visited
0x140145BB4	0x140145A90	not_visited
0x140145BB5	0x140145A90	not_visited
0x140145BB6	0x140145A90	not_visited
0x140145BB7	0x140145A90	not_visited
0x140145BB8	0x140145A90	not_visited
0x140145BB9	0x140145A90	not_visited
0x140145BBA	0x140145A90	not_visited
0x140145BBB	0x140145A90	not_visited
0x140145BBC	0x140145A90	not_visited
0x140145BBD	0x140145A90	not_visited
0x140145BBE	0x140145A90	not_visited
0x140145BBF	0x140145A90	not_visited
0x140145BC0	0x140145A90	not_visited
0x140145BC1	0x140145A90	not_visited
0x140145BC2	0x140145A90	not_visited
0x140145BC3	0x140145A90	not_visited
0x140145BC4	0x140145A90	not_visited
0x140145BC5	0x140145A90	not_visited
0x140145BC6	0x140145A90	not_visited
0x140145BC7	0x140145A90	not_visited
0x140145BC8	0x140145A90	not_visited
0x140145BC9	0x140145A90	not_visited
0x140145BCA	0x140145A90	not_visited
0x140145BCB	0x140145A90	not_visited
0x140145BCC	0x140145A90	not_visited
0x140145BCD	0x140145A90	not_visited
0x140145BCE	0x140145A90	not_visited
0x140145BCF	0x140145A90	not_visited
0x140145BD0	0x140145A90	not_visited
0x140145BD1	0x140145A90	not_visited
0x140145BD2	0x140145A90	not_visited
0x140145BD3	0x140145A90	not_visited
0x140145BD4	0x140145A90	not_visited
0x140145BD5	0x140145A90	not_visited
0x140145BD6	0x140145A90	not_visited
0x140145BD7	0x140145A90	not_visited
0x140145BD8	0x140145A90	not_visited
0x140145BD9	0x140145A90	not_visited
0x140145BDA	0x140145A90	not_visited
0x140145BDB	0x140145A90	not_visited
0x140145BDC	0x140145A90	not_visited
0x140145BDD	0x140145A90	not_visited
0x140145BDE	0x140145A90	not_visited
0x140145BDF	0x140145A90	not_visited
0x140145BE0	0x140145A90	not_visited
0x140145BE1	0x140145A90	not_visited
0x140145BE2	0x140145A90	not_visited
0x140145BE3	0x140145A90	not_visited
0x140145BE4	0x140145A90	not_visited
0x140145BE5	0x140145A90	not_visited
0x140145BE6	0x140145A90	not_visited
0x140145BE7	0x140145A90	not_visited
0x140145BE8	0x140145A90	not_visited
0x140145BE9	0x140145A90	not_visited
0x140145BEA	0x140145A90	not_visited
0x140145BEB	0x140145A90	not_visited
0x140145BEC	0x140145A90	not_visited
0x140145BED	0x140145A90	not_visited
0x140145BEE	0x140145A90	not_visited
0x140145BEF	0x140145A90	not_visited
0x140145BF2	0x140145A90	not_visited
0x140149470	0x140149391	not_visited
0x140149485	0x140149391	not_visited
0x140149486	0x140149391	not_visited
0x140149487	0x140149391	not_visited
0x140149488	0x140149391	not_visited
0x140149489	0x140149391	not_visited
0x14014948A	0x140149391	not_visited
0x14014948B	0x140149391	not_visited
0x14014948C	0x140149391	not_visited
0x14014948D	0x140149391	not_visited
0x14014948E	0x140149391	not_visited
0x14014948F	0x140149391	not_visited
0x140149490	0x140149391	not_visited
0x140149491	0x140149391	not_visited
0x140149492	0x140149391	not_visited
0x140149493	0x140149391	not_visited
0x140149494	0x140149391	not_visited
0x140149495	0x140149391	not_visited
0x140149496	0x140149391	not_visited
0x140149497	0x140149391	not_visited
0x140149498	0x140149391	not_visited
0x140149499	0x140149391	not_visited
0x14014949A	0x140149391	not_visited
0x14014949B	0x140149391	not_visited
0x14014949C	0x140149391	not_visited
0x14014949D	0x140149391	not_visited
0x14014949E	0x140149391	not_visited
0x14014949F	0x140149391	not_visited
0x1401494A0	0x140149391	not_visited
0x1401494A1	0x140149391	not_visited
0x1401494A2	0x140149391	not_visited
0x1401494A3	0x140149391	not_visited
0x1401494A4	0x140149391	not_visited
0x1401494A5	0x140149391	not_visited
0x1401494A6	0x140149391	not_visited
0x1401494A7	0x140149391	not_visited
0x1401494A8	0x140149391	not_visited
0x1401494A9	0x140149391	not_visited
0x1401494AA	0x140149391	not_visited
0x1401494AB	0x140149391	not_visited
0x1401494AC	0x140149391	not_visited
0x1401494AD	0x140149391	not_visited
0x1401494AE	0x140149391	not_visited
0x1401494AF	0x140149391	not_visited
0x1401494B0	0x140149391	not_visited
0x1401494B1	0x140149391	not_visited
0x14014C4DC	0x14014C4AB	not_visited
0x14014C4E1	0x14014C4AB	not_visited
0x14014D7A8	0x14014D78F	not_visited
0x14014D7AD	0x14014D78F	not_visited
0x14014D7B5	0x14014D78F	not_visited
0x14014D7B9	0x14014D78F	not_visited
0x14014D7C5	0x14014D78F	not_visited
0x14014D7C9	0x14014D78F	not_visited
0x14014D7CD	0x14014D78F	not_visited
0x14014D7D4	0x14014D78F	not_visited
0x14014D7D9	0x14014D78F	not_visited
0x14014D7E1	0x14014D78F	not_visited
0x14014D7E5	0x14014D78F	not_visited
0x14014F094	0x14014E8A0	not_visited
0x14014F0E4	0x14014E8A0	not_visited
0x14014F5E8	0x14014F2B0	not_visited
0x14014F5F8	0x14014F2B0	not_visited
0x14014F628	0x14014F2B0	not_visited
0x14014F62C	0x14014F2B0	not_visited
0x14014F630	0x14014F2B0	not_visited
0x1401547D9	0x14015467F	not_visited
0x140159205	0x140158A90	not_visited
0x140159221	0x140158A90	not_visited
0x140159229	0x140158A90	not_visited
0x140159231	0x140158A90	not_visited
0x140160212	0x1401600D0	not_visited
0x14016021A	0x1401600D0	not_visited
0x1401606F2	0x1401604D0	not_visited
0x1401606F9	0x1401604D0	not_visited
0x1401606FA	0x1401604D0	not_visited
0x1401606FD	0x1401604D0	not_visited
0x1401606FE	0x1401604D0	not_visited
0x140160701	0x1401604D0	not_visited
0x140160702	0x1401604D0	not_visited
0x140160705	0x1401604D0	not_visited
0x140160706	0x1401604D0	not_visited
0x140160709	0x1401604D0	not_visited
0x14016070A	0x1401604D0	not_visited
0x14016070D	0x1401604D0	not_visited
0x14016070E	0x1401604D0	not_visited
0x140160711	0x1401604D0	not_visited
0x140160712	0x1401604D0	not_visited
0x140160715	0x1401604D0	not_visited
0x140160716	0x1401604D0	not_visited
0x14016181A	0x140161530	not_visited
0x14016181D	0x140161530	not_visited
0x14016181E	0x140161530	not_visited
0x140161821	0x140161530	not_visited
0x140161822	0x140161530	not_visited
0x140161FA6	0x140161840	not_visited
0x140161FB2	0x140161840	not_visited
0x140161FB6	0x140161840	not_visited
0x140161FBA	0x140161840	not_visited
0x140161FCE	0x140161840	not_visited
0x140161FE6	0x140161840	not_visited
0x140162002	0x140161840	not_visited
0x140162666	0x14016264B	not_visited
0x14016266E	0x14016264B	not_visited
0x140162694	0x14016264B	not_visited
0x140162695	0x14016264B	not_visited
0x140162699	0x14016264B	not_visited
0x14016269D	0x14016264B	not_visited
0x140165BAE		not_visited
0x140165BB6		not_visited
0x140165CB6		not_visited
0x140165CBE		not_visited
0x140165CC6		not_visited
0x140165CCE		not_visited
0x140165CD6		not_visited
0x140166EFE	0x140166EDA	not_visited
0x140166F02	0x140166EDA	not_visited
0x140166F06	0x140166EDA	not_visited
0x140166F0A	0x140166EDA	not_visited
0x140166F0E	0x140166EDA	not_visited
0x140166F12	0x140166EDA	not_visited
0x140166F16	0x140166EDA	not_visited
0x140166F1A	0x140166EDA	not_visited
0x140166F1E	0x140166EDA	not_visited
0x140166F29		not_visited
0x14016A32A	0x14016A30C	not_visited
0x14016A32E	0x14016A30C	not_visited
0x14016A332	0x14016A30C	not_visited
0x14016A336	0x14016A30C	not_visited
0x14016A33A	0x14016A30C	not_visited
0x14016A33E	0x14016A30C	not_visited
0x14016A342	0x14016A30C	not_visited
0x14016A346	0x14016A30C	not_visited
0x14016A34E	0x14016A30C	not_visited
0x14016A356	0x14016A30C	not_visited
0x14016A35A	0x14016A30C	not_visited
0x14016A35E	0x14016A30C	not_visited
0x14016A366	0x14016A30C	not_visited
0x14016A36A	0x14016A30C	not_visited
0x14016A3A9	0x14016A30C	not_visited
0x14016A3AA	0x14016A30C	not_visited
0x14016A3AF	0x14016A30C	not_visited
0x14016A3B0	0x14016A30C	not_visited
0x14016A3B1	0x14016A30C	not_visited
0x14016A3B6	0x14016A30C	not_visited
0x14016A3B7	0x14016A30C	not_visited
0x14016A3B8	0x14016A30C	not_visited
0x14016A3BD	0x14016A30C	not_visited
0x14016A3BE	0x14016A30C	not_visited
0x14016A3BF	0x14016A30C	not_visited
0x14016A3C4	0x14016A30C	not_visited
0x14016A3C5	0x14016A30C	not_visited
0x14016A3C6	0x14016A30C	not_visited
0x14016A3EF	0x14016A30C	not_visited
0x14016AC52	0x14016AC28	not_visited
0x14016AC5A	0x14016AC28	not_visited
0x14016AC5E	0x14016AC28	not_visited
0x14016AC62	0x14016AC28	not_visited
0x14016AC6A	0x14016AC28	not_visited
0x14016AC6E	0x14016AC28	not_visited
0x14016AC72	0x14016AC28	not_visited
0x14016AC76	0x14016AC28	not_visited
0x14016AC7E	0x14016AC28	not_visited
0x14016AC86	0x14016AC28	not_visited
0x14016AC8A	0x14016AC28	not_visited
0x14016AC8E	0x14016AC28	not_visited
0x14016AC92	0x14016AC28	not_visited
0x14016AC96	0x14016AC28	not_visited
0x14016AC9A	0x14016AC28	not_visited
0x14016AC9E	0x14016AC28	not_visited
0x14016ACA6	0x14016AC28	not_visited
0x14016ACAA	0x14016AC28	not_visited
0x14016ACDC	0x14016AC28	not_visited
0x14016ACDD	0x14016AC28	not_visited
0x14016ACDE	0x14016AC28	not_visited
0x14016ACDF	0x14016AC28	not_visited
0x14016ACE0	0x14016AC28	not_visited
0x14016ACE1	0x14016AC28	not_visited
0x14016ACE2	0x14016AC28	not_visited
0x14016AD0C	0x14016AC28	not_visited
0x14016AD0E	0x14016AC28	not_visited
0x14016B2EE	0x14016AE50	not_visited
0x14016B2F2	0x14016AE50	not_visited
0x14016B2F6	0x14016AE50	not_visited
0x14016B2FA	0x14016AE50	not_visited
0x14016B2FE	0x14016AE50	not_visited
0x14016B302	0x14016AE50	not_visited
0x14016B306	0x14016AE50	not_visited
0x14016B30A	0x14016AE50	not_visited
0x14016B30E	0x14016AE50	not_visited
0x14016B312	0x14016AE50	not_visited
0x14016B316	0x14016AE50	not_visited
0x14016B31A	0x14016AE50	not_visited
0x14016B31E	0x14016AE50	not_visited
0x14016B322	0x14016AE50	not_visited
0x14016B326	0x14016AE50	not_visited
0x14016B32A	0x14016AE50	not_visited
0x14016B32E	0x14016AE50	not_visited
0x14016B332	0x14016AE50	not_visited
0x14016B336	0x14016AE50	not_visited
0x14016B33A	0x14016AE50	not_visited
0x14016B33E	0x14016AE50	not_visited
0x14016B342	0x14016AE50	not_visited
0x14016B346	0x14016AE50	not_visited
0x14016B352	0x14016AE50	not_visited
0x14016B356	0x14016AE50	not_visited
0x14016B35A	0x14016AE50	not_visited
0x14016B35E	0x14016AE50	not_visited
0x14016B362	0x14016AE50	not_visited
0x14016B36A	0x14016AE50	not_visited
0x14016B386	0x14016AE50	not_visited
0x14016B38A	0x14016AE50	not_visited
0x14016B3AE	0x14016AE50	not_visited
0x14016D192	0x14016D171	not_visited
0x14016D196	0x14016D171	not_visited
0x14016D19A	0x14016D171	not_visited
0x14016D9B6	0x14016D8EF	not_visited
0x14016D9BE	0x14016D8EF	not_visited
0x14016D9CA	0x14016D8EF	not_visited
0x14016EA0A		not_visited
0x14016EA32		not_visited
0x14016EA36		not_visited
0x1401745A9	0x140174550	not_visited
0x1401745B1	0x140174550	not_visited
0x140177492	0x140177360	not_visited
0x1401774F6	0x140177360	not_visited
0x140177C7A	0x140177C44	not_visited
0x14017859E	0x14017857D	not_visited
0x1401785A2	0x14017857D	not_visited
0x1401785A6	0x14017857D	not_visited
0x1401785AA	0x14017857D	not_visited
0x1401785C2	0x14017857D	not_visited
0x1401785D6	0x14017857D	not_visited
0x1401785DA	0x14017857D	not_visited
0x1401785DD	0x14017857D	not_visited
0x1401785DE	0x14017857D	not_visited
0x1401785E2	0x14017857D	not_visited
0x140178649	0x14017857D	not_visited
0x140178DFA	0x140178C80	not_visited
0x140178E0D	0x140178C80	not_visited
0x140178E10	0x140178C80	not_visited
0x140178E11	0x140178C80	not_visited
0x140178E12	0x140178C80	not_visited
0x140178E13	0x140178C80	not_visited
0x140178E14	0x140178C80	not_visited
0x140178E15	0x140178C80	not_visited
0x140178E16	0x140178C80	not_visited
0x140178E17	0x140178C80	not_visited
0x140178E18	0x140178C80	not_visited
0x140178E19	0x140178C80	not_visited
0x140178E1A	0x140178C80	not_visited
0x140178E1D	0x140178C80	not_visited
0x140178E1E	0x140178C80	not_visited
0x140178E1F	0x140178C80	not_visited
0x140178E20	0x140178C80	not_visited
0x140178E21	0x140178C80	not_visited
0x140178E24	0x140178C80	not_visited
0x140178E27	0x140178C80	not_visited
0x140178E28	0x140178C80	not_visited
0x140178E29	0x140178C80	not_visited
0x140178E2A	0x140178C80	not_visited
0x140178E2B	0x140178C80	not_visited
0x140178E2C	0x140178C80	not_visited
0x140178E2D	0x140178C80	not_visited
0x140178E2E	0x140178C80	not_visited
0x140178E2F	0x140178C80	not_visited
0x140178E30	0x140178C80	not_visited
0x140178E33	0x140178C80	not_visited
0x140178E34	0x140178C80	not_visited
0x140178E37	0x140178C80	not_visited
0x140178E38	0x140178C80	not_visited
0x140178E39	0x140178C80	not_visited
0x140178E3A	0x140178C80	not_visited
0x140178E3B	0x140178C80	not_visited
0x140178E3C	0x140178C80	not_visited
0x140178E3D	0x140178C80	not_visited
0x140178E3E	0x140178C80	not_visited
0x140178E3F	0x140178C80	not_visited
0x140178E40	0x140178C80	not_visited
0x140178E41	0x140178C80	not_visited
0x140178E42	0x140178C80	not_visited
0x140178E43	0x140178C80	not_visited
0x140178E44	0x140178C80	not_visited
0x140178E45	0x140178C80	not_visited
0x140178E46	0x140178C80	not_visited
0x140178E47	0x140178C80	not_visited
0x140178E48	0x140178C80	not_visited
0x140178E49	0x140178C80	not_visited
0x140178E4A	0x140178C80	not_visited
0x140178E4B	0x140178C80	not_visited
0x140178E4C	0x140178C80	not_visited
0x140178E4D	0x140178C80	not_visited
0x140178E4E	0x140178C80	not_visited
0x140178E4F	0x140178C80	not_visited
0x140178E50	0x140178C80	not_visited
0x140178E51	0x140178C80	not_visited
0x140178E52	0x140178C80	not_visited
0x140178E53	0x140178C80	not_visited
0x140178E54	0x140178C80	not_visited
0x140178E55	0x140178C80	not_visited
0x140178E56	0x140178C80	not_visited
0x140178E57	0x140178C80	not_visited
0x140178E58	0x140178C80	not_visited
0x140178E59	0x140178C80	not_visited
0x140178E5A	0x140178C80	not_visited
0x140178E5D	0x140178C80	not_visited
0x140178E60	0x140178C80	not_visited
0x140178E61	0x140178C80	not_visited
0x140178E62	0x140178C80	not_visited
0x140178E63	0x140178C80	not_visited
0x140178E64	0x140178C80	not_visited
0x140178E69	0x140178C80	not_visited
0x140178E6A	0x140178C80	not_visited
0x140178E6B	0x140178C80	not_visited
0x140178E6C	0x140178C80	not_visited
0x140178E6D	0x140178C80	not_visited
0x140178E6E	0x140178C80	not_visited
0x140178E6F	0x140178C80	not_visited
0x140178E72	0x140178C80	not_visited
0x140178E77	0x140178C80	not_visited
0x140178E78	0x140178C80	not_visited
0x140178E79	0x140178C80	not_visited
0x140178E7A	0x140178C80	not_visited
0x140178E7B	0x140178C80	not_visited
0x140178E7C	0x140178C80	not_visited
0x14017964A	0x140178F70	not_visited
0x140179652	0x140178F70	not_visited
0x14017965A	0x140178F70	not_visited
0x14017965E	0x140178F70	not_visited
0x140179662	0x140178F70	not_visited
0x140179666	0x140178F70	not_visited
0x14017966E	0x140178F70	not_visited
0x140179672	0x140178F70	not_visited
0x14017967A	0x140178F70	not_visited
0x14017967E	0x140178F70	not_visited
0x140179682	0x140178F70	not_visited
0x140179686	0x140178F70	not_visited
0x14017968A	0x140178F70	not_visited
0x14017968E	0x140178F70	not_visited
0x140179696	0x140178F70	not_visited
0x14017969A	0x140178F70	not_visited
0x14017969E	0x140178F70	not_visited
0x1401796A2	0x140178F70	not_visited
0x1401796A6	0x140178F70	not_visited
0x1401796AA	0x140178F70	not_visited
0x1401796B2	0x140178F70	not_visited
0x1401796BA	0x140178F70	not_visited
0x1401796BE	0x140178F70	not_visited
0x1401796C2	0x140178F70	not_visited
0x1401796C6	0x140178F70	not_visited
0x1401796CA	0x140178F70	not_visited
0x1401796D2	0x140178F70	not_visited
0x1401796D6	0x140178F70	not_visited
0x1401796DA	0x140178F70	not_visited
0x1401796E2	0x140178F70	not_visited
0x1401796E6	0x140178F70	not_visited
0x1401796EA	0x140178F70	not_visited
0x1401796F2	0x140178F70	not_visited
0x1401796F6	0x140178F70	not_visited
0x140179AEA	0x140179920	not_visited
0x140179AEE	0x140179920	not_visited
0x140179AF2	0x140179920	not_visited
0x140179AF6	0x140179920	not_visited
0x140179AFA	0x140179920	not_visited
0x140179AFE	0x140179920	not_visited
0x140179B02	0x140179920	not_visited
0x140179B06	0x140179920	not_visited
0x140179B0A	0x140179920	not_visited
0x140179B0E	0x140179920	not_visited
0x140179F8A	0x140179F70	not_visited
0x140179F8E	0x140179F70	not_visited
0x140179F96	0x140179F70	not_visited
0x140179F9E	0x140179F70	not_visited
0x140179FA2	0x140179F70	not_visited
0x14017A31A	0x14017A2DD	not_visited
0x14017AA7A	0x14017AA5E	not_visited
0x14017AA82	0x14017AA5E	not_visited
0x14017AA8A	0x14017AA5E	not_visited
0x14017AA92	0x14017AA5E	not_visited
0x14017AA96	0x14017AA5E	not_visited
0x14017AAA2	0x14017AA5E	not_visited
0x14017AAAA	0x14017AA5E	not_visited
0x14017B652	0x14017B482	not_visited
0x14017BC9A	0x14017BC8C	not_visited
0x14017BC9E	0x14017BC8C	not_visited
0x14017BCAA	0x14017BC8C	not_visited
0x14017BCB2	0x14017BC8C	not_visited
0x14017C1BE	0x14017C1AA	not_visited
0x14017C1C2	0x14017C1AA	not_visited
0x14017C1CA	0x14017C1AA	not_visited
0x14017C1CE	0x14017C1AA	not_visited
0x14017CB0A	0x14017CAE9	not_visited
0x14017CB0D	0x14017CAE9	not_visited
0x14017CB0E	0x14017CAE9	not_visited
0x14017CB11	0x14017CAE9	not_visited
0x14017CB12	0x14017CAE9	not_visited
0x14017DB95	0x14017D9A4	not_visited
0x14017DB96	0x14017D9A4	not_visited
0x14017DB99	0x14017D9A4	not_visited
0x14017DB9A	0x14017D9A4	not_visited
0x14017DBA5	0x14017D9A4	not_visited
0x14017DBA6	0x14017D9A4	not_visited
0x14017DBAE	0x14017D9A4	not_visited
0x14017DBB6	0x14017D9A4	not_visited
0x14017F55A	0x14017F260	not_visited
0x14017F57A	0x14017F260	not_visited
0x14017F57E	0x14017F260	not_visited
0x14017F582	0x14017F260	not_visited
0x14017F626		not_visited
0x14017F62A		not_visited
0x14017F6C2		not_visited
0x14018BCD0	0x14018BB80	not_visited
0x14018C1C0	0x14018BD00	not_visited
0x14018C1FC	0x14018BD00	not_visited
0x14018C238	0x14018BD00	not_visited
0x14018C28C	0x14018BD00	not_visited
0x14018C290	0x14018BD00	not_visited
0x14018C614	0x14018C2C0	not_visited
0x14018C615	0x14018C2C0	not_visited
0x14018C61C	0x14018C2C0	not_visited
0x14018C621	0x14018C2C0	not_visited
0x14018C625	0x14018C2C0	not_visited
0x14018C62D	0x14018C2C0	not_visited
0x14018C639	0x14018C2C0	not_visited
0x14018C64E	0x14018C2C0	not_visited
0x14018C64F	0x14018C2C0	not_visited
0x14018C650	0x14018C2C0	not_visited
0x14018C657	0x14018C2C0	not_visited
0x14018C658	0x14018C2C0	not_visited
0x14018C659	0x14018C2C0	not_visited
0x14018C65A	0x14018C2C0	not_visited
0x14018C65B	0x14018C2C0	not_visited
0x14018C65C	0x14018C2C0	not_visited
0x14018C65D	0x14018C2C0	not_visited
0x14018C65E	0x14018C2C0	not_visited
0x14018C65F	0x14018C2C0	not_visited
0x14018C660	0x14018C2C0	not_visited
0x14018C661	0x14018C2C0	not_visited
0x14018C662	0x14018C2C0	not_visited
0x14018C663	0x14018C2C0	not_visited
0x14018C664	0x14018C2C0	not_visited
0x14018C665	0x14018C2C0	not_visited
0x14018C666	0x14018C2C0	not_visited
0x14018C667	0x14018C2C0	not_visited
0x14018C668	0x14018C2C0	not_visited
0x14018C669	0x14018C2C0	not_visited
0x14018C66A	0x14018C2C0	not_visited
0x14018C66B	0x14018C2C0	not_visited
0x14018C66C	0x14018C2C0	not_visited
0x14018C66D	0x14018C2C0	not_visited
0x14018C66E	0x14018C2C0	not_visited
0x14018C66F	0x14018C2C0	not_visited
0x14018C670	0x14018C2C0	not_visited
0x14018C671	0x14018C2C0	not_visited
0x14018C672	0x14018C2C0	not_visited
0x14018C673	0x14018C2C0	not_visited
0x14018C674	0x14018C2C0	not_visited
0x14018C675	0x14018C2C0	not_visited
0x14018C676	0x14018C2C0	not_visited
0x14018C677	0x14018C2C0	not_visited
0x14018C678	0x14018C2C0	not_visited
0x14018C679	0x14018C2C0	not_visited
0x14018C67A	0x14018C2C0	not_visited
0x14018C67B	0x14018C2C0	not_visited
0x14018C67C	0x14018C2C0	not_visited
0x14018C67D	0x14018C2C0	not_visited
0x14018C67E	0x14018C2C0	not_visited
0x14018C67F	0x14018C2C0	not_visited
0x14018C680	0x14018C2C0	not_visited
0x14018C681	0x14018C2C0	not_visited
0x14018C682	0x14018C2C0	not_visited
0x14018C683	0x14018C2C0	not_visited
0x14018C684	0x14018C2C0	not_visited
0x14018C685	0x14018C2C0	not_visited
0x14018C686	0x14018C2C0	not_visited
0x14018C687	0x14018C2C0	not_visited
0x14018C688	0x14018C2C0	not_visited
0x14018C689	0x14018C2C0	not_visited
0x14018C68A	0x14018C2C0	not_visited
0x14018C68B	0x14018C2C0	not_visited
0x14018C68C	0x14018C2C0	not_visited
0x14018C68D	0x14018C2C0	not_visited
0x14018C68E	0x14018C2C0	not_visited
0x14018C68F	0x14018C2C0	not_visited
0x14018C690	0x14018C2C0	not_visited
0x14018C691	0x14018C2C0	not_visited
0x14018C692	0x14018C2C0	not_visited
0x14018C693	0x14018C2C0	not_visited
0x14018C694	0x14018C2C0	not_visited
0x14018C695	0x14018C2C0	not_visited
0x14018C696	0x14018C2C0	not_visited
0x14018C697	0x14018C2C0	not_visited
0x14018C698	0x14018C2C0	not_visited
0x14018C699	0x14018C2C0	not_visited
0x14018C69A	0x14018C2C0	not_visited
0x14018C69B	0x14018C2C0	not_visited
0x14018C69C	0x14018C2C0	not_visited
0x14018C69D	0x14018C2C0	not_visited
0x14018C69E	0x14018C2C0	not_visited
0x14018C69F	0x14018C2C0	not_visited
0x14018C6A0	0x14018C2C0	not_visited
0x14018C6A1	0x14018C2C0	not_visited
0x14018C6A2	0x14018C2C0	not_visited
0x14018C6A3	0x14018C2C0	not_visited
0x14018C6A8	0x14018C2C0	not_visited
0x14018C6A9	0x14018C2C0	not_visited
0x14018C6B0	0x14018C2C0	not_visited
0x14018C6B1	0x14018C2C0	not_visited
0x14018C6B2	0x14018C2C0	not_visited
0x14018C6B3	0x14018C2C0	not_visited
0x14018C6B9	0x14018C2C0	not_visited
0x14018D71D	0x14018D674	not_visited
0x14018D721	0x14018D674	not_visited
0x14018D728	0x14018D674	not_visited
0x14018D732	0x14018D730	inside_visited_instruction
0x1401A4F20	0x1401A4EF3	not_visited
0x1401A800C	0x1401A6CB5	not_visited
0x1401A8010	0x1401A6CB5	not_visited
0x1401A8014	0x1401A6CB5	not_visited
0x1401A8028	0x1401A6CB5	not_visited
0x1401A8121	0x1401A6CB5	not_visited
0x1401A8129	0x1401A6CB5	not_visited
0x1401A812A	0x1401A6CB5	not_visited
0x1401A8131	0x1401A6CB5	not_visited
0x1401A8132	0x1401A6CB5	not_visited
0x1401A813E	0x1401A6CB5	not_visited
0x1401A8146	0x1401A6CB5	not_visited
0x1401A814E	0x1401A6CB5	not_visited
0x1401A8156	0x1401A6CB5	not_visited
0x1401A907D	0x1401A8FE4	not_visited
0x1401A90B1	0x1401A8FE4	not_visited
0x1401AB210	0x1401AAD00	not_visited
0x1401AB218	0x1401AAD00	not_visited
0x1401AB240	0x1401AAD00	not_visited
0x1401AB2AC	0x1401AAD00	not_visited
0x1401AB2BC	0x1401AAD00	not_visited
0x1401AB2BF	0x1401AAD00	not_visited
0x1401AC580	0x1401AC430	not_visited
0x1401AC581	0x1401AC430	not_visited
0x1401AC585	0x1401AC430	not_visited
0x1401AC589	0x1401AC430	not_visited
0x1401AC598	0x1401AC430	not_visited
0x1401AC599	0x1401AC430	not_visited
0x1401AC5A4	0x1401AC430	not_visited
0x1401AC5A5	0x1401AC430	not_visited
0x1401ACF8D	0x1401ACC8A	not_visited
0x1401ACFCC	0x1401ACC8A	not_visited
0x1401ACFD0	0x1401ACC8A	not_visited
0x1401ACFD4	0x1401ACC8A	not_visited
0x1401ACFD8	0x1401ACC8A	not_visited
0x1401AD008	0x1401ACC8A	not_visited
0x1401AD019	0x1401ACC8A	not_visited
0x1401AD01D	0x1401ACC8A	not_visited
0x1401AD039	0x1401ACC8A	not_visited
0x1401AD9AD	0x1401AD8B1	not_visited
0x1401AD9CC	0x1401AD8B1	not_visited
0x1401AE158		not_visited
0x1401B09D9	0x1401B09BC	not_visited
0x1401B09DD	0x1401B09BC	not_visited
0x1401B09E5	0x1401B09BC	not_visited
0x1401B3684		not_visited
0x1401B3E0D	0x1401B36A0	not_visited
0x1401B3E10	0x1401B36A0	not_visited
0x1401B3E50	0x1401B36A0	not_visited
0x1401B3F1C	0x1401B3E60	not_visited
0x1401B424D	0x1401B3F40	not_visited
0x1401B451C	0x1401B4506	not_visited
0x1401B4A40	0x1401B4750	not_visited
0x1401B4DC8	0x1401B4D89	not_visited
0x1401B4DD4	0x1401B4D89	not_visited
0x1401B4F1C	0x1401B4DE0	not_visited
0x1401B52D4	0x1401B4F80	not_visited
0x1401B61B4	0x1401B5F20	not_visited
0x1401BC938	0x1401BC570	not_visited
0x1401BC940	0x1401BC570	not_visited
0x1401BC945	0x1401BC570	not_visited
0x1401BC948	0x1401BC570	not_visited
0x1401BCF3D	0x1401BCB40	not_visited
0x1401BCF40	0x1401BCB40	not_visited
0x1401BCF55	0x1401BCB40	not_visited
0x1401BCF60	0x1401BCB40	not_visited
0x1401BCF64	0x1401BCB40	not_visited
0x1401BCF69	0x1401BCB40	not_visited
0x1401BCF6D	0x1401BCB40	not_visited
0x1401BCFE2	0x1401BCB40	not_visited
0x1401BCFFD	0x1401BCB40	not_visited
0x1401BD006	0x1401BCB40	not_visited
0x1401BD4A9	0x1401BD485	not_visited
0x1401BD4B0	0x1401BD485	not_visited
0x1401BD968	0x1401BD7C0	not_visited
0x1401BDC1C	0x1401BDC13	not_visited
0x1401BE2B8	0x1401BE020	not_visited
0x1401BE5F8		not_visited
0x1401BF1F5	0x1401BE93E	not_visited
0x1401BF1F9	0x1401BE93E	not_visited
0x1401BF1FC	0x1401BE93E	not_visited
0x1401BF1FD	0x1401BE93E	not_visited
0x1401BF210	0x1401BE93E	not_visited
0x1401C6C48	0x1401C6561	not_visited
0x1401C6C9C	0x1401C6561	not_visited
0x1401C6CC4	0x1401C6561	not_visited
0x1401C6CDC	0x1401C6561	not_visited
0x1401C6CE5	0x1401C6561	not_visited
0x1401C6CE6	0x1401C6561	not_visited
0x1401C6CF6	0x1401C6561	not_visited
0x1401C6DB8	0x1401C6561	not_visited
0x1401C6DE5	0x1401C6561	not_visited
0x1401C6DE9	0x1401C6561	not_visited
0x1401C6E5E	0x1401C6561	not_visited
0x1401C87B8	0x1401C879D	not_visited
0x1401C8F98	0x1401C8F5E	not_visited
0x1401C8F99	0x1401C8F5E	not_visited
0x1401C94FC	0x1401C94DC	not_visited
0x1401CAF98	0x1401CADB0	not_visited
0x1401CC300	0x1401CC280	not_visited
0x1401E047E	0x1401E0030	not_visited
0x1401E101A		not_visited
0x1401E101E		not_visited
0x1401E1024		not_visited
0x1401E102A		not_visited
0x1401E102E		not_visited
0x1401E103A		not_visited
0x1401E103E		not_visited
0x1401E1046		not_visited
0x1401E27E5	0x1401E2584	not_visited
0x1401E27EA	0x1401E2584	not_visited
0x1401E27F1	0x1401E2584	not_visited
0x1401E27F9	0x1401E2584	not_visited
0x1401E2801	0x1401E2584	not_visited
0x1401E2805	0x1401E2584	not_visited
0x1401E2809	0x1401E2584	not_visited
0x1401E280D	0x1401E2584	not_visited
0x1401E2811	0x1401E2584	not_visited
0x1401E2815	0x1401E2584	not_visited
0x1401E2819	0x1401E2584	not_visited
0x1401E281A	0x1401E2584	not_visited
0x1401E2821	0x1401E2584	not_visited
0x1401E2822	0x1401E2584	not_visited
0x1401E2825	0x1401E2584	not_visited
0x1401E2826	0x1401E2584	not_visited
0x1401E282A	0x1401E2584	not_visited
0x1401E282E	0x1401E2584	not_visited
0x1401E2832	0x1401E2584	not_visited
0x1401E2836	0x1401E2584	not_visited
0x1401E283A	0x1401E2584	not_visited
0x1401E283E	0x1401E2584	not_visited
0x1401E2842	0x1401E2584	not_visited
0x1401E2845	0x1401E2584	not_visited
0x1401E2846	0x1401E2584	not_visited
0x1401E2849	0x1401E2584	not_visited
0x1401E284A	0x1401E2584	not_visited
0x1401E284E	0x1401E2584	not_visited
0x1401E2852	0x1401E2584	not_visited
0x1401E2856	0x1401E2584	not_visited
0x1401E285A	0x1401E2584	not_visited
0x1401E2861	0x1401E2584	not_visited
0x1401E2869	0x1401E2584	not_visited
0x1401E286A	0x1401E2584	not_visited
0x1401E2871	0x1401E2584	not_visited
0x1401E2872	0x1401E2584	not_visited
0x1401E287A	0x1401E2584	not_visited
0x1401E2881	0x1401E2584	not_visited
0x1401E2882	0x1401E2584	not_visited
0x1401E2885	0x1401E2584	not_visited
0x1401E2886	0x1401E2584	not_visited
0x1401E2889	0x1401E2584	not_visited
0x1401E288A	0x1401E2584	not_visited
0x1401E288E	0x1401E2584	not_visited
0x1401E2891	0x1401E2584	not_visited
0x1401E2892	0x1401E2584	not_visited
0x1401E2895	0x1401E2584	not_visited
0x1401E2896	0x1401E2584	not_visited
0x1401E2899	0x1401E2584	not_visited
0x1401E289A	0x1401E2584	not_visited
0x1401E4010	0x1401E2E32	not_visited
0x1401E4012	0x1401E2E32	not_visited
0x1401E4016	0x1401E2E32	not_visited
0x1401E4022	0x1401E2E32	not_visited
0x1401E4025	0x1401E2E32	not_visited
0x1401E62CA	0x1401E5FB0	not_visited
0x1401E62CE	0x1401E5FB0	not_visited
0x1401E62D2	0x1401E5FB0	not_visited
0x1401E62D9	0x1401E5FB0	not_visited
0x1401E62DA	0x1401E5FB0	not_visited
0x1401E62DD	0x1401E5FB0	not_visited
0x1401E62DE	0x1401E5FB0	not_visited
0x1401E62E1	0x1401E5FB0	not_visited
0x1401E62E2	0x1401E5FB0	not_visited
0x1401E62E5	0x1401E5FB0	not_visited
0x1401E62EA	0x1401E5FB0	not_visited
0x1401E62EE	0x1401E5FB0	not_visited
0x1401E73F6	0x1401E7240	not_visited
0x1401E7402	0x1401E7240	not_visited
0x1401E7406	0x1401E7240	not_visited
0x1401EC032		not_visited
0x1401EC03A		not_visited
0x1401EC042		not_visited
0x1401EC04A		not_visited
0x1401EC1E2	0x1401EC050	not_visited
0x1401EC1E6	0x1401EC050	not_visited
0x1401EC1EA	0x1401EC050	not_visited
0x1401EC1EE	0x1401EC050	not_visited
0x1401EC1F2	0x1401EC050	not_visited
0x1401EC1F6	0x1401EC050	not_visited
0x1401ED9D8	0x1401ED9CF	not_visited
0x1401ED9DE	0x1401ED9CF	not_visited
0x1401ED9E2	0x1401ED9CF	not_visited
0x1401ED9E6	0x1401ED9CF	not_visited
0x1401ED9EA	0x1401ED9CF	not_visited
0x1401ED9EE	0x1401ED9CF	not_visited
0x1401ED9F2	0x1401ED9F0	inside_visited_instruction
0x1401F230C	0x1401F21D9	not_visited
0x1401F5E8E	0x1401F5C32	not_visited
0x1401F5E92	0x1401F5C32	not_visited
0x1401F5E9A	0x1401F5C32	not_visited
0x1401F5EA2	0x1401F5C32	not_visited
0x1401F6F56	0x1401F6B3B	not_visited
0x1401F6F5A	0x1401F6B3B	not_visited
0x1401F6F5E	0x1401F6B3B	not_visited
0x1401F6F62	0x1401F6B3B	not_visited
0x1401F6F66	0x1401F6B3B	not_visited
0x1401F6F6A	0x1401F6B3B	not_visited
0x1401F723A	0x1401F6F70	not_visited
0x1401F723E	0x1401F6F70	not_visited
0x1401F7242	0x1401F6F70	not_visited
0x1401F7246	0x1401F6F70	not_visited
0x1401F724A	0x1401F6F70	not_visited
0x1401F724E	0x1401F6F70	not_visited
0x1401F725A	0x1401F6F70	not_visited
0x1401F725E	0x1401F6F70	not_visited
0x1401F726A	0x1401F6F70	not_visited
0x1401F7272	0x1401F6F70	not_visited
0x1401F7276	0x1401F6F70	not_visited
0x1401F72AE	0x1401F6F70	not_visited
0x1401F72BA	0x1401F6F70	not_visited
0x1401F72BE	0x1401F6F70	not_visited
0x1401F72C2	0x1401F6F70	not_visited
0x1401F72CA	0x1401F6F70	not_visited
0x1401F72DA	0x1401F6F70	not_visited
0x1401F72EA	0x1401F6F70	not_visited
0x1401F97B6	0x1401F94D0	not_visited
0x1401F97BE	0x1401F94D0	not_visited
0x1401F97C6	0x1401F94D0	not_visited
0x1401F97CE	0x1401F94D0	not_visited
0x1401F97D2	0x1401F94D0	not_visited
0x1401F97DA	0x1401F94D0	not_visited
0x1401F97E2	0x1401F94D0	not_visited
0x1401FBA32	0x1401FB855	not_visited
0x1401FBA3A	0x1401FB855	not_visited
0x1401FCF0A	0x1401FCEB7	not_visited
0x1401FCF12	0x1401FCEB7	not_visited
0x1401FCF1A	0x1401FCEB7	not_visited
0x1401FCF22	0x1401FCEB7	not_visited
0x1401FCF26	0x1401FCEB7	not_visited
0x1401FD8D2	0x1401FD730	not_visited
0x1401FD8DA	0x1401FD730	not_visited
0x1401FD8DE	0x1401FD730	not_visited
0x1401FD8E2	0x1401FD730	not_visited
0x1401FD8E6	0x1401FD730	not_visited
0x1401FD8EA	0x1401FD730	not_visited
0x1401FD8EE	0x1401FD730	not_visited
0x1401FE5A6		not_visited
0x1401FE5AA		not_visited
0x1401FE5AE		not_visited
0x1401FE5D6		not_visited
0x1401FE5F6		not_visited
0x1401FE60A		not_visited
0x1401FE612		not_visited
0x1401FE616		not_visited
0x1401FE61E		not_visited
0x1401FE622		not_visited
0x1401FE64A		not_visited
0x1401FE65A		not_visited
0x1401FE65E		not_visited
0x1401FE662		not_visited
0x1401FE67E		not_visited
0x1401FE696		not_visited
0x1401FE6A2		not_visited
0x1401FE6AA		not_visited
0x1401FE6AE		not_visited
0x1401FE6B2		not_visited
0x1401FE6BA		not_visited
0x1401FE6D6		not_visited
0x1401FE6DA		not_visited
0x1401FE6DE		not_visited
0x1401FE6E6		not_visited
0x1401FE6F6		not_visited
0x1401FE732		not_visited
0x1401FE736		not_visited
0x1401FE74A		not_visited
0x1401FE74E		not_visited
0x1401FE752		not_visited
0x1401FE75A		not_visited
0x1401FE75E		not_visited
0x1401FE76A		not_visited
0x1401FE77A		not_visited
0x1401FE797		not_visited
0x1401FE79D		not_visited
0x1401FE7A4		not_visited
0x1401FE7A5		not_visited
0x1401FE7A6		not_visited
0x1401FE7B8		not_visited
0x1401FE7BA		not_visited
0x1401FE7BB		not_visited
0x1401FE7C2		not_visited
0x1401FE80C		not_visited
0x1401FE80D		not_visited
0x1401FE80E		not_visited
0x1401FE80F		not_visited
0x1401FED22	0x1401FEBC5	not_visited
0x1401FED26	0x1401FEBC5	not_visited
0x1401FED2D	0x1401FEBC5	not_visited
0x1401FED2E	0x1401FEBC5	not_visited
0x1401FED31	0x1401FEBC5	not_visited
0x1401FED32	0x1401FEBC5	not_visited
0x1401FED35	0x1401FEBC5	not_visited
0x1401FED36	0x1401FEBC5	not_visited
0x1401FFC8A	0x1401FF750	not_visited
0x1401FFC92	0x1401FF750	not_visited
0x1401FFC96	0x1401FF750	not_visited
0x140214D31	0x140214BCD	not_visited
0x14021A114		not_visited
0x14021A215		not_visited
0x14022CBD8	0x14022CAF6	not_visited
0x14022CBE0	0x14022CAF6	not_visited
0x1402391EC	0x140238C76	not_visited
0x140239200	0x140238C76	not_visited
0x14023920A	0x140238C76	not_visited
0x14023930D	0x140238C76	not_visited
0x14023930E	0x140238C76	not_visited
0x140239311	0x140238C76	not_visited
0x140239312	0x140238C76	not_visited
0x140239313	0x140238C76	not_visited
0x140239316	0x140238C76	not_visited
0x140239317	0x140238C76	not_visited
0x140239318	0x140238C76	not_visited
0x140239319	0x140238C76	not_visited
0x14023931C	0x140238C76	not_visited
0x14023931D	0x140238C76	not_visited
0x14023931E	0x140238C76	not_visited
0x140239321	0x140238C76	not_visited
0x140239322	0x140238C76	not_visited
0x140239323	0x140238C76	not_visited
0x140239324	0x140238C76	not_visited
0x14023932A	0x140238C76	not_visited
0x14023932B	0x140238C76	not_visited
0x14023932C	0x140238C76	not_visited
0x14023932D	0x140238C76	not_visited
0x14023932E	0x140238C76	not_visited
0x14023932F	0x140238C76	not_visited
0x140239330	0x140238C76	not_visited
0x140239331	0x140238C76	not_visited
0x140239332	0x140238C76	not_visited
0x140239333	0x140238C76	not_visited
0x140239334	0x140238C76	not_visited
0x140239337	0x140238C76	not_visited
0x14023933A	0x140238C76	not_visited
0x14023933B	0x140238C76	not_visited
0x14023933C	0x140238C76	not_visited
0x14023933F	0x140238C76	not_visited
0x140239340	0x140238C76	not_visited
0x140239C04	0x140239BBA	not_visited
0x140239C38	0x140239BBA	not_visited
0x140239C39	0x140239BBA	not_visited
0x140239C3C	0x140239BBA	not_visited
0x140239C45	0x140239BBA	not_visited
0x140239C48	0x140239BBA	not_visited
0x140239C4E	0x140239BBA	not_visited
0x140239C51	0x140239BBA	not_visited
0x140239C52	0x140239BBA	not_visited
0x140239C53	0x140239BBA	not_visited
0x140239C56	0x140239BBA	not_visited
0x140239C57	0x140239BBA	not_visited
0x140239C58	0x140239BBA	not_visited
0x140239C59	0x140239BBA	not_visited
0x140239C5C	0x140239BBA	not_visited
0x140239C5D	0x140239BBA	not_visited
0x140239C5E	0x140239BBA	not_visited
0x140239C61	0x140239BBA	not_visited
0x140239C62	0x140239BBA	not_visited
0x140239C63	0x140239BBA	not_visited
0x140239C64	0x140239BBA	not_visited
0x140239C6A	0x140239BBA	not_visited
0x140239C6B	0x140239BBA	not_visited
0x140239C6C	0x140239BBA	not_visited
0x140239C6D	0x140239BBA	not_visited
0x140239C6E	0x140239BBA	not_visited
0x140239C6F	0x140239BBA	not_visited
0x140239C70	0x140239BBA	not_visited
0x140239C71	0x140239BBA	not_visited
0x140239C72	0x140239BBA	not_visited
0x140239C73	0x140239BBA	not_visited
0x140239C74	0x140239BBA	not_visited
0x140239C77	0x140239BBA	not_visited
0x140239C7A	0x140239BBA	not_visited
0x140239C7B	0x140239BBA	not_visited
0x140239C7C	0x140239BBA	not_visited
0x140239C7F	0x140239BBA	not_visited
0x140239C80	0x140239BBA	not_visited
0x14023A77A	0x14023A200	not_visited
0x14023A790	0x14023A200	not_visited
0x14023D105	0x14023D0E8	not_visited
0x14023D115	0x14023D0E8	not_visited
0x14023D9BD	0x14023D680	not_visited
0x14023D9CC	0x14023D680	not_visited
0x1402402B8	0x140240090	not_visited
0x1402402D4	0x140240090	not_visited
0x140240895	0x140240792	not_visited
0x140240898	0x140240792	not_visited
0x14024089C	0x140240792	not_visited
0x14024101C	0x140240CED	not_visited
0x1402413FC	0x1402413E1	not_visited
0x14024141C	0x1402413E1	not_visited
0x1402416C5	0x1402414E0	not_visited
0x1402416C9	0x1402414E0	not_visited
0x140241910	0x14024190C	not_visited
0x14024191C	0x14024190C	not_visited
0x140241F5C	0x140241A30	not_visited
0x140241F78	0x140241A30	not_visited
0x140241F7D	0x140241A30	not_visited
0x140241F85	0x140241A30	not_visited
0x140241F89	0x140241A30	not_visited
0x140241F8D	0x140241A30	not_visited
0x140241F95	0x140241A30	not_visited
0x1402425EC	0x140241FE0	not_visited
0x1402425F8	0x140241FE0	not_visited
0x14024262E		not_visited
0x14024262F		not_visited
0x140242918	0x140242900	not_visited
0x140242924	0x140242900	not_visited
0x140243111	0x140242F30	not_visited
0x14024ADA4	0x14024AD7A	not_visited
0x14024B388	0x14024AE40	not_visited
0x140250F0D	0x140250A10	not_visited
0x140257766	0x140257620	not_visited
0x140257767	0x140257620	not_visited
0x140257768	0x140257620	not_visited
0x140257769	0x140257620	not_visited
0x14025776A	0x140257620	not_visited
0x14025776B	0x140257620	not_visited
0x14025776C	0x140257620	not_visited
0x14025776D	0x140257620	not_visited
0x14025776E	0x140257620	not_visited
0x14025776F	0x140257620	not_visited
0x140257770	0x140257620	not_visited
0x140257771	0x140257620	not_visited
0x140257772	0x140257620	not_visited
0x140257773	0x140257620	not_visited
0x140257774	0x140257620	not_visited
0x140257775	0x140257620	not_visited
0x140257776	0x140257620	not_visited
0x140257777	0x140257620	not_visited
0x140257778	0x140257620	not_visited
0x140257779	0x140257620	not_visited
0x14025777A	0x140257620	not_visited
0x14025777B	0x140257620	not_visited
0x14025777C	0x140257620	not_visited
0x14025777D	0x140257620	not_visited
0x14025777E	0x140257620	not_visited
0x14025777F	0x140257620	not_visited
0x140257780	0x140257620	not_visited
0x140257781	0x140257620	not_visited
0x140257782	0x140257620	not_visited
0x140257783	0x140257620	not_visited
0x140257784	0x140257620	not_visited
0x140257785	0x140257620	not_visited
0x140257786	0x140257620	not_visited
0x140257787	0x140257620	not_visited
0x140257788	0x140257620	not_visited
0x140257789	0x140257620	not_visited
0x14025778A	0x140257620	not_visited
0x14025778B	0x140257620	not_visited
0x14025778C	0x140257620	not_visited
0x14025778D	0x140257620	not_visited
0x14025778E	0x140257620	not_visited
0x14025778F	0x140257620	not_visited
0x140257790	0x140257620	not_visited
0x140257791	0x140257620	not_visited
0x140257792	0x140257620	not_visited
0x140257793	0x140257620	not_visited
0x140257794	0x140257620	not_visited
0x140257795	0x140257620	not_visited
0x140257796	0x140257620	not_visited
0x140257797	0x140257620	not_visited
0x140257798	0x140257620	not_visited
0x140257799	0x140257620	not_visited
0x14025779A	0x140257620	not_visited
0x14025779B	0x140257620	not_visited
0x14025779C	0x140257620	not_visited
0x14025779D	0x140257620	not_visited
0x14025779E	0x140257620	not_visited
0x14025779F	0x140257620	not_visited
0x1402577A0	0x140257620	not_visited
0x1402577A1	0x140257620	not_visited
0x1402577A2	0x140257620	not_visited
0x1402577A3	0x140257620	not_visited
0x1402577A4	0x140257620	not_visited
0x1402577A5	0x140257620	not_visited
0x1402577A6	0x140257620	not_visited
0x1402577A7	0x140257620	not_visited
0x1402577A8	0x140257620	not_visited
0x1402577A9	0x140257620	not_visited
0x1402577AA	0x140257620	not_visited
0x1402577AB	0x140257620	not_visited
0x1402577AC	0x140257620	not_visited
0x1402577AD	0x140257620	not_visited
0x1402577AE	0x140257620	not_visited
0x1402577AF	0x140257620	not_visited
0x1402577B0	0x140257620	not_visited
0x1402577B1	0x140257620	not_visited
0x1402577B2	0x140257620	not_visited
0x1402577B3	0x140257620	not_visited
0x1402577B4	0x140257620	not_visited
0x1402577B5	0x140257620	not_visited
0x1402577B6	0x140257620	not_visited
0x1402577B7	0x140257620	not_visited
0x1402577B8	0x140257620	not_visited
0x1402577B9	0x140257620	not_visited
0x1402577BA	0x140257620	not_visited
0x1402577BB	0x140257620	not_visited
0x1402577BC	0x140257620	not_visited
0x1402577BD	0x140257620	not_visited
0x1402577BE	0x140257620	not_visited
0x1402577BF	0x140257620	not_visited
0x1402577C0	0x140257620	not_visited
0x1402577C1	0x140257620	not_visited
0x1402577C2	0x140257620	not_visited
0x1402577C3	0x140257620	not_visited
0x1402608F8	0x1402607B0	not_visited
0x140261721	0x140261707	not_visited
0x140261725	0x140261707	not_visited
0x140261F05	0x140261D10	not_visited
0x140262118	0x140261F20	not_visited
0x140262121	0x140261F20	not_visited
0x14026212D	0x140261F20	not_visited
0x140262C39	0x140262C12	not_visited
0x140276720	0x1402766B1	not_visited
0x140276721	0x1402766B1	not_visited
0x14027672A	0x1402766B1	not_visited
0x14027672E	0x1402766B1	not_visited
0x140276731	0x1402766B1	not_visited
0x140276735	0x1402766B1	not_visited
0x140277CC2	0x140277AC0	not_visited
0x140277CCA	0x140277AC0	not_visited
0x140277FD6	0x140277CE0	not_visited
0x140277FDA	0x140277CE0	not_visited
0x140277FDE	0x140277CE0	not_visited
0x140277FE2	0x140277CE0	not_visited
0x140277FE6	0x140277CE0	not_visited
0x140277FEA	0x140277CE0	not_visited
0x140277FEE	0x140277CE0	not_visited
0x14027808E	0x140277FF0	not_visited
0x140278279	0x1402780A0	not_visited
0x14027827A	0x1402780A0	not_visited
0x14027827D	0x1402780A0	not_visited
0x14027827E	0x1402780A0	not_visited
0x140278282	0x1402780A0	not_visited
0x140278630	0x140278290	not_visited
0x140278646	0x140278290	not_visited
0x1402787E2	0x140278660	not_visited
0x1402787F2	0x140278660	not_visited
0x1402787F6	0x140278660	not_visited
0x1402787FA	0x140278660	not_visited
0x1402787FE	0x140278660	not_visited
0x140278802	0x140278660	not_visited
0x140278806	0x140278660	not_visited
0x140278CF6	0x140278820	not_visited
0x140278FD6	0x140278D00	not_visited
0x140278FDA	0x140278D00	not_visited
0x140278FDE	0x140278D00	not_visited
0x140278FE6	0x140278D00	not_visited
0x140278FEA	0x140278D00	not_visited
0x140278FEE	0x140278D00	not_visited
0x1402792A2	0x140279000	not_visited
0x1402792A6	0x140279000	not_visited
0x1402792AA	0x140279000	not_visited
0x1402792B2	0x140279000	not_visited
0x1402792B6	0x140279000	not_visited
0x1402792BA	0x140279000	not_visited
0x140279582	0x1402792C0	not_visited
0x140279586	0x1402792C0	not_visited
0x14027958A	0x1402792C0	not_visited
0x140279592	0x1402792C0	not_visited
0x140279596	0x1402792C0	not_visited
0x14027959A	0x1402792C0	not_visited
0x14027959E	0x1402792C0	not_visited
0x140279882	0x1402795B0	not_visited
0x140279886	0x1402795B0	not_visited
0x14027988E	0x1402795B0	not_visited
0x140279896	0x1402795B0	not_visited
0x14027989A	0x1402795B0	not_visited
0x140279AB2	0x1402798A0	not_visited
0x140279ABA	0x1402798A0	not_visited
0x140279ABD	0x1402798A0	not_visited
0x140279ABE	0x1402798A0	not_visited
0x140279AC1	0x1402798A0	not_visited
0x140279AC2	0x1402798A0	not_visited
0x140279AC6	0x1402798A0	not_visited
0x140279ACA	0x1402798A0	not_visited
0x140279ACE	0x1402798A0	not_visited
0x140279CE5	0x140279AD0	not_visited
0x140279CE6	0x140279AD0	not_visited
0x140279CEE	0x140279AD0	not_visited
0x140279CF2	0x140279AD0	not_visited
0x140279CF6	0x140279AD0	not_visited
0x140279CFA	0x140279AD0	not_visited
0x140279D02	0x140279AD0	not_visited
0x140279E42	0x140279D30	not_visited
0x140279E46	0x140279D30	not_visited
0x140279E4A	0x140279D30	not_visited
0x140279E4E	0x140279D30	not_visited
0x140279E52	0x140279D30	not_visited
0x140279E56	0x140279D30	not_visited
0x140279E5A	0x140279D30	not_visited
0x140279E5E	0x140279D30	not_visited
0x140279FD2	0x140279E60	not_visited
0x14027A114		not_visited
0x14027A11E		not_visited
0x14027A126		not_visited
0x14027A1DE		not_visited
0x14027A1EE		not_visited
0x14027A42A	0x14027A409	not_visited
0x14027A436	0x14027A409	not_visited
0x14027D3C2	0x14027D3C0	not_visited
0x14027D3CA	0x14027D3C0	not_visited
0x14027D3D0	0x14027D3C0	not_visited
0x14027D3D4	0x14027D3C0	not_visited
0x14027D3D6	0x14027D3C0	not_visited
0x14027D3DA	0x14027D3C0	not_visited
0x14027D3E2	0x14027D3C0	not_visited
0x14027EE9A	0x14027ECD2	not_visited
0x14027EE9E	0x14027ECD2	not_visited
0x14027EEA2	0x14027ECD2	not_visited
0x14027EEA6	0x14027ECD2	not_visited
0x14027EEAA	0x14027ECD2	not_visited
0x14027EEAE	0x14027ECD2	not_visited
0x14027EEB2	0x14027ECD2	not_visited
0x14027FFC2	0x14027F7E0	not_visited
0x14027FFC6	0x14027F7E0	not_visited
0x14027FFCA	0x14027F7E0	not_visited
0x14027FFCE	0x14027F7E0	not_visited
0x14027FFD2	0x14027F7E0	not_visited
0x14027FFD6	0x14027F7E0	not_visited
0x140280240		not_visited
0x140280254		not_visited
0x1402837E1	0x1402837CF	not_visited
0x1402837E4	0x1402837CF	not_visited
0x1402837E9	0x1402837CF	not_visited
0x1402837EC	0x1402837CF	not_visited
0x1402837F1	0x1402837CF	not_visited
0x1402837F4	0x1402837CF	not_visited
0x1402837F9	0x1402837CF	not_visited
0x1402837FC	0x1402837CF	not_visited
0x140283814	0x1402837CF	not_visited
0x140283819	0x1402837CF	not_visited
0x14028381C	0x1402837CF	not_visited
0x140283821	0x1402837CF	not_visited
0x140283824	0x1402837CF	not_visited
0x140284CBC	0x140284C60	not_visited
0x1402862C9	0x14028629B	not_visited
0x1402862D5	0x14028629B	not_visited
0x1402862F9	0x14028629B	not_visited
0x140286301	0x14028629B	not_visited
0x140286309	0x14028629B	not_visited
0x14028630C	0x14028629B	not_visited
0x14028630D	0x14028629B	not_visited
0x140286315	0x14028629B	not_visited
0x1402888C8	0x140288280	not_visited
0x14028950D	0x14028942F	not_visited
0x140289838	0x140289540	not_visited
0x14028983C	0x140289540	not_visited
0x14028AF50	0x14028AF38	not_visited
0x14028CACC	0x14028C8A7	not_visited
0x14028CACD	0x14028C8A7	not_visited
0x14028CAD0	0x14028C8A7	not_visited
0x14028D4E1	0x14028CBD0	not_visited
0x14028D4E5	0x14028CBD0	not_visited
0x14028DF65	0x14028DEA3	not_visited
0x14028DF69	0x14028DEA3	not_visited
0x14028DF71	0x14028DEA3	not_visited
0x14028DF75	0x14028DEA3	not_visited
0x1402928ED	0x1402922A0	not_visited
0x1402928F1	0x1402922A0	not_visited
0x14029300C	0x140292FEF	not_visited
0x14029300D	0x140292FEF	not_visited
0x140294151	0x140293DB0	not_visited
0x1402951DC	0x140294DB0	not_visited
0x140295A28	0x140295A28	not_visited
0x140295A2C	0x140295A28	not_visited
0x140295A38	0x140295A28	not_visited
0x140295A54	0x140295A28	not_visited
0x140295A58	0x140295A28	not_visited
0x140296324	0x140295D80	not_visited
0x140296325	0x140295D80	not_visited
0x14029632D	0x140295D80	not_visited
0x140296338	0x140295D80	not_visited
0x140296341	0x140295D80	not_visited
0x140296350	0x140295D80	not_visited
0x14029663C	0x1402963C0	not_visited
0x140296640	0x1402963C0	not_visited
0x140296654	0x1402963C0	not_visited
0x140296658	0x1402963C0	not_visited
0x140297EF4	0x140297CF0	not_visited
0x14029AF3C	0x14029AAD9	not_visited
0x14029EEC8	0x14029EE0F	not_visited
0x14029EF15	0x14029EE0F	not_visited
0x1402A27A9	0x1402A26F0	not_visited
0x1402A27B9	0x1402A26F0	not_visited
0x1402A27BD	0x1402A26F0	not_visited
0x1402A27C1	0x1402A26F0	not_visited
0x1402A27C4	0x1402A26F0	not_visited
0x1402A27C9	0x1402A26F0	not_visited
0x1402A3108	0x1402A3038	not_visited
0x1402A3109	0x1402A3038	not_visited
0x1402A964D	0x1402A8F60	not_visited
0x1402A9ED0	0x1402A9EC5	not_visited
0x1402AC57D	0x1402AC280	not_visited
0x1402AD174	0x1402ACA70	not_visited
0x1402AE5DC	0x1402AE390	not_visited
0x1402AEC70	0x1402AE7F0	not_visited
0x1402AEC8C	0x1402AE7F0	not_visited
0x1402AEC8D	0x1402AE7F0	not_visited
0x1402AF0C0	0x1402AECD0	not_visited
0x1402B1114	0x1402B1104	not_visited
0x1402B111C	0x1402B1104	not_visited
0x1402B16B5	0x1402B14A0	not_visited
0x1402B1A9D	0x1402B19EE	not_visited
0x1402B28DD	0x1402B2828	not_visited
0x1402B28E1	0x1402B2828	not_visited
0x1402B4894	0x1402B4590	not_visited
0x1402B6419	0x1402B6381	not_visited
0x1402B6432	0x1402B6430	inside_visited_instruction
0x1402B7EF4	0x1402B7EB1	not_visited
0x1402BD4C1	0x1402BD45A	not_visited
0x1402C02E8		not_visited
0x1402C02F4		not_visited
0x1402C076D	0x1402C0740	not_visited
0x1402C0771	0x1402C0740	not_visited
0x1402C0779	0x1402C0740	not_visited
0x1402C0781	0x1402C0740	not_visited
0x1402C0785	0x1402C0740	not_visited
0x1402C0789	0x1402C0740	not_visited
0x1402C078D	0x1402C0740	not_visited
0x1402C0791	0x1402C0740	not_visited
0x1402C0794	0x1402C0740	not_visited
0x1402C0795	0x1402C0740	not_visited
0x1402C0799	0x1402C0740	not_visited
0x1402C079D	0x1402C0740	not_visited
0x1402C07A0	0x1402C0740	not_visited
0x1402C07A5	0x1402C0740	not_visited
0x1402C07A9	0x1402C0740	not_visited
0x1402C07AD	0x1402C0740	not_visited
0x1402C07B5	0x1402C0740	not_visited
0x1402C07B9	0x1402C0740	not_visited
0x1402C4310	0x1402C07F0	not_visited
0x1402C4374	0x1402C07F0	not_visited
0x1402C4380	0x1402C07F0	not_visited
0x1402C442D	0x1402C07F0	not_visited
0x1402C4435	0x1402C07F0	not_visited
0x1402C443E	0x1402C07F0	not_visited
0x1402C4451	0x1402C07F0	not_visited
0x1402C446C	0x1402C07F0	not_visited
0x1402C44AC	0x1402C07F0	not_visited
0x1402C44D0	0x1402C07F0	not_visited
0x1402C44D1	0x1402C07F0	not_visited
0x1402C44D4	0x1402C07F0	not_visited
0x1402C44D9	0x1402C07F0	not_visited
0x1402C44ED	0x1402C07F0	not_visited
0x1402C4566	0x1402C07F0	not_visited
0x1402C456E	0x1402C07F0	not_visited
0x1402C456F	0x1402C07F0	not_visited
0x1402C4576	0x1402C07F0	not_visited
0x1402C4577	0x1402C07F0	not_visited
0x1402C457E	0x1402C07F0	not_visited
0x1402C4620	0x1402C07F0	not_visited
0x1402C462E	0x1402C07F0	not_visited
0x1402C462F	0x1402C07F0	not_visited
0x1402C4630	0x1402C07F0	not_visited
0x1402C4631	0x1402C07F0	not_visited
0x1402C463E	0x1402C07F0	not_visited
0x1402C4643	0x1402C07F0	not_visited
0x1402C4644	0x1402C07F0	not_visited
0x1402C4645	0x1402C07F0	not_visited
0x1402C4646	0x1402C07F0	not_visited
0x1402C4647	0x1402C07F0	not_visited
0x1402C4648	0x1402C07F0	not_visited
0x1402C4649	0x1402C07F0	not_visited
0x1402C464A	0x1402C07F0	not_visited
0x1402C464B	0x1402C07F0	not_visited
0x1402C464C	0x1402C07F0	not_visited
0x1402C464D	0x1402C07F0	not_visited
0x1402C464E	0x1402C07F0	not_visited
0x1402C464F	0x1402C07F0	not_visited
0x1402C4650	0x1402C07F0	not_visited
0x1402C4651	0x1402C07F0	not_visited
0x1402C4652	0x1402C07F0	not_visited
0x1402C4653	0x1402C07F0	not_visited
0x1402C4654	0x1402C07F0	not_visited
0x1402C4655	0x1402C07F0	not_visited
0x1402C4656	0x1402C07F0	not_visited
0x1402C4657	0x1402C07F0	not_visited
0x1402C4658	0x1402C07F0	not_visited
0x1402C4659	0x1402C07F0	not_visited
0x1402C465A	0x1402C07F0	not_visited
0x1402C465B	0x1402C07F0	not_visited
0x1402C465C	0x1402C07F0	not_visited
0x1402C465D	0x1402C07F0	not_visited
0x1402C465E	0x1402C07F0	not_visited
0x1402C465F	0x1402C07F0	not_visited
0x1402C4660	0x1402C07F0	not_visited
0x1402C4661	0x1402C07F0	not_visited
0x1402C4662	0x1402C07F0	not_visited
0x1402C4663	0x1402C07F0	not_visited
0x1402C4664	0x1402C07F0	not_visited
0x1402C4665	0x1402C07F0	not_visited
0x1402C4666	0x1402C07F0	not_visited
0x1402C4667	0x1402C07F0	not_visited
0x1402C4668	0x1402C07F0	not_visited
0x1402C4669	0x1402C07F0	not_visited
0x1402C466A	0x1402C07F0	not_visited
0x1402C466B	0x1402C07F0	not_visited
0x1402C466C	0x1402C07F0	not_visited
0x1402C466D	0x1402C07F0	not_visited
0x1402C466E	0x1402C07F0	not_visited
0x1402C466F	0x1402C07F0	not_visited
0x1402C4670	0x1402C07F0	not_visited
0x1402C4671	0x1402C07F0	not_visited
0x1402C4672	0x1402C07F0	not_visited
0x1402C4673	0x1402C07F0	not_visited
0x1402C4674	0x1402C07F0	not_visited
0x1402C4675	0x1402C07F0	not_visited
0x1402C4676	0x1402C07F0	not_visited
0x1402C4677	0x1402C07F0	not_visited
0x1402C4678	0x1402C07F0	not_visited
0x1402C467D	0x1402C07F0	not_visited
0x1402C467E	0x1402C07F0	not_visited
0x1402C467F	0x1402C07F0	not_visited
0x1402C4680	0x1402C07F0	not_visited
0x1402C4681	0x1402C07F0	not_visited
0x1402C4682	0x1402C07F0	not_visited
0x1402C4683	0x1402C07F0	not_visited
0x1402C4684	0x1402C07F0	not_visited
0x1402C4685	0x1402C07F0	not_visited
0x1402C4686	0x1402C07F0	not_visited
0x1402C4687	0x1402C07F0	not_visited
0x1402C4688	0x1402C07F0	not_visited
0x1402C4689	0x1402C07F0	not_visited
0x1402C468A	0x1402C07F0	not_visited
0x1402C468B	0x1402C07F0	not_visited
0x1402C468C	0x1402C07F0	not_visited
0x1402C468D	0x1402C07F0	not_visited
0x1402C468E	0x1402C07F0	not_visited
0x1402C46AC	0x1402C07F0	not_visited
0x1402C472C	0x1402C07F0	not_visited
0x1402C472D	0x1402C07F0	not_visited
0x1402C4730	0x1402C07F0	not_visited
0x1402C4731	0x1402C07F0	not_visited
0x1402C4739	0x1402C07F0	not_visited
0x1402C4749	0x1402C07F0	not_visited
0x1402C474D	0x1402C07F0	not_visited
0x1402C4751	0x1402C07F0	not_visited
0x1402C475C	0x1402C07F0	not_visited
0x1402C475D	0x1402C07F0	not_visited
0x1402C4768	0x1402C07F0	not_visited
0x1402C476C	0x1402C07F0	not_visited
0x1402C476D	0x1402C07F0	not_visited
0x1402C4771	0x1402C07F0	not_visited
0x1402C4779	0x1402C07F0	not_visited
0x1402C477D	0x1402C07F0	not_visited
0x1402C4781	0x1402C07F0	not_visited
0x1402C4789	0x1402C07F0	not_visited
0x1402C4795	0x1402C07F0	not_visited
0x1402C4799	0x1402C07F0	not_visited
0x1402C479C	0x1402C07F0	not_visited
0x1402C47B8	0x1402C07F0	not_visited
0x1402C47C8	0x1402C07F0	not_visited
0x1402C47F0	0x1402C07F0	not_visited
0x1402C4804	0x1402C07F0	not_visited
0x1402C4844	0x1402C07F0	not_visited
0x1402C486F	0x1402C07F0	not_visited
0x1402C4877	0x1402C07F0	not_visited
0x1402C4878	0x1402C07F0	not_visited
0x1402C48A5	0x1402C07F0	not_visited
0x1402C48A6	0x1402C07F0	not_visited
0x1402C48AD	0x1402C07F0	not_visited
0x1402C48D4	0x1402C07F0	not_visited
0x1402C4960	0x1402C07F0	not_visited
0x1402C4961	0x1402C07F0	not_visited
0x1402C4962	0x1402C07F0	not_visited
0x1402C4A38	0x1402C07F0	not_visited
0x1402C4A39	0x1402C07F0	not_visited
0x1402C4A44	0x1402C07F0	not_visited
0x1402C4A4C	0x1402C07F0	not_visited
0x1402C4A51	0x1402C07F0	not_visited
0x1402C4A54	0x1402C07F0	not_visited
0x1402C4A59	0x1402C07F0	not_visited
0x1402C4A65	0x1402C07F0	not_visited
0x1402C4A71	0x1402C07F0	not_visited
0x1402C4A79	0x1402C07F0	not_visited
0x1402C4A81	0x1402C07F0	not_visited
0x1402C4A84	0x1402C07F0	not_visited
0x1402C4A85	0x1402C07F0	not_visited
0x1402C4A95	0x1402C07F0	not_visited
0x1402C4A98	0x1402C07F0	not_visited
0x1402C4A99	0x1402C07F0	not_visited
0x1402C4A9C	0x1402C07F0	not_visited
0x1402C4AA1	0x1402C07F0	not_visited
0x1402C4AA4	0x1402C07F0	not_visited
0x1402C4AB5	0x1402C07F0	not_visited
0x1402C4AB9	0x1402C07F0	not_visited
0x1402C4AC5	0x1402C07F0	not_visited
0x1402C4AD1	0x1402C07F0	not_visited
0x1402C4B0E	0x1402C07F0	not_visited
0x1402C4B0F	0x1402C07F0	not_visited
0x1402C4B16	0x1402C07F0	not_visited
0x1402C4B1E	0x1402C07F0	not_visited
0x1402C4B1F	0x1402C07F0	not_visited
0x1402C4B26	0x1402C07F0	not_visited
0x1402C4B27	0x1402C07F0	not_visited
0x1402C4B2E	0x1402C07F0	not_visited
0x1402C4B6C	0x1402C07F0	not_visited
0x1402C4B73	0x1402C07F0	not_visited
0x1402C4BDA	0x1402C07F0	not_visited
0x1402C4BDB	0x1402C07F0	not_visited
0x1402C4BDC	0x1402C07F0	not_visited
0x1402C4BE8	0x1402C07F0	not_visited
0x1402C4C04	0x1402C07F0	not_visited
0x1402C4C35	0x1402C07F0	not_visited
0x1402C4C49	0x1402C07F0	not_visited
0x1402C4C4C	0x1402C07F0	not_visited
0x1402C4C51	0x1402C07F0	not_visited
0x1402C4C58	0x1402C07F0	not_visited
0x1402C4C74	0x1402C07F0	not_visited
0x1402C4C7B	0x1402C07F0	not_visited
0x1402C4D3A	0x1402C07F0	not_visited
0x1402C4D3B	0x1402C07F0	not_visited
0x1402C4D84	0x1402C07F0	not_visited
0x1402C4D9E	0x1402C07F0	not_visited
0x1402C4EB2	0x1402C07F0	not_visited
0x1402C4EB3	0x1402C07F0	not_visited
0x1402C4EB6	0x1402C07F0	not_visited
0x1402C4EB7	0x1402C07F0	not_visited
0x1402C4EB8	0x1402C07F0	not_visited
0x1402C4EBB	0x1402C07F0	not_visited
0x1402C4EBC	0x1402C07F0	not_visited
0x1402C4EBD	0x1402C07F0	not_visited
0x1402C4EBE	0x1402C07F0	not_visited
0x1402C4EBF	0x1402C07F0	not_visited
0x1402C4EC0	0x1402C07F0	not_visited
0x1402C4EC1	0x1402C07F0	not_visited
0x1402C4EC2	0x1402C07F0	not_visited
0x1402C4EC3	0x1402C07F0	not_visited
0x1402C4EC4	0x1402C07F0	not_visited
0x1402C4EC5	0x1402C07F0	not_visited
0x1402C4EC6	0x1402C07F0	not_visited
0x1402C4EC7	0x1402C07F0	not_visited
0x1402C4EC8	0x1402C07F0	not_visited
0x1402C4EC9	0x1402C07F0	not_visited
0x1402C4ECA	0x1402C07F0	not_visited
0x1402C4ECB	0x1402C07F0	not_visited
0x1402C4ECC	0x1402C07F0	not_visited
0x1402C4ECD	0x1402C07F0	not_visited
0x1402C4ECE	0x1402C07F0	not_visited
0x1402C4ECF	0x1402C07F0	not_visited
0x1402C4ED0	0x1402C07F0	not_visited
0x1402C4ED1	0x1402C07F0	not_visited
0x1402C4ED2	0x1402C07F0	not_visited
0x1402C4ED3	0x1402C07F0	not_visited
0x1402C4ED4	0x1402C07F0	not_visited
0x1402C4ED5	0x1402C07F0	not_visited
0x1402C4ED6	0x1402C07F0	not_visited
0x1402C4ED7	0x1402C07F0	not_visited
0x1402C4ED8	0x1402C07F0	not_visited
0x1402C4ED9	0x1402C07F0	not_visited
0x1402C4EDA	0x1402C07F0	not_visited
0x1402C4EDB	0x1402C07F0	not_visited
0x1402C4EDC	0x1402C07F0	not_visited
0x1402C4EDD	0x1402C07F0	not_visited
0x1402C4EDE	0x1402C07F0	not_visited
0x1402C4EDF	0x1402C07F0	not_visited
0x1402C4EE0	0x1402C07F0	not_visited
0x1402C4EE1	0x1402C07F0	not_visited
0x1402C4EE2	0x1402C07F0	not_visited
0x1402C4EE3	0x1402C07F0	not_visited
0x1402C4EE4	0x1402C07F0	not_visited
0x1402C4EE5	0x1402C07F0	not_visited
0x1402C4EE6	0x1402C07F0	not_visited
0x1402C4EE7	0x1402C07F0	not_visited
0x1402C4EE8	0x1402C07F0	not_visited
0x1402C4EE9	0x1402C07F0	not_visited
0x1402C4EEA	0x1402C07F0	not_visited
0x1402C4EEB	0x1402C07F0	not_visited
0x1402C4EEC	0x1402C07F0	not_visited
0x1402C4EED	0x1402C07F0	not_visited
0x1402C4EEE	0x1402C07F0	not_visited
0x1402C4EEF	0x1402C07F0	not_visited
0x1402C4EF0	0x1402C07F0	not_visited
0x1402C4EF1	0x1402C07F0	not_visited
0x1402C4EF2	0x1402C07F0	not_visited
0x1402C4EF3	0x1402C07F0	not_visited
0x1402C4EF4	0x1402C07F0	not_visited
0x1402C4EF5	0x1402C07F0	not_visited
0x1402C4EF6	0x1402C07F0	not_visited
0x1402C4EF7	0x1402C07F0	not_visited
0x1402C4EFA	0x1402C07F0	not_visited
0x1402C4EFB	0x1402C07F0	not_visited
0x1402C4EFC	0x1402C07F0	not_visited
0x1402C4EFD	0x1402C07F0	not_visited
0x1402C4EFE	0x1402C07F0	not_visited
0x1402C4EFF	0x1402C07F0	not_visited
0x1402C4F00	0x1402C07F0	not_visited
0x1402C4F01	0x1402C07F0	not_visited
0x1402C4F02	0x1402C07F0	not_visited
0x1402C4F03	0x1402C07F0	not_visited
0x1402C4F04	0x1402C07F0	not_visited
0x1402C4F05	0x1402C07F0	not_visited
0x1402C4F06	0x1402C07F0	not_visited
0x1402C4F07	0x1402C07F0	not_visited
0x1402C4F08	0x1402C07F0	not_visited
0x1402C4F09	0x1402C07F0	not_visited
0x1402C4F0A	0x1402C07F0	not_visited
0x1402C4F0B	0x1402C07F0	not_visited
0x1402C4F0C	0x1402C07F0	not_visited
0x1402C4F0D	0x1402C07F0	not_visited
0x1402C4F0E	0x1402C07F0	not_visited
0x1402C4F0F	0x1402C07F0	not_visited
0x1402C4F10	0x1402C07F0	not_visited
0x1402C4F11	0x1402C07F0	not_visited
0x1402C4F12	0x1402C07F0	not_visited
0x1402C4F13	0x1402C07F0	not_visited
0x1402C4F14	0x1402C07F0	not_visited
0x1402C4F15	0x1402C07F0	not_visited
0x1402C4F16	0x1402C07F0	not_visited
0x1402C4F17	0x1402C07F0	not_visited
0x1402C4F18	0x1402C07F0	not_visited
0x1402C4F19	0x1402C07F0	not_visited
0x1402C4F1A	0x1402C07F0	not_visited
0x1402C4F1B	0x1402C07F0	not_visited
0x1402C4F1C	0x1402C07F0	not_visited
0x1402C4F1D	0x1402C07F0	not_visited
0x1402C4F1E	0x1402C07F0	not_visited
0x1402C4F1F	0x1402C07F0	not_visited
0x1402C4F20	0x1402C07F0	not_visited
0x1402C4F21	0x1402C07F0	not_visited
0x1402C4F22	0x1402C07F0	not_visited
0x1402C4F23	0x1402C07F0	not_visited
0x1402C4F24	0x1402C07F0	not_visited
0x1402C4F25	0x1402C07F0	not_visited
0x1402C4F26	0x1402C07F0	not_visited
0x1402C4F27	0x1402C07F0	not_visited
0x1402C4F28	0x1402C07F0	not_visited
0x1402C4F29	0x1402C07F0	not_visited
0x1402C4F2A	0x1402C07F0	not_visited
0x1402C4F2B	0x1402C07F0	not_visited
0x1402C4F2C	0x1402C07F0	not_visited
0x1402C4F2D	0x1402C07F0	not_visited
0x1402C4F2E	0x1402C07F0	not_visited
0x1402C4F2F	0x1402C07F0	not_visited
0x1402C4F30	0x1402C07F0	not_visited
0x1402C4F31	0x1402C07F0	not_visited
0x1402C4F32	0x1402C07F0	not_visited
0x1402C4F33	0x1402C07F0	not_visited
0x1402C4F34	0x1402C07F0	not_visited
0x1402C4F35	0x1402C07F0	not_visited
0x1402C4F36	0x1402C07F0	not_visited
0x1402C4F37	0x1402C07F0	not_visited
0x1402C4F38	0x1402C07F0	not_visited
0x1402C4F39	0x1402C07F0	not_visited
0x1402C4F3A	0x1402C07F0	not_visited
0x1402C4F3B	0x1402C07F0	not_visited
0x1402C4F3C	0x1402C07F0	not_visited
0x1402C4F3D	0x1402C07F0	not_visited
0x1402C4F3E	0x1402C07F0	not_visited
0x1402C4F3F	0x1402C07F0	not_visited
0x1402C4F40	0x1402C07F0	not_visited
0x1402C4F41	0x1402C07F0	not_visited
0x1402C4F42	0x1402C07F0	not_visited
0x1402C4F43	0x1402C07F0	not_visited
0x1402C4F44	0x1402C07F0	not_visited
0x1402C4F45	0x1402C07F0	not_visited
0x1402C4F46	0x1402C07F0	not_visited
0x1402C4F47	0x1402C07F0	not_visited
0x1402C4F48	0x1402C07F0	not_visited
0x1402C4F49	0x1402C07F0	not_visited
0x1402C4F4A	0x1402C07F0	not_visited
0x1402C4F4B	0x1402C07F0	not_visited
0x1402C4F4C	0x1402C07F0	not_visited
0x1402C4F4D	0x1402C07F0	not_visited
0x1402C4F4E	0x1402C07F0	not_visited
0x1402C4F4F	0x1402C07F0	not_visited
0x1402C4F50	0x1402C07F0	not_visited
0x1402C4F51	0x1402C07F0	not_visited
0x1402C4F52	0x1402C07F0	not_visited
0x1402C4F53	0x1402C07F0	not_visited
0x1402C4F54	0x1402C07F0	not_visited
0x1402C4F55	0x1402C07F0	not_visited
0x1402C4F56	0x1402C07F0	not_visited
0x1402C4F57	0x1402C07F0	not_visited
0x1402C4F58	0x1402C07F0	not_visited
0x1402C4F59	0x1402C07F0	not_visited
0x1402C4F5A	0x1402C07F0	not_visited
0x1402C4F5B	0x1402C07F0	not_visited
0x1402C50C0	0x1402C07F0	not_visited
0x1402C50C1	0x1402C07F0	not_visited
0x1402C50CC	0x1402C07F0	not_visited
0x1402C50D4	0x1402C07F0	not_visited
0x1402C50D9	0x1402C07F0	not_visited
0x1402C50DC	0x1402C07F0	not_visited
0x1402C50E1	0x1402C07F0	not_visited
0x1402C50ED	0x1402C07F0	not_visited
0x1402C50F9	0x1402C07F0	not_visited
0x1402C5101	0x1402C07F0	not_visited
0x1402C5109	0x1402C07F0	not_visited
0x1402C510C	0x1402C07F0	not_visited
0x1402C510D	0x1402C07F0	not_visited
0x1402C5120	0x1402C07F0	not_visited
0x1402C513C	0x1402C07F0	not_visited
0x1402C5140	0x1402C07F0	not_visited
0x1402C5178	0x1402C07F0	not_visited
0x1402C5190	0x1402C07F0	not_visited
0x1402C519C	0x1402C07F0	not_visited
0x1402C51C0	0x1402C07F0	not_visited
0x1402C5200	0x1402C07F0	not_visited
0x1402C5226	0x1402C07F0	not_visited
0x1402C5227	0x1402C07F0	not_visited
0x1402C5249	0x1402C07F0	not_visited
0x1402C524A	0x1402C07F0	not_visited
0x1402C5251	0x1402C07F0	not_visited
0x1402C5252	0x1402C07F0	not_visited
0x1402C5259	0x1402C07F0	not_visited
0x1402C5261	0x1402C07F0	not_visited
0x1402C52EE	0x1402C07F0	not_visited
0x1402C5324	0x1402C07F0	not_visited
0x1402C5364	0x1402C07F0	not_visited
0x1402C5365	0x1402C07F0	not_visited
0x1402C5370	0x1402C07F0	not_visited
0x1402C5378	0x1402C07F0	not_visited
0x1402C537D	0x1402C07F0	not_visited
0x1402C5380	0x1402C07F0	not_visited
0x1402C5385	0x1402C07F0	not_visited
0x1402C5391	0x1402C07F0	not_visited
0x1402C539D	0x1402C07F0	not_visited
0x1402C53A5	0x1402C07F0	not_visited
0x1402C53AD	0x1402C07F0	not_visited
0x1402C53B0	0x1402C07F0	not_visited
0x1402C53B1	0x1402C07F0	not_visited
0x1402C53C4	0x1402C07F0	not_visited
0x1402C53F4	0x1402C07F0	not_visited
0x1402C5450	0x1402C07F0	not_visited
0x1402C546C	0x1402C07F0	not_visited
0x1402C5490	0x1402C07F0	not_visited
0x1402C54A4	0x1402C07F0	not_visited
0x1402C54B2	0x1402C07F0	not_visited
0x1402C54B3	0x1402C07F0	not_visited
0x1402C54C5	0x1402C07F0	not_visited
0x1402C54DA	0x1402C07F0	not_visited
0x1402C54DB	0x1402C07F0	not_visited
0x1402C54FB	0x1402C07F0	not_visited
0x1402C550F	0x1402C07F0	not_visited
0x1402C5575	0x1402C07F0	not_visited
0x1402C5595	0x1402C07F0	not_visited
0x1402C55BD	0x1402C07F0	not_visited
0x1402C55BE	0x1402C07F0	not_visited
0x1402C55BF	0x1402C07F0	not_visited
0x1402C5664	0x1402C07F0	not_visited
0x1402C56A0	0x1402C07F0	not_visited
0x1402C56D5	0x1402C07F0	not_visited
0x1402C57A6	0x1402C07F0	not_visited
0x1402C57B8	0x1402C07F0	not_visited
0x1402C57E8	0x1402C07F0	not_visited
0x1402C57E9	0x1402C07F0	not_visited
0x1402C57F4	0x1402C07F0	not_visited
0x1402C57F8	0x1402C07F0	not_visited
0x1402C57FD	0x1402C07F0	not_visited
0x1402C5801	0x1402C07F0	not_visited
0x1402C5805	0x1402C07F0	not_visited
0x1402C5811	0x1402C07F0	not_visited
0x1402C5819	0x1402C07F0	not_visited
0x1402C5824	0x1402C07F0	not_visited
0x1402C58A4	0x1402C07F0	not_visited
0x1402C58C4	0x1402C07F0	not_visited
0x1402C58E4	0x1402C07F0	not_visited
0x1402C58E8	0x1402C07F0	not_visited
0x1402C5904	0x1402C07F0	not_visited
0x1402C597C	0x1402C07F0	not_visited
0x1402C5998	0x1402C07F0	not_visited
0x1402C59D8	0x1402C07F0	not_visited
0x1402C59E4	0x1402C07F0	not_visited
0x1402C59EC	0x1402C07F0	not_visited
0x1402C59F0	0x1402C07F0	not_visited
0x1402C59F5	0x1402C07F0	not_visited
0x1402C59F8	0x1402C07F0	not_visited
0x1402C5A09	0x1402C07F0	not_visited
0x1402C5A19	0x1402C07F0	not_visited
0x1402C5A25	0x1402C07F0	not_visited
0x1402C5A38	0x1402C07F0	not_visited
0x1402C5A78	0x1402C07F0	not_visited
0x1402C5A94	0x1402C07F0	not_visited
0x1402C5AD8	0x1402C07F0	not_visited
0x1402C5C38	0x1402C07F0	not_visited
0x1402C5C40	0x1402C07F0	not_visited
0x1402C5C41	0x1402C07F0	not_visited
0x1402C5C8E	0x1402C07F0	not_visited
0x1402C5C94	0x1402C07F0	not_visited
0x1402C5C95	0x1402C07F0	not_visited
0x1402C5C9C	0x1402C07F0	not_visited
0x1402C5CA4	0x1402C07F0	not_visited
0x1402C5CF4	0x1402C07F0	not_visited
0x1402C5CF7	0x1402C07F0	not_visited
0x1402C5CFA	0x1402C07F0	not_visited
0x1402C5D06	0x1402C07F0	not_visited
0x1402C5D2A	0x1402C07F0	not_visited
0x1402C5D2B	0x1402C07F0	not_visited
0x1402C5D2C	0x1402C07F0	not_visited
0x1402C5D31	0x1402C07F0	not_visited
0x1402C5D5F	0x1402C07F0	not_visited
0x1402C5D77	0x1402C07F0	not_visited
0x1402C5DA9	0x1402C07F0	not_visited
0x1402C5DB8	0x1402C07F0	not_visited
0x1402C6F2C	0x1402C6D90	not_visited
0x1402C6F50	0x1402C6D90	not_visited
0x1402C6F68	0x1402C6D90	not_visited
0x1402C6FB2	0x1402C6D90	not_visited
0x1402C6FB3	0x1402C6D90	not_visited
0x1402CB370	0x1402CB14A	not_visited
0x1402CB374	0x1402CB14A	not_visited
0x1402CB378	0x1402CB14A	not_visited
0x1402CBB60	0x1402CBB19	not_visited
0x1402CC5F1	0x1402CC530	not_visited
0x1402CC5F5	0x1402CC530	not_visited
0x1402CC5F9	0x1402CC530	not_visited
0x1402CC601	0x1402CC530	not_visited
0x1402CC609	0x1402CC530	not_visited
0x1402CCE65		not_visited
0x1402CCE6C		not_visited
0x1402CCE6D		not_visited
0x1402CFA00	0x1402CF939	not_visited
0x1402D101C	0x1402D0F60	not_visited
0x1402E0731		not_visited
0x1402E0735		not_visited
0x1402E073D		not_visited
0x1402E0741		not_visited
0x1402E0745		not_visited
0x1402E074D		not_visited
0x1402E0751		not_visited
0x1402E0755		not_visited
0x1402E075D		not_visited
0x1402E0786		not_visited
0x1402E0795		not_visited
0x1402E9A74	0x1402E9950	not_visited
0x1402E9A79	0x1402E9950	not_visited
0x1402E9A8D	0x1402E9950	not_visited
0x1402F03E6	0x1402F0070	not_visited
0x1402F0402	0x1402F0070	not_visited
0x1402F0760	0x1402F0440	not_visited
0x1402F0762	0x1402F0440	not_visited
0x1402F076A	0x1402F0440	not_visited
0x1402F076E	0x1402F0440	not_visited
0x1402F0771	0x1402F0440	not_visited
0x1402F0772	0x1402F0440	not_visited
0x1402F0775	0x1402F0440	not_visited
0x1402F0776	0x1402F0440	not_visited
0x1402F078E	0x1402F0440	not_visited
0x1402F079A	0x1402F0440	not_visited
0x1402F07A6	0x1402F0440	not_visited
0x1402F07AD	0x1402F0440	not_visited
0x1402F07AE	0x1402F0440	not_visited
0x1402F07B6	0x1402F0440	not_visited
0x1402F07BA	0x1402F0440	not_visited
0x1402F07C6	0x1402F0440	not_visited
0x1402F07CD	0x1402F0440	not_visited
0x1402F07CE	0x1402F0440	not_visited
0x1402F0E7A	0x1402F0E4C	not_visited
0x1402F0E82	0x1402F0E4C	not_visited
0x1402F6D6E	0x1402F6AA0	not_visited
0x1402F6D72	0x1402F6AA0	not_visited
0x1402F6D76	0x1402F6AA0	not_visited
0x1403156D8	0x1403156B0	not_visited
0x140316BF0		not_visited
0x1403173A4	0x140316E10	not_visited
0x14031E15C	0x14031E0B0	not_visited
0x14031E198	0x14031E190	inside_visited_instruction
0x14031E53C	0x14031E534	not_visited
0x14031F790	0x14031F050	not_visited
0x14031F7A8	0x14031F050	not_visited
0x14032429C	0x140323FB0	not_visited
0x1403242A4	0x140323FB0	not_visited
0x14032CB3E	0x14032CB06	not_visited
0x14032CB3F	0x14032CB06	not_visited
0x14032CB40	0x14032CB06	not_visited
0x14032CB41	0x14032CB06	not_visited
0x14032CB42	0x14032CB06	not_visited
0x14032CB43	0x14032CB06	not_visited
0x14032CB44	0x14032CB06	not_visited
0x14032CB45	0x14032CB06	not_visited
0x14032CB46	0x14032CB06	not_visited
0x14032CB47	0x14032CB06	not_visited
0x14032CB48	0x14032CB06	not_visited
0x14032CB49	0x14032CB06	not_visited
0x14032CB4A	0x14032CB06	not_visited
0x14032CB4B	0x14032CB06	not_visited
0x14032CB4C	0x14032CB06	not_visited
0x14032CB4D	0x14032CB06	not_visited
0x14032CB4E	0x14032CB06	not_visited
0x14032CB4F	0x14032CB06	not_visited
0x14032CB50	0x14032CB06	not_visited
0x14032CB51	0x14032CB06	not_visited
0x14032CB52	0x14032CB06	not_visited
0x14032CB53	0x14032CB06	not_visited
0x14032CB54	0x14032CB06	not_visited
0x14032CB55	0x14032CB06	not_visited
0x14032CB56	0x14032CB06	not_visited
0x14032CB57	0x14032CB06	not_visited
0x14032CB58	0x14032CB06	not_visited
0x14032CB59	0x14032CB06	not_visited
0x14032CB5A	0x14032CB06	not_visited
0x14032CB5B	0x14032CB06	not_visited
0x14032CB5C	0x14032CB06	not_visited
0x14032CB5D	0x14032CB06	not_visited
0x14032CB5E	0x14032CB06	not_visited
0x14032CB5F	0x14032CB06	not_visited
0x14032CB60	0x14032CB06	not_visited
0x14032CB61	0x14032CB06	not_visited
0x14032CB62	0x14032CB06	not_visited
0x14032CB63	0x14032CB06	not_visited
0x14032CB66	0x14032CB06	not_visited
0x14032CB67	0x14032CB06	not_visited
0x14032CB68	0x14032CB06	not_visited
0x14032CB69	0x14032CB06	not_visited
0x14032CB6A	0x14032CB06	not_visited
0x14032CB6B	0x14032CB06	not_visited
0x14032CB6C	0x14032CB06	not_visited
0x14032CB6D	0x14032CB06	not_visited
0x14032CB6E	0x14032CB06	not_visited
0x14032CB6F	0x14032CB06	not_visited
0x14032CB70	0x14032CB06	not_visited
0x14032CB71	0x14032CB06	not_visited
0x14032CB72	0x14032CB06	not_visited
0x14032CB73	0x14032CB06	not_visited
0x14032CB74	0x14032CB06	not_visited
0x14032CB75	0x14032CB06	not_visited
0x14032CB76	0x14032CB06	not_visited
0x14032CB77	0x14032CB06	not_visited
0x14032CB78	0x14032CB06	not_visited
0x14032CB79	0x14032CB06	not_visited
0x14032CB7A	0x14032CB06	not_visited
0x14032CB7B	0x14032CB06	not_visited
0x14032CB7C	0x14032CB06	not_visited
0x14032CB7D	0x14032CB06	not_visited
0x14032CB7E	0x14032CB06	not_visited
0x14032CB7F	0x14032CB06	not_visited
0x14032CB80	0x14032CB06	not_visited
0x14032CB81	0x14032CB06	not_visited
0x140334300	0x140334160	not_visited
0x140337321		not_visited
0x140337322		not_visited
0x140337325		not_visited
0x140337326		not_visited
0x140337327		not_visited
0x140337328		not_visited
0x140337329		not_visited
0x14033732A		not_visited
0x14033732D		not_visited
0x14033732E		not_visited
0x14033732F		not_visited
0x140337330		not_visited
0x140337331		not_visited
0x140337332		not_visited
0x140337333		not_visited
0x140337334		not_visited
0x140337335		not_visited
0x140337336		not_visited
0x140337337		not_visited
0x140337338		not_visited
0x140337339		not_visited
0x14033733A		not_visited
0x140337340		not_visited
0x140337341		not_visited
0x140337342		not_visited
0x140337343		not_visited
0x140337344		not_visited
0x140337345		not_visited
0x140337346		not_visited
0x140337347		not_visited
0x140337348		not_visited
0x140337349		not_visited
0x14033734A		not_visited
0x14033734B		not_visited
0x14033734C		not_visited
0x14033734D		not_visited
0x14033734E		not_visited
0x14033734F		not_visited
0x140337350		not_visited
0x140337351		not_visited
0x140337352		not_visited
0x140337353		not_visited
0x140337354		not_visited
0x140337355		not_visited
0x140337356		not_visited
0x140337357		not_visited
0x140337358		not_visited
0x140337359		not_visited
0x14033735A		not_visited
0x14033735B		not_visited
0x14033C424	0x14033C3E3	not_visited
0x14033C8D5	0x14033C440	not_visited
0x14033C8D9	0x14033C440	not_visited
0x14033C8E1	0x14033C440	not_visited
0x14033C8F1	0x14033C440	not_visited
0x14033C8F9	0x14033C440	not_visited
0x14033CEF8	0x14033CECF	not_visited
0x14033CF11	0x14033CECF	not_visited
0x14033D549	0x14033D1FD	not_visited
0x14033D54C	0x14033D1FD	not_visited
0x14033D54D	0x14033D1FD	not_visited
0x14033ED74	0x14033E2A0	not_visited
0x14033ED85	0x14033E2A0	not_visited
0x14033EDCC	0x14033E2A0	not_visited
0x14033EDDA	0x14033E2A0	not_visited
0x14033EDDB	0x14033E2A0	not_visited
0x14033F024		not_visited
0x14033F89C	0x14033F875	not_visited
0x1403430A5	0x140343081	not_visited
0x1403430DC	0x140343081	not_visited
0x1403430FD	0x140343081	not_visited
0x140343101	0x140343081	not_visited
