begin_va	end_va_exclusive	unwind_va	version	flags	chain_begin_va	chain_end_va	chain_unwind_va
0x140001200	0x140001233	0x1405463d4	1	0			
0x140001450	0x140001482	0x14054f8f4	1	0			
0x140002370	0x14000252a	0x140522164	1	2			
0x140002530	0x14000256c	0x140538250	1	0			
0x140002570	0x1400025c0	0x140538250	1	0			
0x1400026c0	0x140002710	0x14054f8f4	1	0			
0x140002710	0x140002748	0x14054f8f4	1	0			
0x140002a60	0x140002a7b	0x14054f8f4	1	0			
0x140002a80	0x140002a9b	0x14054f8f4	1	0			
0x140002aa0	0x140002ad4	0x14054f8f4	1	0			
0x140002f20	0x140002f48	0x14054f8f4	1	0			
0x140003190	0x1400031bf	0x14054f8f4	1	0			
0x1400034c0	0x1400034e8	0x14054f8f4	1	0			
0x140003af0	0x140003b24	0x14054f8f4	1	0			
0x140010670	0x1400106a4	0x14054f8f4	1	0			
0x14001c4c0	0x14001c4fc	0x140538250	1	0			
0x14001c500	0x14001c537	0x14054f8f4	1	0			
0x14001c540	0x14001c577	0x14054f8f4	1	0			
0x14001c580	0x14001c5d5	0x140549ab8	1	2			
0x14001c5e0	0x14001c625	0x14054f8f4	1	0			
0x14001e850	0x14001e8df	0x140538250	1	0			
0x14001f300	0x14001f355	0x14054bf38	1	2			
0x14001fbc0	0x14001fc78	0x14054f8f4	1	0			
0x140020490	0x1400204fb	0x14054c718	1	2			
0x140020700	0x1400207b6	0x14054f8f4	1	0			
0x1400209c0	0x140020a54	0x14054c984	1	2			
0x140020b60	0x140020b93	0x14054c9b0	1	0			
0x140020ba0	0x140020bcd	0x14054c9b0	1	0			
0x140020bd0	0x140020c09	0x14054c9bc	1	0			
0x140020c10	0x140020c49	0x14054c9bc	1	0			
0x140020c50	0x140020c89	0x14054c9bc	1	0			
0x140020c90	0x140020cc9	0x14054c9bc	1	0			
0x140020cd0	0x140020cfd	0x14054c9b0	1	0			
0x140020d00	0x140020d2d	0x14054c9b0	1	0			
0x140020d30	0x140020d5d	0x14054c9b0	1	0			
0x140020d60	0x140020d8d	0x14054c9b0	1	0			
0x140020d90	0x140020dbd	0x14054c9b0	1	0			
0x1400212c0	0x1400212f3	0x14053c418	1	0			
0x140021f60	0x140021f80	0x14054f8f4	1	0			
0x140021f80	0x140022003	0x14054de08	1	2			
0x140022d40	0x140022d7c	0x140538250	1	0			
0x140022e80	0x140022ed5	0x14054e7a8	1	2			
0x140023430	0x14002349c	0x14053c418	1	0			
0x140023e10	0x140023eea	0x14054eeb0	1	2			
0x140023ff0	0x140024056	0x140538250	1	0			
0x140024270	0x1400242ae	0x140538250	1	0			
0x140025050	0x140025070	0x14054f8f4	1	0			
0x140025580	0x1400255a0	0x14054f8f4	1	0			
0x140025aa0	0x140025ae5	0x14054f8f4	1	0			
0x140025bf0	0x140025c2f	0x14054f8f4	1	0			
0x140026140	0x140026168	0x14054f8f4	1	0			
0x140026270	0x140026298	0x14054f8f4	1	0			
0x1400264b0	0x140026521	0x14054f8f4	1	0			
0x140029880	0x1400298a2	0x140543c90	1	0			
0x1400298a2	0x140029a80	0x140520f80	1	4	0x140029880	0x1400298a2	0x140543c90
0x140029a80	0x140029b30	0x140520f9c	1	4	0x140029880	0x1400298a2	0x140543c90
0x140029bd0	0x140029c25	0x14053c418	1	0			
0x140029c30	0x140029c72	0x14053c418	1	0			
0x140029c80	0x140029d00	0x14054f6d0	1	0			
0x140029d00	0x140029d6f	0x14054854c	1	0			
0x140029d70	0x140029dff	0x140520fac	1	3			
0x140029e00	0x140029e82	0x14054f8f4	1	0			
0x140029e90	0x140029f10	0x14054f8f4	1	0			
0x140029f20	0x14002a029	0x1405211a4	1	3			
0x14002a030	0x14002a0a2	0x14054f8f4	1	0			
0x14002a0b0	0x14002a16b	0x1405211bc	1	0			
0x14002a16b	0x14002a1e5	0x1405211d0	1	4	0x14002a0b0	0x14002a16b	0x1405211bc
0x14002a1e5	0x14002a205	0x1405211e4	1	4	0x14002a0b0	0x14002a16b	0x1405211bc
0x14002a205	0x14002a20a	0x1405211f4	1	4	0x14002a0b0	0x14002a16b	0x1405211bc
0x14002a210	0x14002a237	0x14053cf70	1	0			
0x14002a237	0x14002a28f	0x14052117c	1	4	0x14002a210	0x14002a237	0x14053cf70
0x14002a28f	0x14002a2a1	0x140521194	1	4	0x14002a210	0x14002a237	0x14053cf70
0x14002a2b0	0x14002a2ed	0x140521208	1	3			
0x14002a2ed	0x14002a7b9	0x140521220	1	4	0x14002a2b0	0x14002a2ed	0x140521208
0x14002a7b9	0x14002a7d7	0x140521240	1	4	0x14002a2b0	0x14002a2ed	0x140521208
0x14002a7f0	0x14002a87a	0x1405463d4	1	0			
0x14002a8b0	0x14002a8d6	0x140521124	1	0			
0x14002a8d6	0x14002a8ea	0x140521130	1	4	0x14002a8b0	0x14002a8d6	0x140521124
0x14002a8ea	0x14002a981	0x140521144	1	4	0x14002a8d6	0x14002a8ea	0x140521130
0x14002a981	0x14002a986	0x14052115c	1	4	0x14002a8d6	0x14002a8ea	0x140521130
0x14002a986	0x14002a992	0x14052116c	1	4	0x14002a8b0	0x14002a8d6	0x140521124
0x14002a9a0	0x14002a9b7	0x14053c418	1	0			
0x14002a9b7	0x14002a9c7	0x140521028	1	4	0x14002a9a0	0x14002a9b7	0x14053c418
0x14002a9c7	0x14002a9fd	0x14052103c	1	4	0x14002a9b7	0x14002a9c7	0x140521028
0x14002a9fd	0x14002aa02	0x140521050	1	4	0x14002a9b7	0x14002a9c7	0x140521028
0x14002aa02	0x14002aa08	0x140521060	1	4	0x14002a9a0	0x14002a9b7	0x14053c418
0x14002aa20	0x14002aa37	0x14053c418	1	0			
0x14002aa37	0x14002aa47	0x140521070	1	4	0x14002aa20	0x14002aa37	0x14053c418
0x14002aa47	0x14002aa7d	0x140521084	1	4	0x14002aa37	0x14002aa47	0x140521070
0x14002aa7d	0x14002aa82	0x140521098	1	4	0x14002aa37	0x14002aa47	0x140521070
0x14002aa82	0x14002aa88	0x1405210a8	1	4	0x14002aa20	0x14002aa37	0x14053c418
0x14002aa90	0x14002aaa7	0x14053c418	1	0			
0x14002aaa7	0x14002aab7	0x1405210b8	1	4	0x14002aa90	0x14002aaa7	0x14053c418
0x14002aab7	0x14002aaed	0x1405210cc	1	4	0x14002aaa7	0x14002aab7	0x1405210b8
0x14002aaed	0x14002aaf2	0x1405210e0	1	4	0x14002aaa7	0x14002aab7	0x1405210b8
0x14002aaf2	0x14002aaf8	0x1405210f0	1	4	0x14002aa90	0x14002aaa7	0x14053c418
0x14002aba0	0x14002abc0	0x140523c40	1	0			
0x14002abc0	0x14002ac07	0x140521100	1	4	0x14002aba0	0x14002abc0	0x140523c40
0x14002ac07	0x14002ac1a	0x140521114	1	4	0x14002aba0	0x14002abc0	0x140523c40
0x14002ac20	0x14002ac53	0x140528d7c	1	0			
0x14002ac53	0x14002ac92	0x140521250	1	4	0x14002ac20	0x14002ac53	0x140528d7c
0x14002ac92	0x14002ac9f	0x140521264	1	4	0x14002ac20	0x14002ac53	0x140528d7c
0x14002acd0	0x14002ad5a	0x14054854c	1	0			
0x14002ad60	0x14002ad87	0x14053bde0	1	0			
0x14002ad87	0x14002adc5	0x140521278	1	4	0x14002ad60	0x14002ad87	0x14053bde0
0x14002adc5	0x14002adf1	0x14052128c	1	4	0x14002ad60	0x14002ad87	0x14053bde0
0x14002ae20	0x14002ae7e	0x14054854c	1	0			
0x14002ae80	0x14002ae91	0x14054f8f4	1	0			
0x14002aea0	0x14002aed6	0x1405463d4	1	0			
0x14002aef0	0x14002af13	0x14054f8f4	1	0			
0x14002af30	0x14002af5b	0x14054f8f4	1	0			
0x14002af60	0x14002af71	0x14054f8f4	1	0			
0x14002af80	0x14002aff6	0x1405463d4	1	0			
0x14002b000	0x14002b00e	0x14052129c	1	0			
0x14002b00e	0x14002b043	0x1405212a4	1	4	0x14002b000	0x14002b00e	0x14052129c
0x14002b043	0x14002b04e	0x1405212bc	1	4	0x14002b000	0x14002b00e	0x14052129c
0x14002b050	0x14002b06d	0x14054f8f4	1	0			
0x14002b160	0x14002b662	0x140521360	1	3			
0x14002b662	0x14002b66a	0x140521378	1	4	0x14002b160	0x14002b662	0x140521360
0x14002b66a	0x14002b97e	0x14052138c	1	4	0x14002b662	0x14002b66a	0x140521378
0x14002b97e	0x14002ba79	0x1405213a4	1	4	0x14002b662	0x14002b66a	0x140521378
0x14002ba79	0x14002bacc	0x1405213b8	1	4	0x14002b160	0x14002b662	0x140521360
0x14002bc30	0x14002bdf8	0x14054854c	1	0			
0x14002be00	0x14002be6b	0x140538250	1	0			
0x14002be70	0x14002bf85	0x1405213c8	1	0			
0x14002bf90	0x14002c095	0x1405213c8	1	0			
0x14002c0a0	0x14002c1b5	0x1405213c8	1	0			
0x14002c1c0	0x14002c2b3	0x140528cd4	1	3			
0x14002c2c0	0x14002c3d5	0x1405213c8	1	0			
0x14002c3e0	0x14002c424	0x140545b9c	1	0			
0x14002c424	0x14002c812	0x1405212e8	1	4	0x14002c3e0	0x14002c424	0x140545b9c
0x14002c812	0x14002c94d	0x140521304	1	4	0x14002c3e0	0x14002c424	0x140545b9c
0x14002c950	0x14002c993	0x14054f8f4	1	0			
0x14002c993	0x14002c9a4	0x140521314	1	4	0x14002c950	0x14002c993	0x14054f8f4
0x14002c9a4	0x14002cbbd	0x14052132c	1	4	0x14002c993	0x14002c9a4	0x140521314
0x14002cbbd	0x14002cbea	0x140521340	1	4	0x14002c993	0x14002c9a4	0x140521314
0x14002cbea	0x14002cc10	0x140521350	1	4	0x14002c950	0x14002c993	0x14054f8f4
0x14002cc10	0x14002cd04	0x140526458	1	0			
0x14002cd60	0x14002d9a4	0x1405212cc	1	3			
0x14002d9c0	0x14002d9fb	0x140521408	1	3			
0x14002d9fb	0x14002dac8	0x140521418	1	4	0x14002d9c0	0x14002d9fb	0x140521408
0x14002dac8	0x14002dd64	0x14052142c	1	4	0x14002d9fb	0x14002dac8	0x140521418
0x14002dd64	0x14002dd6d	0x14052144c	1	4	0x14002d9fb	0x14002dac8	0x140521418
0x14002dd6d	0x14002dd85	0x14052145c	1	4	0x14002d9c0	0x14002d9fb	0x140521408
0x14002dd90	0x14002ddc7	0x1405213d0	1	3			
0x14002ddc7	0x14002df5b	0x1405213e4	1	4	0x14002dd90	0x14002ddc7	0x1405213d0
0x14002df5b	0x14002df79	0x1405213f8	1	4	0x14002dd90	0x14002ddc7	0x1405213d0
0x14002dfd0	0x14002dffb	0x14052146c	1	3			
0x14002e000	0x14002e090	0x140526458	1	0			
0x14002e0b0	0x14002e109	0x1405463d4	1	0			
0x14002e160	0x14002e1be	0x1405463d4	1	0			
0x14002e1c0	0x14002e3ed	0x140521918	1	0			
0x14002e3f0	0x14002e528	0x140521908	1	0			
0x14002e530	0x14002e5ae	0x140521688	1	2			
0x14002e5b0	0x14002e5d1	0x1405218bc	1	3			
0x14002e5f0	0x14002e675	0x14053c418	1	0			
0x14002e680	0x14002e703	0x1405216c0	1	3			
0x14002e710	0x14002e728	0x140521624	1	3			
0x14002e7d0	0x14002e90d	0x140521668	1	3			
0x14002e910	0x14002e929	0x14054f8f4	1	0			
0x14002e930	0x14002ea35	0x140521654	1	3			
0x14002ea40	0x14002ead9	0x140521640	1	0			
0x14002eae0	0x14002eb79	0x1405218d8	1	2			
0x14002eb80	0x14002ed22	0x140521530	1	3			
0x14002ed30	0x14002ed7a	0x140521838	1	0			
0x14002ed7a	0x14002eda7	0x140521844	1	4	0x14002ed30	0x14002ed7a	0x140521838
0x14002eda7	0x14002ee2b	0x14052185c	1	4	0x14002ed7a	0x14002eda7	0x140521844
0x14002ee2b	0x14002ee95	0x14052189c	1	4	0x14002ed7a	0x14002eda7	0x140521844
0x14002ee95	0x14002eeeb	0x14052187c	1	4	0x14002ed7a	0x14002eda7	0x140521844
0x14002eeeb	0x14002ef70	0x14052189c	1	4	0x14002ed7a	0x14002eda7	0x140521844
0x14002ef70	0x14002ef7e	0x1405218ac	1	4	0x14002ed30	0x14002ed7a	0x140521838
0x14002ef80	0x14002f066	0x14054854c	1	0			
0x14002f070	0x14002f0d2	0x14054f8f4	1	0			
0x14002f0e0	0x14002f205	0x1405245f0	1	0			
0x14002f210	0x14002f33d	0x14054854c	1	0			
0x14002f380	0x14002f446	0x1405463d4	1	0			
0x14002f450	0x14002f4e2	0x1405412e4	1	3			
0x14002f4f0	0x14002f651	0x140521820	1	0			
0x14002f660	0x14002f733	0x1405245f0	1	0			
0x14002f740	0x14002f81b	0x1405245f0	1	0			
0x14002f820	0x14002f92f	0x1405217d0	1	3			
0x14002f930	0x14002f972	0x140521730	1	0			
0x14002f972	0x14002f9ab	0x140521744	1	4	0x14002f930	0x14002f972	0x140521730
0x14002f9ab	0x14002f9de	0x140521758	1	4	0x14002f930	0x14002f972	0x140521730
0x14002f9de	0x14002f9e3	0x140521768	1	4	0x14002f930	0x14002f972	0x140521730
0x14002fa00	0x14002fad7	0x1405216f0	1	2			
0x14002fae0	0x14002fc6f	0x14052177c	1	2			
0x14002fc70	0x14002fc80	0x14054f8f4	1	0			
0x14002fca0	0x14002fd25	0x140521494	1	3			
0x14002fd25	0x14002fd43	0x1405214ac	1	4	0x14002fca0	0x14002fd25	0x140521494
0x14002fd43	0x14002fde5	0x1405214c0	1	4	0x14002fd25	0x14002fd43	0x1405214ac
0x14002fde5	0x14002fded	0x1405214dc	1	4	0x14002fd25	0x14002fd43	0x1405214ac
0x14002fded	0x14002fe0b	0x1405214ec	1	4	0x14002fca0	0x14002fd25	0x140521494
0x14002fe0b	0x14002fe2a	0x1405214fc	1	4	0x14002fca0	0x14002fd25	0x140521494
0x14002fe2a	0x14002ff66	0x14052151c	1	4	0x14002fca0	0x14002fd25	0x140521494
0x14002ff80	0x14002ffdb	0x140521488	1	0			
0x14002ffe0	0x140030115	0x1405219bc	1	0			
0x140030190	0x14003052c	0x14054f8f4	1	0			
0x140030560	0x140030571	0x14054f8f4	1	0			
0x140030580	0x1400305b8	0x140538250	1	0			
0x1400305e0	0x140030667	0x14052fb70	1	0			
0x140030667	0x1400306b8	0x140521998	1	4	0x1400305e0	0x140030667	0x14052fb70
0x1400306b8	0x140030752	0x1405219ac	1	4	0x1400305e0	0x140030667	0x14052fb70
0x140030760	0x14003099b	0x140521984	1	3			
0x1400309a0	0x1400309ba	0x14053c418	1	0			
0x1400309c0	0x140030a15	0x140521930	1	0			
0x140030a20	0x140030a53	0x140538250	1	0			
0x140030ab0	0x140030cb2	0x14052196c	1	0			
0x140030d30	0x140030db1	0x14052193c	1	0			
0x140030dc0	0x140030e40	0x140521948	1	0			
0x140030e40	0x140030e80	0x14053de28	1	0			
0x140030f10	0x140030fbe	0x140521958	1	0			
0x140030fc0	0x140031078	0x140521958	1	0			
0x140031080	0x140031127	0x140521958	1	0			
0x140031130	0x1400311c3	0x140532c6c	1	0			
0x1400312b0	0x1400313ea	0x1405219d8	1	0			
0x140031480	0x14003164f	0x140521b2c	1	3			
0x140031650	0x140031aa7	0x140521b40	1	3			
0x140031ab0	0x140031b12	0x14054f8f4	1	0			
0x140031b20	0x140031bde	0x140533e98	1	3			
0x140031be0	0x140031c02	0x14054f8f4	1	0			
0x140031c40	0x140031ca4	0x14052271c	1	3			
0x140031d70	0x140031ef8	0x1405219f4	1	3			
0x140031ef8	0x140031f49	0x140521a10	1	4	0x140031d70	0x140031ef8	0x1405219f4
0x140031f49	0x140031f67	0x140521a24	1	4	0x140031d70	0x140031ef8	0x1405219f4
0x140031f70	0x140031fad	0x14053c418	1	0			
0x140031fb0	0x140031fdc	0x140521b7c	1	0			
0x140031fdc	0x140032095	0x140521b8c	1	4	0x140031fb0	0x140031fdc	0x140521b7c
0x140032095	0x1400320a8	0x140521ba8	1	4	0x140031fb0	0x140031fdc	0x140521b7c
0x1400320b0	0x140032136	0x1405412e4	1	3			
0x140032140	0x14003215a	0x14054f8f4	1	0			
0x14003215a	0x1400321a0	0x140521adc	1	4	0x140032140	0x14003215a	0x14054f8f4
0x1400321a0	0x1400321a7	0x140521af8	1	4	0x140032140	0x14003215a	0x14054f8f4
0x1400321b0	0x140032260	0x14054fa58	1	3			
0x140032260	0x1400322ab	0x140521a90	1	4	0x1400321b0	0x140032260	0x14054fa58
0x1400322ab	0x140032415	0x140521aa4	1	4	0x140032260	0x1400322ab	0x140521a90
0x140032415	0x14003244b	0x140521abc	1	4	0x140032260	0x1400322ab	0x140521a90
0x14003244b	0x140032462	0x140521acc	1	4	0x1400321b0	0x140032260	0x14054fa58
0x140032470	0x1400324c4	0x1405463d4	1	0			
0x1400324d0	0x14003253e	0x140521b08	1	3			
0x140032540	0x1400325cf	0x140521b18	1	3			
0x1400325d0	0x140032902	0x140521a34	1	3			
0x140032910	0x140032952	0x140521a50	1	3			
0x140032952	0x140032a61	0x140521a68	1	4	0x140032910	0x140032952	0x140521a50
0x140032a61	0x140032a80	0x140521a80	1	4	0x140032910	0x140032952	0x140521a50
0x140032a80	0x140032b99	0x140521b68	1	0			
0x140032cd0	0x140032d10	0x140521bb8	1	0			
0x140032d10	0x140033266	0x140521bc4	1	4	0x140032cd0	0x140032d10	0x140521bb8
0x140033266	0x140033308	0x140521bec	1	4	0x140032cd0	0x140032d10	0x140521bb8
0x140033390	0x1400333ba	0x140521bfc	1	0			
0x1400333f0	0x14003347b	0x14052272c	1	3			
0x140033500	0x140033597	0x14054fb58	1	3			
0x1400335c0	0x1400335f3	0x14054f8f4	1	0			
0x140033600	0x140033636	0x14054f8f4	1	0			
0x140033640	0x14003368f	0x14054f8f4	1	0			
0x140033700	0x140033734	0x1405463d4	1	0			
0x140033790	0x140033899	0x140521c04	1	2			
0x140033910	0x140033a86	0x140521c58	1	3			
0x140033a90	0x140033de1	0x14054854c	1	0			
0x140033df0	0x140033e22	0x14054f8f4	1	0			
0x140033e30	0x140033ec1	0x14053c418	1	0			
0x140033ed0	0x140033f2b	0x14053c418	1	0			
0x140033f30	0x140033f58	0x14054f8f4	1	0			
0x140033f60	0x140033f77	0x140522198	1	3			
0x140033f77	0x140033ff0	0x1405221a8	1	4	0x140033f60	0x140033f77	0x140522198
0x140033ff0	0x140034092	0x1405221c8	1	4	0x140033f77	0x140033ff0	0x1405221a8
0x140034092	0x1400340ae	0x1405221e4	1	4	0x140033f77	0x140033ff0	0x1405221a8
0x1400340ae	0x1400340f6	0x1405221f4	1	4	0x140033f60	0x140033f77	0x140522198
0x140034100	0x140034474	0x1405222f8	1	3			
0x140034474	0x14003449c	0x140522314	1	4	0x140034100	0x140034474	0x1405222f8
0x14003449c	0x14003453c	0x140522328	1	4	0x140034100	0x140034474	0x1405222f8
0x140034540	0x14003464b	0x140522278	1	2			
0x140034650	0x14003475a	0x1405222b0	1	2			
0x140034760	0x14003486d	0x140522338	1	2			
0x140034870	0x140034972	0x140522240	1	2			
0x140034980	0x140034a80	0x140522204	1	2			
0x140034a80	0x140034bff	0x14054854c	1	0			
0x140034c00	0x140034c9c	0x14054854c	1	0			
0x140034ca0	0x140034d43	0x14054854c	1	0			
0x140034d50	0x140034e29	0x140522438	1	3			
0x140034e30	0x140034ee0	0x140522564	1	3			
0x140034ee0	0x140034feb	0x14052257c	1	4	0x140034e30	0x140034ee0	0x140522564
0x140034feb	0x140035004	0x140522590	1	4	0x140034e30	0x140034ee0	0x140522564
0x140035010	0x140035043	0x14054f8f4	1	0			
0x140035043	0x140035080	0x1405224b4	1	4	0x140035010	0x140035043	0x14054f8f4
0x140035080	0x1400350ae	0x1405224c8	1	4	0x140035010	0x140035043	0x14054f8f4
0x1400350b0	0x14003512d	0x1405463d4	1	0			
0x140035130	0x1400356de	0x1405225a0	1	3			
0x1400356e0	0x14003596b	0x140522548	1	3			
0x140035970	0x140035a69	0x1405223dc	1	3			
0x140035a70	0x140035e34	0x1405224d8	1	3			
0x140035e40	0x140035e68	0x14054f8f4	1	0			
0x140035e68	0x140035ea5	0x140522490	1	4	0x140035e40	0x140035e68	0x14054f8f4
0x140035ea5	0x140035ed3	0x1405224a4	1	4	0x140035e40	0x140035e68	0x14054f8f4
0x140035fb0	0x140036008	0x140522480	1	3			
0x140036010	0x1400360ab	0x140521d60	1	2			
0x1400360b0	0x1400360db	0x14053c418	1	0			
0x1400360e0	0x140036103	0x140521c7c	1	3			
0x140036110	0x140036136	0x14053c418	1	0			
0x140036150	0x140036176	0x14053c418	1	0			
0x1400361b0	0x1400361d3	0x14053c418	1	0			
0x1400361e0	0x14003624c	0x1405463d4	1	0			
0x140036250	0x14003635c	0x140521cd0	1	2			
0x140036360	0x14003639a	0x14053bde0	1	0			
0x14003639a	0x1400363da	0x140521fe8	1	4	0x140036360	0x14003639a	0x14053bde0
0x1400363da	0x14003641b	0x140521ffc	1	4	0x140036360	0x14003639a	0x14053bde0
0x14003641b	0x14003645b	0x140521ffc	1	4	0x140036360	0x14003639a	0x14053bde0
0x14003645b	0x14003649a	0x140521ffc	1	4	0x140036360	0x14003639a	0x14053bde0
0x14003649a	0x1400364cb	0x140521ffc	1	4	0x140036360	0x14003639a	0x14053bde0
0x1400364cb	0x1400364fa	0x140521ffc	1	4	0x140036360	0x14003639a	0x14053bde0
0x140036570	0x14003686e	0x140521ed8	1	3			
0x140036870	0x140036885	0x14053c418	1	0			
0x140036885	0x1400368bb	0x140521df0	1	4	0x140036870	0x140036885	0x14053c418
0x1400368bb	0x1400368ef	0x140521e04	1	4	0x140036870	0x140036885	0x14053c418
0x1400368f0	0x140036c00	0x1405468a0	1	0			
0x140036c00	0x140036c5e	0x140521da8	1	0			
0x140036c60	0x140036c94	0x14054f8f4	1	0			
0x140036ca0	0x140036d36	0x140521c8c	1	3			
0x140036d36	0x140036e07	0x140521ca4	1	4	0x140036ca0	0x140036d36	0x140521c8c
0x140036e07	0x140036e26	0x140521cc0	1	4	0x140036ca0	0x140036d36	0x140521c8c
0x140036f30	0x14003791b	0x140522010	1	0			
0x140037950	0x140037995	0x14053c418	1	0			
0x140037995	0x1400379a1	0x140521f68	1	4	0x140037950	0x140037995	0x14053c418
0x1400379a1	0x1400379a6	0x140521f7c	1	4	0x140037995	0x1400379a1	0x140521f68
0x1400379a6	0x140037be0	0x140521f90	1	4	0x1400379a1	0x1400379a6	0x140521f7c
0x140037be0	0x140037bf7	0x140521fa4	1	4	0x1400379a1	0x1400379a6	0x140521f7c
0x140037bf7	0x140037c2c	0x140521fb4	1	4	0x140037995	0x1400379a1	0x140521f68
0x140037c2c	0x140037c61	0x140521fc4	1	4	0x140037950	0x140037995	0x14053c418
0x140037c61	0x140037c96	0x140521fc4	1	4	0x140037950	0x140037995	0x14053c418
0x140037c96	0x140037ccb	0x140521fc4	1	4	0x140037950	0x140037995	0x14053c418
0x140037ccb	0x140037d00	0x140521fc4	1	4	0x140037950	0x140037995	0x14053c418
0x140037d00	0x140037d35	0x140521fc4	1	4	0x140037950	0x140037995	0x14053c418
0x140037d35	0x140037d74	0x140521fc4	1	4	0x140037950	0x140037995	0x14053c418
0x140037d74	0x140037d7a	0x140521fd8	1	4	0x140037950	0x140037995	0x14053c418
0x140037dc0	0x140037fb5	0x1405220a8	1	0			
0x140037fc0	0x14003806f	0x14053bde0	1	0			
0x140038070	0x14003809f	0x1405463d4	1	0			
0x1400380a0	0x140038107	0x14053bde0	1	0			
0x140038110	0x1400381a8	0x140521e14	1	3			
0x1400381a8	0x1400381f2	0x140521e2c	1	4	0x140038110	0x1400381a8	0x140521e14
0x1400381f2	0x14003858e	0x140521e40	1	4	0x1400381a8	0x1400381f2	0x140521e2c
0x14003858e	0x1400385bd	0x140521e54	1	4	0x1400381a8	0x1400381f2	0x140521e2c
0x1400385bd	0x1400385f5	0x140521e64	1	4	0x140038110	0x1400381a8	0x140521e14
0x140038600	0x140038616	0x140528d7c	1	0			
0x140038616	0x14003865c	0x140522370	1	4	0x140038600	0x140038616	0x140528d7c
0x14003865c	0x14003867c	0x140522384	1	4	0x140038600	0x140038616	0x140528d7c
0x140038680	0x1400386cb	0x14053c418	1	0			
0x1400386d0	0x1400387f7	0x14052202c	1	3			
0x140038800	0x140038812	0x14054f8f4	1	0			
0x140038812	0x140038871	0x14052210c	1	4	0x140038800	0x140038812	0x14054f8f4
0x140038871	0x1400388b8	0x140522124	1	4	0x140038800	0x140038812	0x14054f8f4
0x1400388b8	0x1400388c6	0x140522140	1	4	0x140038800	0x140038812	0x14054f8f4
0x1400388c6	0x1400388cf	0x140522154	1	4	0x140038800	0x140038812	0x14054f8f4
0x1400388d0	0x140038933	0x1405220bc	1	0			
0x140038933	0x140038a90	0x1405220d4	1	4	0x1400388d0	0x140038933	0x1405220bc
0x140038a90	0x140038aa9	0x1405220e8	1	4	0x1400388d0	0x140038933	0x1405220bc
0x140038ab0	0x140038adb	0x140528d7c	1	0			
0x140038adb	0x140038b2e	0x140522398	1	4	0x140038ab0	0x140038adb	0x140528d7c
0x140038b2e	0x140038b69	0x1405223ac	1	4	0x140038ab0	0x140038adb	0x140528d7c
0x140038b69	0x140038b79	0x1405223c4	1	4	0x140038ab0	0x140038adb	0x140528d7c
0x140038b80	0x140038be4	0x1405463d4	1	0			
0x140038c00	0x140039015	0x140521e74	1	3			
0x140039020	0x140039046	0x14053c36c	1	0			
0x140039046	0x140039083	0x140521d18	1	4	0x140039020	0x140039046	0x14053c36c
0x140039083	0x1400390a6	0x140521d2c	1	4	0x140039020	0x140039046	0x14053c36c
0x140039250	0x140039276	0x14053c36c	1	0			
0x140039276	0x1400392b3	0x140521d3c	1	4	0x140039250	0x140039276	0x14053c36c
0x1400392b3	0x1400392d6	0x140521d50	1	4	0x140039250	0x140039276	0x14053c36c
0x140039320	0x1400393aa	0x14054854c	1	0			
0x140039430	0x14003949f	0x1405463d4	1	0			
0x1400394a0	0x140039528	0x14053bde0	1	0			
0x140039530	0x1400395b8	0x14053bde0	1	0			
0x1400395c0	0x1400396c4	0x140521db4	1	2			
0x1400396d0	0x14003970f	0x14054854c	1	0			
0x140039710	0x1400397a9	0x14053bde0	1	0			
0x1400397b0	0x1400397df	0x1405463d4	1	0			
0x1400397e0	0x140039848	0x14053bde0	1	0			
0x140039850	0x1400398f3	0x1405220f8	1	0			
0x140039990	0x140039a18	0x1405245f0	1	0			
0x140039a20	0x140039aa3	0x1405245f0	1	0			
0x140039ab0	0x140039b24	0x14053c418	1	0			
0x140039b30	0x140039c76	0x14054854c	1	0			
0x140039c80	0x140039cf4	0x140526458	1	0			
0x140039d00	0x140039d72	0x140526458	1	0			
0x140039d80	0x140039e23	0x14053bde0	1	0			
0x140039e30	0x140039eb7	0x140537c40	1	0			
0x140039eb7	0x140039f7c	0x140522040	1	4	0x140039e30	0x140039eb7	0x140537c40
0x140039f7c	0x14003a054	0x140522054	1	4	0x140039e30	0x140039eb7	0x140537c40
0x14003a060	0x14003a19d	0x140522064	1	0			
0x14003a19d	0x14003a393	0x14052206c	1	4	0x14003a060	0x14003a19d	0x140522064
0x14003a393	0x14003a57a	0x14052208c	1	4	0x14003a060	0x14003a19d	0x140522064
0x14003a580	0x14003a5d6	0x140521c6c	1	0			
0x14003a5e0	0x14003a66e	0x14054854c	1	0			
0x14003a670	0x14003a6db	0x14054f8f4	1	0			
0x14003a6e0	0x14003a7b7	0x1405463d4	1	0			
0x14003a7e0	0x14003a828	0x14054f8f4	1	0			
0x14003a828	0x14003a850	0x1405225f8	1	4	0x14003a7e0	0x14003a828	0x14054f8f4
0x14003a850	0x14003a876	0x14052260c	1	4	0x14003a828	0x14003a850	0x1405225f8
0x14003a876	0x14003a91f	0x140522624	1	4	0x14003a850	0x14003a876	0x14052260c
0x14003a91f	0x14003a92f	0x14052263c	1	4	0x14003a850	0x14003a876	0x14052260c
0x14003a92f	0x14003a934	0x14052264c	1	4	0x14003a828	0x14003a850	0x1405225f8
0x14003a934	0x14003a957	0x14052265c	1	4	0x14003a7e0	0x14003a828	0x14054f8f4
0x14003a9e0	0x14003aada	0x1405463d4	1	0			
0x14003ab00	0x14003abe7	0x14053c418	1	0			
0x14003abf0	0x14003ac46	0x14054f8f4	1	0			
0x14003ac50	0x14003acb7	0x1405463d4	1	0			
0x14003acf0	0x14003ad46	0x14054f8f4	1	0			
0x14003ad50	0x14003ae84	0x14054854c	1	0			
0x14003ae90	0x14003b139	0x140522844	1	3			
0x14003b140	0x14003b174	0x1405463d4	1	0			
0x14003b180	0x14003b204	0x1405226d8	1	3			
0x14003b210	0x14003b253	0x1405463d4	1	0			
0x14003b270	0x14003b3a3	0x14052273c	1	3			
0x14003b3b0	0x14003b44a	0x1405463d4	1	0			
0x14003b450	0x14003b4b0	0x14052271c	1	3			
0x14003b4b0	0x14003b53b	0x140533e98	1	3			
0x14003b540	0x14003b5aa	0x14052272c	1	3			
0x14003b5b0	0x14003b5d2	0x14054f8f4	1	0			
0x14003b5e0	0x14003b65d	0x1405463d4	1	0			
0x14003b660	0x14003b68e	0x14053c418	1	0			
0x14003b690	0x14003b6f6	0x140522788	1	3			
0x14003b6f6	0x14003b8ab	0x14052279c	1	4	0x14003b690	0x14003b6f6	0x140522788
0x14003b8ab	0x14003b90b	0x1405227b0	1	4	0x14003b690	0x14003b6f6	0x140522788
0x14003b910	0x14003ba91	0x1405227c0	1	3			
0x14003baa0	0x14003bbc7	0x140539820	1	3			
0x14003bbd0	0x14003bc62	0x140522708	1	3			
0x14003bc70	0x14003be2f	0x140522698	1	3			
0x14003be70	0x14003bea3	0x140522868	1	3			
0x14003bea3	0x14003bfa7	0x14052287c	1	4	0x14003be70	0x14003bea3	0x140522868
0x14003bfa7	0x14003bfe9	0x140522890	1	4	0x14003be70	0x14003bea3	0x140522868
0x14003bff0	0x14003c288	0x1405227f8	1	3			
0x14003c290	0x14003c612	0x1405227d8	1	3			
0x14003c680	0x14003c7db	0x140522770	1	3			
0x14003c7e0	0x14003c996	0x14053ad6c	1	0			
0x14003c9a0	0x14003cb80	0x140522754	1	3			
0x14003cb80	0x14003cc73	0x140522834	1	3			
0x14003cc80	0x14003ce72	0x140522818	1	3			
0x14003cf40	0x14003cf97	0x14053c418	1	0			
0x14003cfa0	0x14003d111	0x140522f34	1	3			
0x14003d120	0x14003d208	0x140545b9c	1	0			
0x14003d210	0x14003d271	0x140522938	1	3			
0x14003d271	0x14003d4f0	0x140522958	1	4	0x14003d210	0x14003d271	0x140522938
0x14003d4f0	0x14003d520	0x140522974	1	4	0x14003d210	0x14003d271	0x140522938
0x14003d520	0x14003d692	0x1405229e4	1	3			
0x14003d692	0x14003d6a1	0x140522a0c	1	4	0x14003d520	0x14003d692	0x1405229e4
0x14003d6a1	0x14003d98c	0x140522a20	1	4	0x14003d692	0x14003d6a1	0x140522a0c
0x14003d98c	0x14003da6a	0x140522a4c	1	4	0x14003d6a1	0x14003d98c	0x140522a20
0x14003da6a	0x14003db22	0x140522a60	1	4	0x14003d6a1	0x14003d98c	0x140522a20
0x14003db22	0x14003dbcc	0x140522a70	1	4	0x14003d692	0x14003d6a1	0x140522a0c
0x14003dbcc	0x14003dbfb	0x140522a80	1	4	0x14003d520	0x14003d692	0x1405229e4
0x14003dc00	0x14003dde0	0x1405235c4	1	0			
0x14003dde0	0x14003de45	0x140522984	1	3			
0x14003de45	0x14003e16c	0x1405229a8	1	4	0x14003dde0	0x14003de45	0x140522984
0x14003e16c	0x14003e19c	0x1405229d4	1	4	0x14003dde0	0x14003de45	0x140522984
0x14003e1a0	0x14003e1f0	0x140522c50	1	3			
0x14003e1f0	0x14003e229	0x140522c6c	1	4	0x14003e1a0	0x14003e1f0	0x140522c50
0x14003e229	0x14003e5d0	0x140522c94	1	4	0x14003e1f0	0x14003e229	0x140522c6c
0x14003e5d0	0x14003e6d4	0x140522cb8	1	4	0x14003e1f0	0x14003e229	0x140522c6c
0x14003e6d4	0x14003e759	0x140522cd8	1	4	0x14003e1a0	0x14003e1f0	0x140522c50
0x14003e759	0x14003e7e9	0x140522cf8	1	4	0x14003e1a0	0x14003e1f0	0x140522c50
0x14003e880	0x14003e91b	0x140545b9c	1	0			
0x14003e920	0x14003e966	0x140522d5c	1	3			
0x14003e966	0x14003ed6c	0x140522d74	1	4	0x14003e920	0x14003e966	0x140522d5c
0x14003ed6c	0x14003ed8d	0x140522d98	1	4	0x14003e920	0x14003e966	0x140522d5c
0x14003ed90	0x14003edcf	0x14054f8f4	1	0			
0x14003edd0	0x14003ee80	0x14053c418	1	0			
0x14003ee80	0x14003eedd	0x14054f8f4	1	0			
0x14003eee0	0x14003ef12	0x140522be0	1	3			
0x14003ef12	0x14003ef28	0x140522bf8	1	4	0x14003eee0	0x14003ef12	0x140522be0
0x14003ef28	0x14003f08d	0x140522c10	1	4	0x14003ef12	0x14003ef28	0x140522bf8
0x14003f08d	0x14003f13f	0x140522c30	1	4	0x14003ef12	0x14003ef28	0x140522bf8
0x14003f13f	0x14003f160	0x140522c40	1	4	0x14003eee0	0x14003ef12	0x140522be0
0x14003f160	0x14003f1af	0x140522b20	1	3			
0x14003f1af	0x14003f55f	0x140522b3c	1	4	0x14003f160	0x14003f1af	0x140522b20
0x14003f55f	0x14003f57b	0x140522b70	1	4	0x14003f160	0x14003f1af	0x140522b20
0x14003f580	0x14003f5d9	0x140522e9c	1	3			
0x14003f5d9	0x14003f5e3	0x140522eac	1	4	0x14003f580	0x14003f5d9	0x140522e9c
0x14003f5e3	0x14003f6bd	0x140522ec0	1	4	0x14003f5d9	0x14003f5e3	0x140522eac
0x14003f6bd	0x14003f74b	0x140522ee0	1	4	0x14003f5d9	0x14003f5e3	0x140522eac
0x14003f74b	0x14003f792	0x140522ef0	1	4	0x14003f580	0x14003f5d9	0x140522e9c
0x14003f7a0	0x14003f7d0	0x140522e10	1	3			
0x14003f7d0	0x14003f7db	0x140522e24	1	4	0x14003f7a0	0x14003f7d0	0x140522e10
0x14003f7db	0x14003f7e6	0x140522e38	1	4	0x14003f7d0	0x14003f7db	0x140522e24
0x14003f7e6	0x14003f92b	0x140522e4c	1	4	0x14003f7db	0x14003f7e6	0x140522e38
0x14003f92b	0x14003fba0	0x140522e6c	1	4	0x14003f7db	0x14003f7e6	0x140522e38
0x14003fba0	0x14003fc39	0x140522e7c	1	4	0x14003f7d0	0x14003f7db	0x140522e24
0x14003fc39	0x14003fc51	0x140522e8c	1	4	0x14003f7a0	0x14003f7d0	0x140522e10
0x14003fc60	0x14003fcbb	0x140522b80	1	3			
0x14003fcbb	0x14004013f	0x140522ba4	1	4	0x14003fc60	0x14003fcbb	0x140522b80
0x14004013f	0x14004016a	0x140522bd0	1	4	0x14003fc60	0x14003fcbb	0x140522b80
0x140040170	0x1400401bb	0x140522d08	1	3			
0x1400401bb	0x1400404ee	0x140522d20	1	4	0x140040170	0x1400401bb	0x140522d08
0x1400404ee	0x14004050c	0x140522d4c	1	4	0x140040170	0x1400401bb	0x140522d08
0x140040510	0x14004087d	0x1405228ec	1	3			
0x14004087d	0x1400409b3	0x140522914	1	4	0x140040510	0x14004087d	0x1405228ec
0x1400409b3	0x140040a7a	0x140522928	1	4	0x140040510	0x14004087d	0x1405228ec
0x140040a80	0x140040d2b	0x1405228c8	1	3			
0x140040d50	0x140040db1	0x14054f8f4	1	0			
0x140040dc0	0x140040ded	0x140522da8	1	3			
0x140040ded	0x140040e0b	0x140522db8	1	4	0x140040dc0	0x140040ded	0x140522da8
0x140040e0b	0x140040f13	0x140522dd0	1	4	0x140040ded	0x140040e0b	0x140522db8
0x140040f13	0x14004104f	0x140522df0	1	4	0x140040ded	0x140040e0b	0x140522db8
0x14004104f	0x140041067	0x140522e00	1	4	0x140040dc0	0x140040ded	0x140522da8
0x140041070	0x1400410c0	0x140522a90	1	3			
0x1400410c0	0x14004140d	0x140522aa8	1	4	0x140041070	0x1400410c0	0x140522a90
0x14004140d	0x1400416df	0x140522ad4	1	4	0x1400410c0	0x14004140d	0x140522aa8
0x1400416df	0x1400417c7	0x140522b00	1	4	0x1400410c0	0x14004140d	0x140522aa8
0x1400417c7	0x14004184a	0x140522b10	1	4	0x140041070	0x1400410c0	0x140522a90
0x140041850	0x1400418a5	0x14054f8f4	1	0			
0x1400418b0	0x14004197e	0x140522f00	1	3			
0x140041980	0x140041a24	0x140522f1c	1	3			
0x140041a40	0x140041aa2	0x140533718	1	3			
0x140041ab0	0x140041bb2	0x140522fa8	1	3			
0x140041bc0	0x140041c18	0x140522f5c	1	3			
0x140041c18	0x140042016	0x140522f74	1	4	0x140041bc0	0x140041c18	0x140522f5c
0x140042016	0x14004202e	0x140522f98	1	4	0x140041bc0	0x140041c18	0x140522f5c
0x140042050	0x1400420b4	0x14052271c	1	3			
0x1400420c0	0x1400421a2	0x140522fc0	1	2			
0x1400421b0	0x140042264	0x140523210	1	3			
0x140042270	0x1400425a1	0x140523120	1	3			
0x1400425b0	0x1400427a7	0x1405231e4	1	0			
0x1400427b0	0x14004280e	0x14053c418	1	0			
0x140042810	0x140042871	0x14052271c	1	3			
0x140042890	0x14004290a	0x140523080	1	3			
0x14004290a	0x140042944	0x140523094	1	4	0x140042890	0x14004290a	0x140523080
0x140042944	0x140042b10	0x1405230a8	1	4	0x14004290a	0x140042944	0x140523094
0x140042b10	0x140042fe0	0x1405230bc	1	4	0x140042944	0x140042b10	0x1405230a8
0x140042fe0	0x140043051	0x1405230dc	1	4	0x140042944	0x140042b10	0x1405230a8
0x140043051	0x140043059	0x1405230f0	1	4	0x140042944	0x140042b10	0x1405230a8
0x140043059	0x140043061	0x140523100	1	4	0x14004290a	0x140042944	0x140523094
0x140043061	0x140043078	0x140523110	1	4	0x140042890	0x14004290a	0x140523080
0x140043080	0x140043104	0x1405463d4	1	0			
0x140043190	0x1400431b8	0x14052315c	1	3			
0x1400431b8	0x14004378a	0x140523174	1	4	0x140043190	0x1400431b8	0x14052315c
0x14004378a	0x14004378b	0x140523198	1	4	0x140043190	0x1400431b8	0x14052315c
0x140043790	0x14004381b	0x1405231fc	1	3			
0x140043830	0x140043d39	0x1405231c4	1	3			
0x140043d40	0x140043f8b	0x14052313c	1	3			
0x140043f90	0x140044130	0x1405231a8	1	3			
0x140044130	0x1400441db	0x14054854c	1	0			
0x1400441e0	0x140044274	0x14054f8f4	1	0			
0x140044280	0x140044298	0x14054f8f4	1	0			
0x140044310	0x140044365	0x140523278	1	0			
0x140044365	0x1400446af	0x14052328c	1	4	0x140044310	0x140044365	0x140523278
0x1400446af	0x1400446f0	0x1405232a0	1	4	0x140044310	0x140044365	0x140523278
0x1400446f0	0x14004479d	0x1405232b0	1	3			
0x14004479d	0x140044cb9	0x1405232c8	1	4	0x1400446f0	0x14004479d	0x1405232b0
0x140044cb9	0x140044d05	0x140523310	1	4	0x1400446f0	0x14004479d	0x1405232b0
0x140044d10	0x140045177	0x140523238	1	3			
0x140045180	0x140045528	0x140523260	1	3			
0x140045530	0x14004558a	0x140523228	1	0			
0x140045590	0x140045809	0x140523320	1	3			
0x140045810	0x14004584c	0x14053c418	1	0			
0x140045850	0x14004587f	0x140523340	1	3			
0x140045880	0x1400458d3	0x1405233d0	1	3			
0x1400458e0	0x140045946	0x14053c418	1	0			
0x140045950	0x140045a23	0x140523358	1	3			
0x140045a30	0x140045b4a	0x140523374	1	3			
0x140045b80	0x140045cad	0x1405233b8	1	3			
0x140045d00	0x140045f00	0x140523400	1	3			
0x140045f00	0x140045fd2	0x140523420	1	3			
0x140045fe0	0x1400460da	0x14053c418	1	0			
0x1400460e0	0x1400461a6	0x140523420	1	3			
0x140046280	0x1400462ee	0x140523438	1	3			
0x1400462f0	0x140046324	0x1405463d4	1	0			
0x140046330	0x14004636d	0x14053c418	1	0			
0x140046380	0x1400463b0	0x140523588	1	3			
0x1400463b0	0x1400464eb	0x14052359c	1	4	0x140046380	0x1400463b0	0x140523588
0x1400464eb	0x140046508	0x1405235b4	1	4	0x140046380	0x1400463b0	0x140523588
0x140046510	0x14004652c	0x140528d7c	1	0			
0x14004652c	0x1400465b1	0x140523524	1	4	0x140046510	0x14004652c	0x140528d7c
0x1400465b1	0x1400465d7	0x140523538	1	4	0x140046510	0x14004652c	0x140528d7c
0x1400465e0	0x14004661d	0x14053c418	1	0			
0x140046660	0x1400466f5	0x140523548	1	3			
0x140046700	0x1400467b2	0x14053c418	1	0			
0x1400467c0	0x1400468fd	0x140523574	1	3			
0x140046910	0x14004696f	0x14054f6d0	1	0			
0x14004696f	0x1400469a6	0x1405234b0	1	4	0x140046910	0x14004696f	0x14054f6d0
0x1400469a6	0x1400469bf	0x1405234c4	1	4	0x140046910	0x14004696f	0x14054f6d0
0x1400469c0	0x140046ab0	0x14053e624	1	0			
0x140046af0	0x140046b25	0x1405234d4	1	3			
0x140046b25	0x140046c13	0x1405234ec	1	4	0x140046af0	0x140046b25	0x1405234d4
0x140046c13	0x140046c34	0x140523500	1	4	0x140046af0	0x140046b25	0x1405234d4
0x140046c34	0x140046c38	0x140523510	1	4	0x140046af0	0x140046b25	0x1405234d4
0x140046c40	0x140046e14	0x140523560	1	0			
0x140046e20	0x140046e3e	0x140538250	1	0			
0x140046e40	0x140046f83	0x140523464	1	3			
0x140047000	0x140047157	0x140523450	1	0			
0x140047160	0x1400472ad	0x140523494	1	3			
0x1400472b0	0x1400473d6	0x14052347c	1	3			
0x1400473f0	0x14004789e	0x1405235c4	1	0			
0x1400478a0	0x140047939	0x1405235d4	1	0			
0x140047960	0x1400479ba	0x14052271c	1	3			
0x1400479c0	0x140047a25	0x14052271c	1	3			
0x140047a30	0x140047aef	0x14054854c	1	0			
0x140047af0	0x140047b36	0x14052271c	1	3			
0x140047b40	0x140047be3	0x1405235e0	1	3			
0x140047be3	0x140047ccb	0x1405235f4	1	4	0x140047b40	0x140047be3	0x1405235e0
0x140047ccb	0x140047e2c	0x140523608	1	4	0x140047be3	0x140047ccb	0x1405235f4
0x140047e2c	0x140047f2d	0x140523628	1	4	0x140047be3	0x140047ccb	0x1405235f4
0x140047f2d	0x140048001	0x140523638	1	4	0x140047b40	0x140047be3	0x1405235e0
0x140048010	0x1400480f3	0x14052272c	1	3			
0x140048100	0x14004819f	0x14054f8f4	1	0			
0x1400481b0	0x140048365	0x14054fb38	1	3			
0x140048365	0x1400483fa	0x140523648	1	4	0x1400481b0	0x140048365	0x14054fb38
0x1400483fa	0x140048514	0x140523660	1	4	0x1400481b0	0x140048365	0x14054fb38
0x140048520	0x1400486a7	0x140523680	1	3			
0x1400486b0	0x14004876a	0x14053ce70	1	0			
0x14004876a	0x140048787	0x1405236a0	1	4	0x1400486b0	0x14004876a	0x14053ce70
0x140048787	0x1400487b0	0x1405236b4	1	4	0x14004876a	0x140048787	0x1405236a0
0x1400487b0	0x1400487dc	0x1405236c8	1	4	0x14004876a	0x140048787	0x1405236a0
0x1400487dc	0x14004896f	0x1405236d8	1	4	0x1400486b0	0x14004876a	0x14053ce70
0x140048970	0x140048a0d	0x140523670	1	3			
0x140048a20	0x140048a41	0x14054f8f4	1	0			
0x140048a50	0x140048a65	0x14054f8f4	1	0			
0x140048a70	0x140048ab0	0x14053c418	1	0			
0x140048ac0	0x140048ae4	0x14053c418	1	0			
0x140048b20	0x140048b90	0x14053c418	1	0			
0x140048b90	0x140048cab	0x140523704	1	3			
0x140048cb0	0x140048cb8	0x14054f8f4	1	0			
0x140048cb8	0x140048d0a	0x140523720	1	4	0x140048cb0	0x140048cb8	0x14054f8f4
0x140048d0a	0x140048d11	0x140523734	1	4	0x140048cb0	0x140048cb8	0x14054f8f4
0x140048d20	0x140048d70	0x14053c418	1	0			
0x140048d70	0x140048d98	0x140538250	1	0			
0x140048da0	0x140048de4	0x1405463d4	1	0			
0x140048df0	0x140048e1d	0x14053c418	1	0			
0x140048e40	0x14004905c	0x1405236e8	1	3			
0x140049060	0x1400490a2	0x14054f8f4	1	0			
0x1400490d0	0x140049111	0x14053c418	1	0			
0x140049120	0x1400491f6	0x14054e970	1	0			
0x140049200	0x140049287	0x14054fb38	1	3			
0x140049290	0x14004936a	0x14054854c	1	0			
0x140049490	0x1400494e8	0x1405238e4	1	3			
0x1400494e8	0x1400497d4	0x1405238fc	1	4	0x140049490	0x1400494e8	0x1405238e4
0x1400497d4	0x1400497ed	0x14052391c	1	4	0x140049490	0x1400494e8	0x1405238e4
0x1400497f0	0x140049837	0x140523744	1	0			
0x140049840	0x1400499b7	0x1405237cc	1	2			
0x1400499c0	0x140049a10	0x140523744	1	0			
0x140049a10	0x140049a9a	0x14052374c	1	0			
0x140049a9a	0x140049ab9	0x140523758	1	4	0x140049a10	0x140049a9a	0x14052374c
0x140049ab9	0x140049ae7	0x14052376c	1	4	0x140049a9a	0x140049ab9	0x140523758
0x140049ae7	0x140049afd	0x140523780	1	4	0x140049a9a	0x140049ab9	0x140523758
0x140049afd	0x140049b83	0x140523790	1	4	0x140049a10	0x140049a9a	0x14052374c
0x140049b83	0x140049b8d	0x1405237a8	1	4	0x140049a10	0x140049a9a	0x14052374c
0x140049b8d	0x140049ba0	0x1405237bc	1	4	0x140049a10	0x140049a9a	0x14052374c
0x140049ba0	0x14004a394	0x14052392c	1	3			
0x14004a3a0	0x14004a3ec	0x140523870	1	0			
0x14004a3ec	0x14004a60c	0x14052387c	1	4	0x14004a3a0	0x14004a3ec	0x140523870
0x14004a60c	0x14004a613	0x1405238a8	1	4	0x14004a3a0	0x14004a3ec	0x140523870
0x14004a613	0x14004a622	0x1405238d4	1	4	0x14004a3a0	0x14004a3ec	0x140523870
0x14004aab0	0x14004ac5a	0x1405463d4	1	0			
0x14004ac60	0x14004acac	0x140523810	1	3			
0x14004acac	0x14004ae08	0x140523828	1	4	0x14004ac60	0x14004acac	0x140523810
0x14004ae08	0x14004ae25	0x140523848	1	4	0x14004ac60	0x14004acac	0x140523810
0x14004ae25	0x14004ae46	0x140523860	1	4	0x14004ac60	0x14004acac	0x140523810
0x14004af10	0x14004b328	0x140530494	1	0			
0x14004b330	0x14004b4a5	0x1405239a0	1	3			
0x14004b4b0	0x14004b609	0x1405239a0	1	3			
0x14004b610	0x14004b74d	0x1405239a0	1	3			
0x14004b750	0x14004b8c8	0x1405239a0	1	3			
0x14004b8d0	0x14004b98e	0x1405463d4	1	0			
0x14004b990	0x14004baa4	0x1405239cc	1	0			
0x14004baa4	0x14004bac5	0x1405239d8	1	4	0x14004b990	0x14004baa4	0x1405239cc
0x14004bac5	0x14004bb80	0x1405239f0	1	4	0x14004baa4	0x14004bac5	0x1405239d8
0x14004bb80	0x14004bbf0	0x140523a04	1	4	0x14004baa4	0x14004bac5	0x1405239d8
0x14004bbf0	0x14004bcd1	0x140523a14	1	4	0x14004b990	0x14004baa4	0x1405239cc
0x14004c140	0x14004c18c	0x1405463d4	1	0			
0x14004c1d0	0x14004c28e	0x1405239b8	1	3			
0x14004c290	0x14004c2ec	0x14052272c	1	3			
0x14004c2f0	0x14004c337	0x1405463d4	1	0			
0x14004c340	0x14004c38c	0x1405463d4	1	0			
0x14004c390	0x14004c678	0x140523a24	1	3			
0x14004c6e0	0x14004c79b	0x140523a98	1	2			
0x14004c7a0	0x14004c7ce	0x140523a3c	1	2			
0x14004c7d0	0x14004c84d	0x140523a68	1	2			
0x14004c850	0x14004c8a7	0x14053c418	1	0			
0x14004c8e0	0x14004c958	0x1405463d4	1	0			
0x14004c960	0x14004c9a2	0x1405463d4	1	0			
0x14004c9b0	0x14004c9db	0x14053c418	1	0			
0x14004c9e0	0x14004ca35	0x140536ae4	1	0			
0x14004ca35	0x14004caa0	0x140523ae0	1	4	0x14004c9e0	0x14004ca35	0x140536ae4
0x14004caa0	0x14004caab	0x140523af4	1	4	0x14004c9e0	0x14004ca35	0x140536ae4
0x14004cb10	0x14004cba1	0x140523b04	1	2			
0x14004cbb0	0x14004cc14	0x1405463d4	1	0			
0x14004cc20	0x14004cc84	0x14053c418	1	0			
0x14004cca0	0x14004ce2e	0x140523b60	1	3			
0x14004ce30	0x14004ce64	0x14053c418	1	0			
0x14004ce70	0x14004cecb	0x14053c418	1	0			
0x14004ced0	0x14004cf3d	0x140528d7c	1	0			
0x14004cf3d	0x14004cf96	0x140523bb0	1	4	0x14004ced0	0x14004cf3d	0x140528d7c
0x14004cf96	0x14004cfa6	0x140523bc4	1	4	0x14004ced0	0x14004cf3d	0x140528d7c
0x14004cfb0	0x14004d0c4	0x140545b9c	1	0			
0x14004d0c4	0x14004d0d0	0x140523bd4	1	4	0x14004cfb0	0x14004d0c4	0x140545b9c
0x14004d0d0	0x14004d0f2	0x140523be8	1	4	0x14004d0c4	0x14004d0d0	0x140523bd4
0x14004d0f2	0x14004d1a7	0x140523bfc	1	4	0x14004d0c4	0x14004d0d0	0x140523bd4
0x14004d1a7	0x14004d1de	0x140523c0c	1	4	0x14004cfb0	0x14004d0c4	0x140545b9c
0x14004d240	0x14004d52b	0x140523d08	1	0			
0x14004d530	0x14004d8b4	0x140523d08	1	0			
0x14004d8c0	0x14004dbfd	0x140523cd4	1	3			
0x14004dc00	0x14004dc72	0x140523c40	1	0			
0x14004dc72	0x14004dca5	0x140523c4c	1	4	0x14004dc00	0x14004dc72	0x140523c40
0x14004dca5	0x14004dde7	0x140523c60	1	4	0x14004dc00	0x14004dc72	0x140523c40
0x14004e0d0	0x14004e1d1	0x140523c74	1	3			
0x14004e1e0	0x14004e214	0x14053c418	1	0			
0x14004e220	0x14004e5f2	0x140523c8c	1	0			
0x14004e600	0x14004e69f	0x140545b9c	1	0			
0x14004e69f	0x14004e77a	0x140523c1c	1	4	0x14004e600	0x14004e69f	0x140545b9c
0x14004e77a	0x14004e7a3	0x140523c30	1	4	0x14004e600	0x14004e69f	0x140545b9c
0x14004e7b0	0x14004e8e1	0x14052d9ec	1	3			
0x14004e8f0	0x14004ea03	0x14052d9ec	1	3			
0x14004ea10	0x14004eaf2	0x14052d9ec	1	3			
0x14004eb00	0x14004ec8b	0x140530260	1	3			
0x14004ec90	0x14004ed20	0x14053c418	1	0			
0x14004ed20	0x14004ed9e	0x14053c418	1	0			
0x14004ee10	0x14004ee3b	0x14053c418	1	0			
0x14004ee50	0x14004ee84	0x1405463d4	1	0			
0x14004ee90	0x14004eece	0x1405463d4	1	0			
0x14004eed0	0x14004f066	0x140523d50	1	2			
0x14004f070	0x14004f099	0x14053c418	1	0			
0x14004f0a0	0x14004f109	0x140523d20	1	2			
0x14004f120	0x14004f1d9	0x1405463d4	1	0			
0x14004f1e0	0x14004f25b	0x14053c418	1	0			
0x14004f260	0x14004f3f2	0x14054854c	1	0			
0x14004f400	0x14004f41e	0x140545b9c	1	0			
0x14004f41e	0x14004f493	0x140523e10	1	4	0x14004f400	0x14004f41e	0x140545b9c
0x14004f493	0x14004f5ce	0x140523e24	1	4	0x14004f400	0x14004f41e	0x140545b9c
0x14004f5ce	0x14004f5ec	0x140523e38	1	4	0x14004f400	0x14004f41e	0x140545b9c
0x14004f5f0	0x14004f849	0x1405463d4	1	0			
0x14004f850	0x14004f956	0x1405255c0	1	0			
0x14004f960	0x14004faa5	0x140521984	1	3			
0x14004fab0	0x14004fb1b	0x14054f8f4	1	0			
0x14004fb20	0x14004fcb1	0x14053c418	1	0			
0x14004fcd0	0x14004fdaf	0x14053c418	1	0			
0x14004fdb0	0x14004fe02	0x14054f8f4	1	0			
0x14004fe10	0x14004fe9c	0x14053c418	1	0			
0x14004fea0	0x14004fecf	0x14053c418	1	0			
0x14004fed0	0x14004feec	0x140523dd8	1	0			
0x14004feec	0x1400500c9	0x140523de4	1	4	0x14004fed0	0x14004feec	0x140523dd8
0x1400500c9	0x1400500e8	0x140523e00	1	4	0x14004fed0	0x14004feec	0x140523dd8
0x1400500f0	0x14005010b	0x140523da0	1	0			
0x14005010b	0x1400501c5	0x140523dac	1	4	0x1400500f0	0x14005010b	0x140523da0
0x1400501c5	0x1400501e4	0x140523dc8	1	4	0x1400500f0	0x14005010b	0x140523da0
0x1400501f0	0x14005042c	0x140523e70	1	3			
0x140050430	0x1400506ae	0x140523e90	1	3			
0x1400506b0	0x140050812	0x140523eb0	1	3			
0x140050920	0x140050b8c	0x14054854c	1	0			
0x140050b90	0x140050d61	0x140523ec8	1	3			
0x140050d70	0x140050e49	0x1405463d4	1	0			
0x140050e50	0x140050edd	0x140544e04	1	3			
0x140050ee0	0x140050f53	0x140526458	1	0			
0x140050f60	0x140050fae	0x1405463d4	1	0			
0x1400510e0	0x140051133	0x140532c6c	1	0			
0x140051140	0x140051249	0x140523ee4	1	0			
0x140051249	0x140051357	0x140523efc	1	4	0x140051140	0x140051249	0x140523ee4
0x140051357	0x140051378	0x140523f10	1	4	0x140051140	0x140051249	0x140523ee4
0x140051380	0x1400514c6	0x14053c418	1	0			
0x1400514e0	0x14005195d	0x140523f20	1	3			
0x140051960	0x140051a6a	0x140523f4c	1	3			
0x140051a70	0x140051de1	0x140523f64	1	3			
0x140051df0	0x140052331	0x140523f8c	1	3			
0x140052340	0x1400527ec	0x140523f8c	1	3			
0x1400527f0	0x14005280f	0x140523fb8	1	3			
0x14005280f	0x140052820	0x140523fcc	1	4	0x1400527f0	0x14005280f	0x140523fb8
0x140052820	0x1400528d5	0x140523fe0	1	4	0x14005280f	0x140052820	0x140523fcc
0x1400528d5	0x140052917	0x140524000	1	4	0x140052820	0x1400528d5	0x140523fe0
0x140052917	0x140052a4e	0x140524014	1	4	0x140052820	0x1400528d5	0x140523fe0
0x140052a4e	0x140052b3b	0x140524024	1	4	0x14005280f	0x140052820	0x140523fcc
0x140052b3b	0x140052be4	0x140524038	1	4	0x1400527f0	0x14005280f	0x140523fb8
0x140052bf0	0x140053001	0x140524048	1	3			
0x140053010	0x140053139	0x140524074	1	3			
0x140053139	0x140053148	0x14052409c	1	4	0x140053010	0x140053139	0x140524074
0x140053148	0x140053172	0x1405240b0	1	4	0x140053139	0x140053148	0x14052409c
0x140053172	0x140053316	0x1405240c4	1	4	0x140053148	0x140053172	0x1405240b0
0x140053316	0x140053404	0x1405240dc	1	4	0x140053148	0x140053172	0x1405240b0
0x140053404	0x14005344c	0x1405240ec	1	4	0x140053139	0x140053148	0x14052409c
0x14005344c	0x14005354e	0x1405240fc	1	4	0x140053010	0x140053139	0x140524074
0x140053550	0x140053570	0x14052410c	1	3			
0x140053570	0x140053786	0x140524124	1	4	0x140053550	0x140053570	0x14052410c
0x140053786	0x1400538a2	0x140524144	1	4	0x140053570	0x140053786	0x140524124
0x1400538a2	0x14005394f	0x140524168	1	4	0x140053570	0x140053786	0x140524124
0x14005394f	0x1400539e5	0x140524184	1	4	0x140053570	0x140053786	0x140524124
0x1400539e5	0x140053aa6	0x140524194	1	4	0x140053550	0x140053570	0x14052410c
0x140053ab0	0x140053b37	0x14053c418	1	0			
0x140053b40	0x140053eca	0x1405241a4	1	3			
0x140053ed0	0x1400540c5	0x140523e70	1	3			
0x1400540d0	0x1400540f0	0x1405241d0	1	3			
0x1400540f0	0x140054147	0x1405241e8	1	4	0x1400540d0	0x1400540f0	0x1405241d0
0x140054147	0x1400541c4	0x140524208	1	4	0x1400540f0	0x140054147	0x1405241e8
0x1400541c4	0x1400543dd	0x14052421c	1	4	0x1400540f0	0x140054147	0x1405241e8
0x1400543dd	0x140054483	0x14052422c	1	4	0x1400540d0	0x1400540f0	0x1405241d0
0x140054490	0x140054636	0x1405463d4	1	0			
0x140054640	0x1400547fe	0x14052423c	1	3			
0x140054800	0x140054964	0x14052425c	1	3			
0x140054964	0x140054a62	0x140524278	1	4	0x140054800	0x140054964	0x14052425c
0x140054a62	0x140054a87	0x14052428c	1	4	0x140054800	0x140054964	0x14052425c
0x140054a90	0x140054dea	0x14052429c	1	3			
0x140054df0	0x140054e44	0x1405242c4	1	3			
0x140054e44	0x140054eae	0x1405242d8	1	4	0x140054df0	0x140054e44	0x1405242c4
0x140054eae	0x1400550a6	0x140524314	1	4	0x140054e44	0x140054eae	0x1405242d8
0x1400550a6	0x14005516e	0x140524328	1	4	0x140054e44	0x140054eae	0x1405242d8
0x14005516e	0x1400553b1	0x140524338	1	4	0x140054df0	0x140054e44	0x1405242c4
0x1400553b1	0x14005549e	0x140524370	1	4	0x140054df0	0x140054e44	0x1405242c4
0x14005549e	0x1400554bf	0x14052438c	1	4	0x140054df0	0x140054e44	0x1405242c4
0x1400554c0	0x140055512	0x14052439c	1	2			
0x140055520	0x14005559d	0x1405243d0	1	2			
0x1400555a0	0x14005561d	0x140524440	1	2			
0x140055620	0x140055672	0x1405244a0	1	2			
0x1400556b0	0x1400556ee	0x1405463d4	1	0			
0x1400556f0	0x14005575c	0x140524410	1	3			
0x140055760	0x14005579e	0x1405463d4	1	0			
0x1400557a0	0x14005580c	0x140524470	1	3			
0x140055810	0x14005584e	0x1405463d4	1	0			
0x140055850	0x14005587b	0x14053c418	1	0			
0x140055880	0x140055a3c	0x140524558	1	2			
0x140055b90	0x140055bb6	0x1405244c8	1	3			
0x140055bb6	0x140055c6d	0x1405244dc	1	4	0x140055b90	0x140055bb6	0x1405244c8
0x140055c6d	0x140055e19	0x1405244f8	1	4	0x140055bb6	0x140055c6d	0x1405244dc
0x140055e19	0x140055e44	0x140524510	1	4	0x140055bb6	0x140055c6d	0x1405244dc
0x140055e44	0x14005603c	0x140524520	1	4	0x140055b90	0x140055bb6	0x1405244c8
0x14005603c	0x140056102	0x140524530	1	4	0x140055e44	0x14005603c	0x140524520
0x140056102	0x140056174	0x140524548	1	4	0x140055e44	0x14005603c	0x140524520
0x140056220	0x14005629b	0x1405245f0	1	0			
0x1400562a0	0x14005653c	0x140524604	1	3			
0x140056540	0x1400565f8	0x140524658	1	0			
0x140056600	0x14005661b	0x14053c418	1	0			
0x140056640	0x14005666c	0x140545b9c	1	0			
0x14005666c	0x140056786	0x14052462c	1	4	0x140056640	0x14005666c	0x140545b9c
0x140056786	0x1400567ad	0x140524648	1	4	0x140056640	0x14005666c	0x140545b9c
0x1400567e0	0x1400568cd	0x140532364	1	3			
0x1400568d0	0x14005694b	0x14053c418	1	0			
0x140056950	0x140056ae6	0x140526458	1	0			
0x140056af0	0x140056eb8	0x1405246fc	1	3			
0x140056f20	0x1400570c3	0x1405246dc	1	3			
0x1400570d0	0x14005712a	0x140545b9c	1	0			
0x140057130	0x14005718a	0x140545b9c	1	0			
0x140057190	0x140057294	0x140524740	1	0			
0x1400572a0	0x14005751c	0x140524750	1	3			
0x140057520	0x140057595	0x140524664	1	3			
0x140057595	0x14005781f	0x14052467c	1	4	0x140057520	0x140057595	0x140524664
0x14005781f	0x1400579e0	0x14052469c	1	4	0x140057595	0x14005781f	0x14052467c
0x1400579e0	0x140057a23	0x1405246bc	1	4	0x140057595	0x14005781f	0x14052467c
0x140057a23	0x140057a41	0x1405246cc	1	4	0x140057520	0x140057595	0x140524664
0x140057a50	0x140057aff	0x140524724	1	0			
0x140057b10	0x140057bdf	0x14053c418	1	0			
0x140057cb0	0x140058095	0x1405247e0	1	3			
0x1400580a0	0x1400580c6	0x1405247f4	1	3			
0x1400580c6	0x1400580cf	0x14052480c	1	4	0x1400580a0	0x1400580c6	0x1405247f4
0x1400580cf	0x140058340	0x140524820	1	4	0x1400580c6	0x1400580cf	0x14052480c
0x140058340	0x14005852d	0x140524840	1	4	0x1400580c6	0x1400580cf	0x14052480c
0x14005852d	0x1400586ee	0x140524850	1	4	0x1400580a0	0x1400580c6	0x1405247f4
0x1400586f0	0x1400587cc	0x1405235c4	1	0			
0x1400588d0	0x140058993	0x140524774	1	3			
0x140058993	0x140058a0d	0x140524790	1	4	0x1400588d0	0x140058993	0x140524774
0x140058a0d	0x140058a38	0x1405247a8	1	4	0x140058a38	0x140058b1a	0x1405247bc
0x140058a38	0x140058b1a	0x1405247bc	1	4	0x1400588d0	0x140058993	0x140524774
0x140058b20	0x140058c02	0x14054854c	1	0			
0x140058c10	0x140058d5c	0x1405235c4	1	0			
0x140058d60	0x140058e20	0x1405463d4	1	0			
0x140058e20	0x140058eb6	0x14054854c	1	0			
0x140058ec0	0x140058f3f	0x1405247cc	1	0			
0x140058fe0	0x140059005	0x14053c418	1	0			
0x140059005	0x1400591d4	0x140524860	1	4	0x140058fe0	0x140059005	0x14053c418
0x1400591d4	0x140059264	0x140524874	1	4	0x140058fe0	0x140059005	0x14053c418
0x140059390	0x1400594a7	0x14054f4a0	1	0			
0x1400595b0	0x140059642	0x14053c418	1	0			
0x140059650	0x140059696	0x14053c418	1	0			
0x1400596f0	0x140059755	0x14053c418	1	0			
0x140059755	0x140059819	0x140524924	1	4	0x1400596f0	0x140059755	0x14053c418
0x140059819	0x14005981f	0x140524940	1	4	0x1400596f0	0x140059755	0x14053c418
0x140059820	0x14005985c	0x140524978	1	0			
0x14005985c	0x1400598a8	0x140524950	1	4	0x140059820	0x14005985c	0x140524978
0x1400598a8	0x1400598b3	0x140524968	1	4	0x140059820	0x14005985c	0x140524978
0x1400598c0	0x1400598fc	0x140524978	1	0			
0x1400598fc	0x140059939	0x140524984	1	4	0x1400598c0	0x1400598fc	0x140524978
0x140059939	0x140059944	0x14052499c	1	4	0x1400598c0	0x1400598fc	0x140524978
0x140059950	0x140059ae6	0x14053bde0	1	0			
0x140059af0	0x140059b1a	0x14053c418	1	0			
0x140059b1a	0x140059cdc	0x140524884	1	4	0x140059af0	0x140059b1a	0x14053c418
0x140059cdc	0x140059ce2	0x140524898	1	4	0x140059af0	0x140059b1a	0x14053c418
0x140059cf0	0x140059d1d	0x1405248dc	1	3			
0x140059d1d	0x14005a17b	0x1405248f0	1	4	0x140059cf0	0x140059d1d	0x1405248dc
0x14005a17b	0x14005a1e4	0x140524914	1	4	0x140059cf0	0x140059d1d	0x1405248dc
0x14005a1f0	0x14005a28b	0x14053c418	1	0			
0x14005a290	0x14005a33a	0x14053c418	1	0			
0x14005a360	0x14005a3c1	0x1405248a8	1	0			
0x14005a3c1	0x14005a4b6	0x1405248b8	1	4	0x14005a360	0x14005a3c1	0x1405248a8
0x14005a4b6	0x14005a4c6	0x1405248cc	1	4	0x14005a360	0x14005a3c1	0x1405248a8
0x14005a4d0	0x14005a5b0	0x1405249ac	1	2			
0x14005a5b0	0x14005a5e1	0x1405249e8	1	3			
0x14005a5f0	0x14005a6e3	0x140524a90	1	3			
0x14005a6f0	0x14005a7fc	0x140524a90	1	3			
0x14005a800	0x14005a81d	0x140548c80	1	0			
0x14005a81d	0x14005a966	0x140524a00	1	4	0x14005a800	0x14005a81d	0x140548c80
0x14005a966	0x14005a971	0x140524a18	1	4	0x14005a800	0x14005a81d	0x140548c80
0x14005a980	0x14005b0c0	0x140533eac	1	0			
0x14005b120	0x14005b180	0x14053c418	1	0			
0x14005b180	0x14005b2b6	0x140524ac4	1	3			
0x14005b2c0	0x14005b452	0x140524aa8	1	3			
0x14005b460	0x14005b497	0x140524a4c	1	3			
0x14005b497	0x14005b6e5	0x140524a68	1	4	0x14005b460	0x14005b497	0x140524a4c
0x14005b6e5	0x14005b6e6	0x140524a80	1	4	0x14005b460	0x14005b497	0x140524a4c
0x14005b7b0	0x14005b8dd	0x1405235c4	1	0			
0x14005b8e0	0x14005b93f	0x140533718	1	3			
0x14005b93f	0x14005ba51	0x140524a28	1	4	0x14005b8e0	0x14005b93f	0x140533718
0x14005ba51	0x14005ba64	0x140524a3c	1	4	0x14005b8e0	0x14005b93f	0x140533718
0x14005ba70	0x14005bafc	0x140526458	1	0			
0x14005bb00	0x14005bbcb	0x14053c418	1	0			
0x14005bc50	0x14005bcee	0x14053c418	1	0			
0x14005bcf0	0x14005bd3e	0x140524ae0	1	3			
0x14005bd3e	0x14005c0b7	0x140524afc	1	4	0x14005bcf0	0x14005bd3e	0x140524ae0
0x14005c0b7	0x14005c0d6	0x140524b24	1	4	0x14005bcf0	0x14005bd3e	0x140524ae0
0x14005c100	0x14005c12b	0x14053c418	1	0			
0x14005c190	0x14005c1a8	0x140524b34	1	3			
0x14005c1b0	0x14005c253	0x140524b50	1	0			
0x14005c320	0x14005c3e7	0x14054854c	1	0			
0x14005c3f0	0x14005c40d	0x14053c418	1	0			
0x14005c40d	0x14005c426	0x140524be8	1	4	0x14005c3f0	0x14005c40d	0x14053c418
0x14005c426	0x14005c4d8	0x140524bfc	1	4	0x14005c40d	0x14005c426	0x140524be8
0x14005c4d8	0x14005c4dd	0x140524c10	1	4	0x14005c40d	0x14005c426	0x140524be8
0x14005c4dd	0x14005c4e3	0x140524c20	1	4	0x14005c3f0	0x14005c40d	0x14053c418
0x14005c4f0	0x14005c627	0x1405468a0	1	0			
0x14005c630	0x14005c691	0x140524b70	1	0			
0x14005c691	0x14005c717	0x140524b88	1	4	0x14005c630	0x14005c691	0x140524b70
0x14005c717	0x14005c731	0x140524b9c	1	4	0x14005c630	0x14005c691	0x140524b70
0x14005c740	0x14005c7a1	0x140524bac	1	0			
0x14005c7a1	0x14005c823	0x140524bc4	1	4	0x14005c740	0x14005c7a1	0x140524bac
0x14005c823	0x14005c83d	0x140524bd8	1	4	0x14005c740	0x14005c7a1	0x140524bac
0x14005c870	0x14005c88f	0x14053c418	1	0			
0x14005c890	0x14005c8cd	0x1405463d4	1	0			
0x14005c8d0	0x14005c99d	0x1405463d4	1	0			
0x14005c9a0	0x14005c9de	0x1405463d4	1	0			
0x14005c9e0	0x14005ca70	0x140524d40	1	0			
0x14005ca70	0x14005cb2f	0x14054a408	1	3			
0x14005cb30	0x14005cb77	0x140524c30	1	3			
0x14005cb77	0x14005ccea	0x140524c44	1	4	0x14005cb30	0x14005cb77	0x140524c30
0x14005ccea	0x14005ccff	0x140524c5c	1	4	0x14005cb30	0x14005cb77	0x140524c30
0x14005cd00	0x14005ce89	0x140526458	1	0			
0x14005ce90	0x14005dbcc	0x140524c90	1	3			
0x14005dbd0	0x14005de64	0x140524cc8	1	3			
0x14005de70	0x14005df0d	0x140524ce8	1	3			
0x14005df0d	0x14005e0cf	0x140524d0c	1	4	0x14005de70	0x14005df0d	0x140524ce8
0x14005e0cf	0x14005e0fb	0x140524d30	1	4	0x14005de70	0x14005df0d	0x140524ce8
0x14005e100	0x14005e23d	0x140524c6c	1	3			
0x14005e240	0x14005e34d	0x140533ec0	1	3			
0x14005e370	0x14005e456	0x14052501c	1	3			
0x14005e460	0x14005e486	0x140524f60	1	3			
0x14005e486	0x14005e526	0x140524f78	1	4	0x14005e460	0x14005e486	0x140524f60
0x14005e526	0x14005e718	0x140524f9c	1	4	0x14005e486	0x14005e526	0x140524f78
0x14005e718	0x14005e74a	0x140524fb4	1	4	0x14005e486	0x14005e526	0x140524f78
0x14005e74a	0x14005e79a	0x140524fc4	1	4	0x14005e460	0x14005e486	0x140524f60
0x14005e7a0	0x14005e880	0x140525038	1	3			
0x14005e880	0x14005e945	0x140524fd4	1	3			
0x14005e945	0x14005eb3e	0x140524ff4	1	4	0x14005e880	0x14005e945	0x140524fd4
0x14005eb3e	0x14005eb95	0x14052500c	1	4	0x14005e880	0x14005e945	0x140524fd4
0x14005ebe0	0x14005ecd0	0x140524d4c	1	3			
0x14005ecd0	0x14005edf3	0x140524d6c	1	4	0x14005ebe0	0x14005ecd0	0x140524d4c
0x14005edf3	0x14005ee3b	0x140524d80	1	4	0x14005ebe0	0x14005ecd0	0x140524d4c
0x14005ee40	0x14005eeb6	0x140524f1c	1	3			
0x14005eeb6	0x14005f044	0x140524f3c	1	4	0x14005ee40	0x14005eeb6	0x140524f1c
0x14005f044	0x14005f06b	0x140524f50	1	4	0x14005ee40	0x14005eeb6	0x140524f1c
0x14005f070	0x14005f0ac	0x140524dd4	1	3			
0x14005f0ac	0x14005f3b4	0x140524df4	1	4	0x14005f070	0x14005f0ac	0x140524dd4
0x14005f3b4	0x14005fa1e	0x140524e14	1	4	0x14005f0ac	0x14005f3b4	0x140524df4
0x14005fa1e	0x14005fa7f	0x140524e28	1	4	0x14005f0ac	0x14005f3b4	0x140524df4
0x14005fa7f	0x14005fc2d	0x140524e38	1	4	0x14005f070	0x14005f0ac	0x140524dd4
0x14005fc2d	0x14005fd0d	0x140524e54	1	4	0x14005f070	0x14005f0ac	0x140524dd4
0x14005fd10	0x14005fd81	0x140524d90	1	3			
0x14005fd81	0x14005fe86	0x140524dac	1	4	0x14005fd10	0x14005fd81	0x140524d90
0x14005fe86	0x14005febf	0x140524dc4	1	4	0x14005fd10	0x14005fd81	0x140524d90
0x14005fec0	0x14005ff89	0x140524e8c	1	3			
0x14005ff89	0x14005ffe7	0x140524ea8	1	4	0x14005fec0	0x14005ff89	0x140524e8c
0x14005ffe7	0x140060186	0x140524ec4	1	4	0x14005ff89	0x14005ffe7	0x140524ea8
0x140060186	0x1400601ac	0x140524ed8	1	4	0x14005ff89	0x14005ffe7	0x140524ea8
0x1400601ac	0x1400601d3	0x140524ee8	1	4	0x14005fec0	0x14005ff89	0x140524e8c
0x1400601e0	0x14006078e	0x140524e64	1	3			
0x140060790	0x140060989	0x140524ef8	1	3			
0x1400609d0	0x1400609fb	0x14053c418	1	0			
0x140060a00	0x140060a2b	0x14053c418	1	0			
0x140060a30	0x140060b99	0x14054854c	1	0			
0x140060ba0	0x140060be6	0x1405463d4	1	0			
0x140060c20	0x140060c8c	0x14053c418	1	0			
0x140060ca0	0x140060dc3	0x140525054	1	0			
0x140060dd0	0x140060e7a	0x14054854c	1	0			
0x140060eb0	0x140060f13	0x14053c418	1	0			
0x140061000	0x14006112f	0x14053c418	1	0			
0x140061130	0x14006115b	0x14053c418	1	0			
0x1400611c0	0x1400611f8	0x14053c418	1	0			
0x140061200	0x1400612bf	0x14054854c	1	0			
0x1400612c0	0x140061440	0x14054854c	1	0			
0x1400614a0	0x14006151b	0x14054854c	1	0			
0x140061520	0x140061630	0x140525078	1	0			
0x140061630	0x1400616db	0x1405463d4	1	0			
0x140061780	0x1400617ab	0x14053c418	1	0			
0x1400617b0	0x1400617db	0x14053c418	1	0			
0x140061800	0x140061980	0x14053c418	1	0			
0x140061ab0	0x140061bca	0x14053c418	1	0			
0x140061bd0	0x140061bec	0x14053c418	1	0			
0x140061bec	0x140061c4f	0x140525088	1	4	0x140061bd0	0x140061bec	0x14053c418
0x140061c4f	0x140061d25	0x14052509c	1	4	0x140061bd0	0x140061bec	0x14053c418
0x140061d25	0x140061e46	0x14052509c	1	4	0x140061bd0	0x140061bec	0x14053c418
0x140061e46	0x140061e71	0x14052509c	1	4	0x140061bd0	0x140061bec	0x14053c418
0x140061e71	0x140061e94	0x1405250b0	1	4	0x140061bd0	0x140061bec	0x14053c418
0x140061ea0	0x140061fbc	0x14053c418	1	0			
0x140061fbc	0x140062031	0x1405250c0	1	4	0x140061ea0	0x140061fbc	0x14053c418
0x140062031	0x140062037	0x1405250d4	1	4	0x140061ea0	0x140061fbc	0x14053c418
0x140062040	0x14006207b	0x14053c418	1	0			
0x140062080	0x140062105	0x14053c418	1	0			
0x140062110	0x140062195	0x14053c418	1	0			
0x1400621a0	0x1400622b1	0x14053c418	1	0			
0x1400622c0	0x1400622ff	0x14053c418	1	0			
0x140062300	0x140062394	0x14053c418	1	0			
0x140062394	0x1400623f0	0x1405250e4	1	4	0x140062300	0x140062394	0x14053c418
0x1400623f0	0x1400623f6	0x1405250f8	1	4	0x140062300	0x140062394	0x14053c418
0x140062400	0x140062477	0x14053c418	1	0			
0x140062480	0x1400624e1	0x14053c418	1	0			
0x1400624f0	0x14006257e	0x14053c418	1	0			
0x140062580	0x14006260e	0x14053c418	1	0			
0x140062610	0x140062692	0x1405463d4	1	0			
0x1400626a0	0x1400626e4	0x14053c418	1	0			
0x1400626f0	0x140062734	0x14053c418	1	0			
0x140062740	0x140062784	0x14053c418	1	0			
0x140062790	0x1400627d4	0x14053c418	1	0			
0x1400627e0	0x140062854	0x14053c418	1	0			
0x140062860	0x1400628c8	0x14053c418	1	0			
0x1400628d0	0x140062929	0x14053c418	1	0			
0x140062930	0x1400629bd	0x1405463d4	1	0			
0x140062a00	0x140062a53	0x140525108	1	2			
0x140062a60	0x140062a96	0x14053c418	1	0			
0x140062ab0	0x140062b07	0x1405463d4	1	0			
0x140062b10	0x140062d28	0x14053c418	1	0			
0x140062d30	0x140062e9c	0x14053c418	1	0			
0x140062ea0	0x1400630f9	0x14053c418	1	0			
0x140063100	0x1400632b6	0x1405463d4	1	0			
0x1400632c0	0x14006342c	0x14053c418	1	0			
0x140063430	0x1400634e9	0x140545b9c	1	0			
0x1400634f0	0x140063660	0x140545b9c	1	0			
0x140063700	0x140063e14	0x14053c418	1	0			
0x140063e20	0x1400649a8	0x140543e9c	1	3			
0x1400649b0	0x140064a11	0x14053c418	1	0			
0x140064a20	0x140064a91	0x14053c418	1	0			
0x140064aa0	0x140064afb	0x14053c418	1	0			
0x140064b00	0x140064b61	0x14053c418	1	0			
0x140064b70	0x140064bd1	0x14053c418	1	0			
0x140064be0	0x140064c3d	0x14053c418	1	0			
0x140064c40	0x140064ca1	0x14053c418	1	0			
0x140064cb0	0x140064d11	0x14053c418	1	0			
0x140064d20	0x140064e12	0x14053c418	1	0			
0x140064e20	0x140064e81	0x14053c418	1	0			
0x140064e90	0x140064f75	0x1405463d4	1	0			
0x140064f80	0x140065548	0x14053c418	1	0			
0x140065550	0x1400655b1	0x14053c418	1	0			
0x1400655c0	0x14006564b	0x14053c418	1	0			
0x140065650	0x1400656b1	0x14053c418	1	0			
0x1400656c0	0x140065721	0x14053c418	1	0			
0x140065730	0x140065812	0x14053c418	1	0			
0x140065820	0x14006587b	0x14053c418	1	0			
0x1400658a0	0x140065901	0x14053c418	1	0			
0x140065910	0x140065955	0x14053c418	1	0			
0x140065960	0x1400659a5	0x14053c418	1	0			
0x1400659b0	0x1400659f5	0x14053c418	1	0			
0x140065a00	0x140065a45	0x14053c418	1	0			
0x140065a50	0x140065ad2	0x14053c418	1	0			
0x140065ae0	0x140065af1	0x14054f8f4	1	0			
0x140065af1	0x140065b20	0x140525154	1	4	0x140065ae0	0x140065af1	0x14054f8f4
0x140065b20	0x140065b4f	0x140525168	1	4	0x140065ae0	0x140065af1	0x14054f8f4
0x140065b50	0x140065dc3	0x140545b9c	1	0			
0x140065dd0	0x140065fc8	0x140545b9c	1	0			
0x140065fd0	0x140065fe8	0x140545b9c	1	0			
0x140065fe8	0x1400665d5	0x1405251a0	1	4	0x140065fd0	0x140065fe8	0x140545b9c
0x1400665d5	0x140066600	0x1405251bc	1	4	0x140065fd0	0x140065fe8	0x140545b9c
0x140066600	0x140066982	0x140521b68	1	0			
0x140066990	0x140066a35	0x14053c418	1	0			
0x140066a40	0x140066a7f	0x14053c418	1	0			
0x140066a80	0x140066cbb	0x140545b9c	1	0			
0x140066cc0	0x140066d81	0x14053c418	1	0			
0x140066d90	0x140066e4b	0x140545b9c	1	0			
0x140066e4b	0x140066f0a	0x1405251cc	1	4	0x140066d90	0x140066e4b	0x140545b9c
0x140066f0a	0x140066f10	0x1405251e0	1	4	0x140066d90	0x140066e4b	0x140545b9c
0x140066f10	0x140067070	0x140545b9c	1	0			
0x140067070	0x14006711d	0x14053c418	1	0			
0x140067120	0x1400671f6	0x140545b9c	1	0			
0x140067200	0x1400672d6	0x140545b9c	1	0			
0x1400672e0	0x1400674f2	0x1405255c0	1	0			
0x140067500	0x140067544	0x14053c418	1	0			
0x140067580	0x1400675b3	0x14053c418	1	0			
0x1400675c0	0x1400678c2	0x1405235c4	1	0			
0x1400678d0	0x140067984	0x14053c418	1	0			
0x140067990	0x140067a85	0x14054854c	1	0			
0x140067a90	0x140067c05	0x140525140	1	3			
0x140067c10	0x140067c32	0x14053c418	1	0			
0x140067c32	0x140067c6b	0x14052517c	1	4	0x140067c10	0x140067c32	0x14053c418
0x140067c6b	0x140067c88	0x140525190	1	4	0x140067c10	0x140067c32	0x14053c418
0x140067c90	0x140067d30	0x14054854c	1	0			
0x140067d30	0x140068090	0x140533718	1	3			
0x140068090	0x1400681b0	0x140525844	1	3			
0x1400681b0	0x140068316	0x140525284	1	4	0x140068090	0x1400681b0	0x140525844
0x140068316	0x14006832c	0x1405252a0	1	4	0x140068090	0x1400681b0	0x140525844
0x140068330	0x140068a38	0x1405251f0	1	3			
0x140068a70	0x140068acd	0x14053c418	1	0			
0x140068ad0	0x140068b2d	0x14053c418	1	0			
0x140068b30	0x140068bb1	0x1405463d4	1	0			
0x140068bc0	0x140068c4a	0x14053c418	1	0			
0x140068c50	0x140068dd7	0x140525418	1	0			
0x140068de0	0x140068e81	0x1405255c0	1	0			
0x140068ec0	0x140068f3a	0x14053c418	1	0			
0x140068f70	0x140068fcd	0x14053c418	1	0			
0x140068fd0	0x14006902d	0x14053c418	1	0			
0x140069030	0x14006906d	0x1405463d4	1	0			
0x140069070	0x14006910e	0x1405463d4	1	0			
0x140069110	0x14006918a	0x14053c418	1	0			
0x140069190	0x1400691fa	0x1405463d4	1	0			
0x140069200	0x140069564	0x1405255c0	1	0			
0x140069570	0x1400696aa	0x1405255c0	1	0			
0x1400696b0	0x140069714	0x14053c418	1	0			
0x140069760	0x1400697d2	0x14053c418	1	0			
0x1400697e0	0x140069846	0x14053c418	1	0			
0x140069880	0x1400698fd	0x1405463d4	1	0			
0x140069930	0x14006998a	0x14053c418	1	0			
0x140069990	0x140069a09	0x1405463d4	1	0			
0x140069a40	0x140069ac3	0x14053c418	1	0			
0x140069ad0	0x140069b53	0x14053c418	1	0			
0x140069bc0	0x140069c41	0x1405463d4	1	0			
0x140069c50	0x140069cb2	0x14053c418	1	0			
0x140069cc0	0x140069d52	0x14053c418	1	0			
0x140069d90	0x140069dcd	0x1405463d4	1	0			
0x140069dd0	0x140069e0d	0x1405463d4	1	0			
0x140069e10	0x140069ecc	0x140533718	1	3			
0x140069f00	0x14006a0d4	0x140525330	1	0			
0x14006a0e0	0x14006a1cb	0x1405255c0	1	0			
0x14006a1d0	0x14006a28f	0x1405255c0	1	0			
0x14006a290	0x14006a422	0x14053c418	1	0			
0x14006a430	0x14006a9cc	0x1405255c0	1	0			
0x14006a9d0	0x14006aa61	0x14053c418	1	0			
0x14006aa70	0x14006abaf	0x140525228	1	3			
0x14006abaf	0x14006ac30	0x140525260	1	4	0x14006aa70	0x14006abaf	0x140525228
0x14006ac30	0x14006adfc	0x140525274	1	4	0x14006aa70	0x14006abaf	0x140525228
0x14006ae00	0x14006af3f	0x140525228	1	3			
0x14006af3f	0x14006afc0	0x14052523c	1	4	0x14006ae00	0x14006af3f	0x140525228
0x14006afc0	0x14006b18c	0x140525250	1	4	0x14006ae00	0x14006af3f	0x140525228
0x14006b190	0x14006b2cf	0x140525228	1	3			
0x14006b2cf	0x14006b350	0x140525204	1	4	0x14006b190	0x14006b2cf	0x140525228
0x14006b350	0x14006b51c	0x140525218	1	4	0x14006b190	0x14006b2cf	0x140525228
0x14006b520	0x14006b6b3	0x140525228	1	3			
0x14006b6b3	0x14006b734	0x1405252d4	1	4	0x14006b520	0x14006b6b3	0x140525228
0x14006b734	0x14006b8fc	0x1405252e8	1	4	0x14006b520	0x14006b6b3	0x140525228
0x14006b900	0x14006bbd8	0x140545b9c	1	0			
0x14006bbe0	0x14006bd1f	0x140525228	1	3			
0x14006bd1f	0x14006bda0	0x1405252b0	1	4	0x14006bbe0	0x14006bd1f	0x140525228
0x14006bda0	0x14006bf6c	0x1405252c4	1	4	0x14006bbe0	0x14006bd1f	0x140525228
0x14006bf70	0x14006bf88	0x140545b9c	1	0			
0x14006bf88	0x14006c719	0x140525348	1	4	0x14006bf70	0x14006bf88	0x140545b9c
0x14006c719	0x14006c750	0x140525364	1	4	0x14006bf70	0x14006bf88	0x140545b9c
0x14006c750	0x14006c9aa	0x1405255c0	1	0			
0x14006c9b0	0x14006c9c7	0x140545b9c	1	0			
0x14006c9c7	0x14006ca27	0x1405252f8	1	4	0x14006c9b0	0x14006c9c7	0x140545b9c
0x14006ca27	0x14006ca93	0x14052530c	1	4	0x14006c9b0	0x14006c9c7	0x140545b9c
0x14006ca93	0x14006cbc5	0x14052530c	1	4	0x14006c9b0	0x14006c9c7	0x140545b9c
0x14006cbc5	0x14006cc24	0x140525320	1	4	0x14006c9b0	0x14006c9c7	0x140545b9c
0x14006cc30	0x14006ccc8	0x14053c418	1	0			
0x14006cce0	0x14006cd33	0x140525374	1	2			
0x14006cd40	0x14006cd76	0x14053c418	1	0			
0x14006cd90	0x14006cde7	0x1405463d4	1	0			
0x14006cdf0	0x14006ce49	0x14053c418	1	0			
0x14006ce50	0x14006cfb4	0x14053c418	1	0			
0x14006d100	0x14006d158	0x14053c418	1	0			
0x14006d160	0x14006d1bd	0x14053c418	1	0			
0x14006d1c0	0x14006d205	0x14053c418	1	0			
0x14006d210	0x14006d255	0x14053c418	1	0			
0x14006d260	0x14006d30e	0x14053c418	1	0			
0x14006d310	0x14006d3f4	0x1405463d4	1	0			
0x14006d400	0x14006d4f4	0x14053c418	1	0			
0x14006d520	0x14006d5b9	0x14053c418	1	0			
0x14006d5c0	0x14006d65d	0x14053c418	1	0			
0x14006d660	0x14006d862	0x140540fbc	1	0			
0x14006d862	0x14006d88c	0x1405253c4	1	4	0x14006d660	0x14006d862	0x140540fbc
0x14006d88c	0x14006d9b8	0x1405253d8	1	4	0x14006d660	0x14006d862	0x140540fbc
0x14006d9c0	0x14006da14	0x14054e970	1	0			
0x14006da20	0x14006da74	0x14054e970	1	0			
0x14006da80	0x14006db0e	0x1405463d4	1	0			
0x14006db10	0x14006db4f	0x14053c418	1	0			
0x14006db50	0x14006dbd7	0x14053c418	1	0			
0x14006dbe0	0x14006dc77	0x14053c418	1	0			
0x14006dc80	0x14006dcda	0x1405463d4	1	0			
0x14006dce0	0x14006dd9e	0x1405255c0	1	0			
0x14006dda0	0x14006dded	0x14053c418	1	0			
0x14006ddf0	0x14006de45	0x1405255c0	1	0			
0x14006de80	0x14006debd	0x1405463d4	1	0			
0x14006dec0	0x14006defc	0x1405463d4	1	0			
0x14006df00	0x14006df63	0x1405463d4	1	0			
0x14006df70	0x14006e12f	0x140540fbc	1	0			
0x14006e12f	0x14006e159	0x1405253a0	1	4	0x14006df70	0x14006e12f	0x140540fbc
0x14006e159	0x14006e21c	0x1405253b4	1	4	0x14006df70	0x14006e12f	0x140540fbc
0x14006e220	0x14006e33a	0x14053c418	1	0			
0x14006e340	0x14006e538	0x14054854c	1	0			
0x14006e560	0x14006e5b3	0x1405253e8	1	2			
0x14006e5c0	0x14006e5f6	0x14053c418	1	0			
0x14006e610	0x14006e667	0x1405463d4	1	0			
0x14006e670	0x14006e938	0x14053c418	1	0			
0x14006e940	0x14006eb2b	0x14053c418	1	0			
0x14006eb30	0x14006ec6c	0x140545b9c	1	0			
0x14006ec6c	0x14006efc8	0x1405254e4	1	4	0x14006eb30	0x14006ec6c	0x140545b9c
0x14006efd0	0x14006f13c	0x14053c418	1	0			
0x14006f140	0x14006f1dc	0x140545b9c	1	0			
0x14006f1e0	0x14006f8fc	0x14053c418	1	0			
0x14006f900	0x140070464	0x140543e9c	1	3			
0x140070470	0x1400704d1	0x14053c418	1	0			
0x1400704e0	0x140070541	0x14053c418	1	0			
0x140070550	0x1400705b1	0x14053c418	1	0			
0x1400705c0	0x140070621	0x14053c418	1	0			
0x140070630	0x140070691	0x14053c418	1	0			
0x1400706a0	0x140070732	0x14053c418	1	0			
0x140070740	0x1400707a1	0x14053c418	1	0			
0x1400707b0	0x140070811	0x14053c418	1	0			
0x140070820	0x140070881	0x14053c418	1	0			
0x140070890	0x1400708f1	0x14053c418	1	0			
0x140070900	0x140070961	0x14053c418	1	0			
0x140070970	0x1400709d1	0x14053c418	1	0			
0x1400709e0	0x140070a25	0x14053c418	1	0			
0x140070a30	0x140070a75	0x14053c418	1	0			
0x140070a80	0x140070ac5	0x14053c418	1	0			
0x140070ad0	0x140070b31	0x14053c418	1	0			
0x140070b40	0x140070ba1	0x14053c418	1	0			
0x140070bb0	0x140070ca2	0x14053c418	1	0			
0x140070cb0	0x140070d20	0x14053c418	1	0			
0x140070d20	0x140070e2e	0x1405463d4	1	0			
0x140070e30	0x140070e91	0x14053c418	1	0			
0x140070ea0	0x140070f25	0x14053c418	1	0			
0x140070f30	0x140071498	0x14053c418	1	0			
0x1400714a0	0x140071501	0x14053c418	1	0			
0x140071510	0x140071571	0x14053c418	1	0			
0x140071580	0x1400715e1	0x14053c418	1	0			
0x1400715f0	0x140071651	0x14053c418	1	0			
0x140071660	0x1400716c1	0x14053c418	1	0			
0x1400716d0	0x140071731	0x14053c418	1	0			
0x140071740	0x1400717a1	0x14053c418	1	0			
0x1400717b0	0x140071811	0x14053c418	1	0			
0x140071820	0x1400718c8	0x14052aa04	1	0			
0x1400718d0	0x140071907	0x140545b9c	1	0			
0x140071907	0x140071964	0x1405254ac	1	4	0x1400718d0	0x140071907	0x140545b9c
0x140071964	0x140071a46	0x1405254c0	1	4	0x1400718d0	0x140071907	0x140545b9c
0x140071a46	0x140071ac1	0x1405254c0	1	4	0x1400718d0	0x140071907	0x140545b9c
0x140071ac1	0x140071b0b	0x1405254c0	1	4	0x1400718d0	0x140071907	0x140545b9c
0x140071b0b	0x140071b46	0x1405254c0	1	4	0x1400718d0	0x140071907	0x140545b9c
0x140071b46	0x140071c46	0x1405254c0	1	4	0x1400718d0	0x140071907	0x140545b9c
0x140071c46	0x140071cc8	0x1405254c0	1	4	0x1400718d0	0x140071907	0x140545b9c
0x140071cc8	0x140071df4	0x1405254c0	1	4	0x1400718d0	0x140071907	0x140545b9c
0x140071df4	0x140071e1c	0x1405254c0	1	4	0x1400718d0	0x140071907	0x140545b9c
0x140071e1c	0x140071ebc	0x1405254d4	1	4	0x1400718d0	0x140071907	0x140545b9c
0x140071ec0	0x140072095	0x140545b9c	1	0			
0x1400720a0	0x1400720b8	0x140545b9c	1	0			
0x1400720b8	0x140072b53	0x140525430	1	4	0x1400720a0	0x1400720b8	0x140545b9c
0x140072b53	0x140072bff	0x14052544c	1	4	0x1400720a0	0x1400720b8	0x140545b9c
0x140072c00	0x140072c18	0x140545b9c	1	0			
0x140072c18	0x140073400	0x14052545c	1	4	0x140072c00	0x140072c18	0x140545b9c
0x140073400	0x140073448	0x140525478	1	4	0x140072c00	0x140072c18	0x140545b9c
0x140073450	0x140073570	0x14053c418	1	0			
0x140073570	0x140073799	0x140545b9c	1	0			
0x1400737a0	0x140073861	0x14053c418	1	0			
0x140073870	0x14007392b	0x140545b9c	1	0			
0x14007392b	0x1400739da	0x140525488	1	4	0x140073870	0x14007392b	0x140545b9c
0x1400739da	0x1400739e0	0x14052549c	1	4	0x140073870	0x14007392b	0x140545b9c
0x1400739e0	0x140073b11	0x140545b9c	1	0			
0x140073b20	0x140073be2	0x140545b9c	1	0			
0x140073bf0	0x140073dd8	0x1405255c0	1	0			
0x140073de0	0x140074018	0x1405255c0	1	0			
0x140074020	0x1400740e7	0x140545b9c	1	0			
0x1400740f0	0x1400741b7	0x140545b9c	1	0			
0x1400741c0	0x14007428e	0x1405463d4	1	0			
0x140074290	0x140074431	0x14053c418	1	0			
0x140074440	0x14007448e	0x14053c418	1	0			
0x140074490	0x140074579	0x140545b9c	1	0			
0x140074580	0x140074669	0x140545b9c	1	0			
0x140074670	0x140074759	0x140545b9c	1	0			
0x140074760	0x140074778	0x140545b9c	1	0			
0x140074778	0x140074ebc	0x14052564c	1	4	0x140074760	0x140074778	0x140545b9c
0x140074ebc	0x140074ef4	0x140525668	1	4	0x140074760	0x140074778	0x140545b9c
0x140074f00	0x14007515a	0x1405255c0	1	0			
0x140075160	0x140075177	0x140545b9c	1	0			
0x140075177	0x1400751d7	0x140525614	1	4	0x140075160	0x140075177	0x140545b9c
0x1400751d7	0x140075243	0x140525628	1	4	0x140075160	0x140075177	0x140545b9c
0x140075243	0x140075375	0x140525628	1	4	0x140075160	0x140075177	0x140545b9c
0x140075375	0x1400753d4	0x14052563c	1	4	0x140075160	0x140075177	0x140545b9c
0x1400753e0	0x140075414	0x140525228	1	3			
0x140075414	0x1400757b9	0x1405255f0	1	4	0x1400753e0	0x140075414	0x140525228
0x1400757b9	0x1400757f0	0x140525604	1	4	0x1400753e0	0x140075414	0x140525228
0x1400757f0	0x1400759e6	0x14053c418	1	0			
0x1400759f0	0x140075aa4	0x14053c418	1	0			
0x140075ab0	0x140075b0f	0x140526458	1	0			
0x140075b10	0x140075be0	0x14053c418	1	0			
0x140075be0	0x140075ec7	0x1405254f8	1	0			
0x140075ed0	0x140076135	0x1405463d4	1	0			
0x140076140	0x1400762bd	0x140525140	1	3			
0x1400762c0	0x14007633b	0x14054854c	1	0			
0x140076340	0x1400765cb	0x140533718	1	3			
0x1400765d0	0x1400766f0	0x140525844	1	3			
0x1400766f0	0x140076856	0x140525570	1	4	0x1400765d0	0x1400766f0	0x140525844
0x140076856	0x14007686c	0x14052558c	1	4	0x1400765d0	0x1400766f0	0x140525844
0x140076870	0x140076e3b	0x1405251f0	1	3			
0x140076e70	0x140076eeb	0x1405463d4	1	0			
0x140076ef0	0x14007703e	0x1405255c0	1	0			
0x140077040	0x1400771ce	0x140525418	1	0			
0x1400771d0	0x140077268	0x140545b9c	1	0			
0x140077270	0x140077325	0x1405463d4	1	0			
0x140077330	0x140077398	0x14053c418	1	0			
0x1400773d0	0x140077410	0x14053c418	1	0			
0x140077410	0x1400774af	0x140545b9c	1	0			
0x1400774b0	0x14007758d	0x1405255c0	1	0			
0x140077590	0x140077602	0x14053c418	1	0			
0x140077610	0x1400776c8	0x1405255c0	1	0			
0x1400776d0	0x140077788	0x1405255c0	1	0			
0x140077790	0x140077848	0x1405255c0	1	0			
0x140077850	0x1400778e5	0x14053c418	1	0			
0x1400778f0	0x1400779a9	0x1405255c0	1	0			
0x1400779b0	0x140077a2e	0x14053c418	1	0			
0x140077a30	0x140077b03	0x1405463d4	1	0			
0x140077b10	0x140077be4	0x1405463d4	1	0			
0x140077bf0	0x140077ca2	0x1405463d4	1	0			
0x140077ce0	0x140077d59	0x1405463d4	1	0			
0x140077d60	0x140077de3	0x14053c418	1	0			
0x140077e20	0x140077eb5	0x1405463d4	1	0			
0x140077ec0	0x140077efd	0x1405463d4	1	0			
0x140077f00	0x140077fa7	0x14053c418	1	0			
0x140077fb0	0x140078472	0x1405255c0	1	0			
0x140078480	0x140078534	0x14053c418	1	0			
0x140078540	0x14007865e	0x140525228	1	3			
0x14007865e	0x1400786df	0x14052554c	1	4	0x140078540	0x14007865e	0x140525228
0x1400786df	0x140078888	0x140525560	1	4	0x140078540	0x14007865e	0x140525228
0x140078890	0x1400789ae	0x140525228	1	3			
0x1400789ae	0x140078a2f	0x140525528	1	4	0x140078890	0x1400789ae	0x140525228
0x140078a2f	0x140078bd8	0x14052553c	1	4	0x140078890	0x1400789ae	0x140525228
0x140078be0	0x140078cfe	0x140525228	1	3			
0x140078cfe	0x140078d7f	0x140525504	1	4	0x140078be0	0x140078cfe	0x140525228
0x140078d7f	0x140078f28	0x140525518	1	4	0x140078be0	0x140078cfe	0x140525228
0x140078f30	0x1400790b2	0x140525228	1	3			
0x1400790b2	0x140079133	0x1405255cc	1	4	0x140078f30	0x1400790b2	0x140525228
0x140079133	0x1400792ec	0x1405255e0	1	4	0x140078f30	0x1400790b2	0x140525228
0x1400792f0	0x140079594	0x140545b9c	1	0			
0x1400795a0	0x1400796be	0x140525228	1	3			
0x1400796be	0x14007973f	0x14052559c	1	4	0x1400795a0	0x1400796be	0x140525228
0x14007973f	0x1400798e8	0x1405255b0	1	4	0x1400795a0	0x1400796be	0x140525228
0x1400798f0	0x140079943	0x140525678	1	2			
0x140079950	0x140079986	0x14053c418	1	0			
0x1400799a0	0x1400799f7	0x1405463d4	1	0			
0x140079a00	0x140079a97	0x14053c418	1	0			
0x140079aa0	0x140079d17	0x14053c418	1	0			
0x140079d20	0x14007a1db	0x140530960	1	3			
0x14007a1e0	0x14007a263	0x14053c418	1	0			
0x14007a263	0x14007a459	0x1405257a0	1	4	0x14007a1e0	0x14007a263	0x14053c418
0x14007a459	0x14007a461	0x1405257b4	1	4	0x14007a1e0	0x14007a263	0x14053c418
0x14007a461	0x14007a467	0x1405257c8	1	4	0x14007a1e0	0x14007a263	0x14053c418
0x14007a470	0x14007a65b	0x14053c418	1	0			
0x14007a660	0x14007a77a	0x1405463d4	1	0			
0x14007a780	0x14007a7b4	0x140533464	1	3			
0x14007a7b4	0x14007aa6b	0x1405258f8	1	4	0x14007a780	0x14007a7b4	0x140533464
0x14007aa6b	0x14007ab07	0x14052590c	1	4	0x14007a7b4	0x14007aa6b	0x1405258f8
0x14007ab07	0x14007ab0f	0x140525924	1	4	0x14007a7b4	0x14007aa6b	0x1405258f8
0x14007ab0f	0x14007ab28	0x140525934	1	4	0x14007a780	0x14007a7b4	0x140533464
0x14007ab28	0x14007abd8	0x140525944	1	4	0x14007a780	0x14007a7b4	0x140533464
0x14007abe0	0x14007ac0f	0x140525958	1	3			
0x14007ac0f	0x14007acbf	0x14052596c	1	4	0x14007abe0	0x14007ac0f	0x140525958
0x14007acbf	0x14007ad1b	0x140525984	1	4	0x14007ac0f	0x14007acbf	0x14052596c
0x14007ad1b	0x14007b037	0x140525998	1	4	0x14007ac0f	0x14007acbf	0x14052596c
0x14007b037	0x14007b0e6	0x1405259a8	1	4	0x14007ad1b	0x14007b037	0x140525998
0x14007b0e6	0x14007b0f6	0x1405259bc	1	4	0x14007ad1b	0x14007b037	0x140525998
0x14007b0f6	0x14007b10f	0x1405259cc	1	4	0x14007abe0	0x14007ac0f	0x140525958
0x14007b10f	0x14007b19c	0x1405259dc	1	4	0x14007abe0	0x14007ac0f	0x140525958
0x14007b1a0	0x14007b536	0x140530960	1	3			
0x14007b540	0x14007b593	0x14053c418	1	0			
0x14007b5b0	0x14007b64c	0x140545b9c	1	0			
0x14007b720	0x14007be6c	0x14053c418	1	0			
0x14007be70	0x14007ca30	0x140543e9c	1	3			
0x14007ca30	0x14007ca88	0x14053c418	1	0			
0x14007ca90	0x14007caf1	0x14053c418	1	0			
0x14007cb00	0x14007cc9c	0x14053c418	1	0			
0x14007cca0	0x14007ce14	0x14053c418	1	0			
0x14007ce20	0x14007d060	0x14053c418	1	0			
0x14007d060	0x14007d278	0x14053c418	1	0			
0x14007d280	0x14007d39f	0x14053c418	1	0			
0x14007d3a0	0x14007d493	0x14053c418	1	0			
0x14007d4a0	0x14007d501	0x14053c418	1	0			
0x14007d510	0x14007d571	0x14053c418	1	0			
0x14007d580	0x14007d5e1	0x14053c418	1	0			
0x14007d5f0	0x14007d651	0x14053c418	1	0			
0x14007d660	0x14007d6c1	0x14053c418	1	0			
0x14007d6d0	0x14007d703	0x140528d7c	1	0			
0x14007d703	0x14007d72e	0x1405256a8	1	4	0x14007d6d0	0x14007d703	0x140528d7c
0x14007d72e	0x14007d7d0	0x1405256bc	1	4	0x14007d6d0	0x14007d703	0x140528d7c
0x14007d7d0	0x14007d804	0x140528d7c	1	0			
0x14007d804	0x14007d82f	0x1405256cc	1	4	0x14007d7d0	0x14007d804	0x140528d7c
0x14007d82f	0x14007d8d4	0x1405256e0	1	4	0x14007d7d0	0x14007d804	0x140528d7c
0x14007d8e0	0x14007d925	0x14053c418	1	0			
0x14007d930	0x14007d975	0x14053c418	1	0			
0x14007d980	0x14007d9f9	0x140528d7c	1	0			
0x14007d9f9	0x14007da21	0x1405256f0	1	4	0x14007d980	0x14007d9f9	0x140528d7c
0x14007da21	0x14007daf8	0x140525704	1	4	0x14007d980	0x14007d9f9	0x140528d7c
0x14007db00	0x14007db44	0x140528d7c	1	0			
0x14007db44	0x14007db6b	0x140525714	1	4	0x14007db00	0x14007db44	0x140528d7c
0x14007db6b	0x14007dbbe	0x140525728	1	4	0x14007db00	0x14007db44	0x140528d7c
0x14007dbc0	0x14007dc30	0x14053c418	1	0			
0x14007dc30	0x14007dc91	0x14053c418	1	0			
0x14007dca0	0x14007dcfb	0x14053c418	1	0			
0x14007dd00	0x14007ddf1	0x14054854c	1	0			
0x14007de00	0x14007df07	0x14053c418	1	0			
0x14007df10	0x14007e4b4	0x14053c418	1	0			
0x14007e4c0	0x14007e521	0x14053c418	1	0			
0x14007e530	0x14007e591	0x14053c418	1	0			
0x14007e5a0	0x14007e682	0x14053c418	1	0			
0x14007e6e0	0x14007e741	0x14053c418	1	0			
0x14007e750	0x14007e7b1	0x14053c418	1	0			
0x14007e7c0	0x14007ea10	0x140545b9c	1	0			
0x14007ea10	0x14007ebe5	0x140545b9c	1	0			
0x14007ebf0	0x14007ec08	0x140545b9c	1	0			
0x14007ec08	0x14007f1b7	0x140525738	1	4	0x14007ebf0	0x14007ec08	0x140545b9c
0x14007f1b7	0x14007f1e4	0x140525754	1	4	0x14007ebf0	0x14007ec08	0x140545b9c
0x14007f1f0	0x14007f562	0x140521b68	1	0			
0x14007f570	0x14007f5b5	0x14053c418	1	0			
0x14007f5c0	0x14007f60c	0x14053c418	1	0			
0x14007f610	0x14007f730	0x14053c418	1	0			
0x14007f730	0x14007f959	0x140545b9c	1	0			
0x14007f960	0x14007fa28	0x14053c418	1	0			
0x14007fa30	0x14007faf8	0x14053c418	1	0			
0x14007fb00	0x14007fbbb	0x140545b9c	1	0			
0x14007fbbb	0x14007fc6a	0x14052577c	1	4	0x14007fb00	0x14007fbbb	0x140545b9c
0x14007fc6a	0x14007fc70	0x140525790	1	4	0x14007fb00	0x14007fbbb	0x140545b9c
0x14007fc70	0x14007fd25	0x14053c418	1	0			
0x14007fd30	0x14007fe61	0x140545b9c	1	0			
0x14007fe70	0x14007ff32	0x140545b9c	1	0			
0x14007ff40	0x14007fff3	0x14053c418	1	0			
0x140080000	0x1400800c7	0x140545b9c	1	0			
0x1400800d0	0x140080197	0x140545b9c	1	0			
0x1400801a0	0x1400801f4	0x14054e970	1	0			
0x140080200	0x140080254	0x14054e970	1	0			
0x140080290	0x140080367	0x140545b9c	1	0			
0x140080370	0x140080403	0x1405463d4	1	0			
0x140080410	0x1400804d3	0x14053c418	1	0			
0x1400804e0	0x140080742	0x14053c418	1	0			
0x140080750	0x14008083d	0x140545b9c	1	0			
0x140080840	0x1400808c9	0x14053c418	1	0			
0x1400808d0	0x140080b9c	0x140530960	1	3			
0x140080ba0	0x140080c8c	0x14054854c	1	0			
0x140080c90	0x140080d9d	0x14054854c	1	0			
0x140080da0	0x140080f6f	0x1405255c0	1	0			
0x140080f70	0x1400811d5	0x1405463d4	1	0			
0x1400811e0	0x140081278	0x14054854c	1	0			
0x140081280	0x140081341	0x1405235c4	1	0			
0x140081350	0x140081470	0x140525844	1	3			
0x140081470	0x1400815d6	0x140525858	1	4	0x140081350	0x140081470	0x140525844
0x1400815d6	0x1400815ec	0x140525874	1	4	0x140081350	0x140081470	0x140525844
0x1400815f0	0x140081710	0x140525844	1	3			
0x140081710	0x140081876	0x140525884	1	4	0x1400815f0	0x140081710	0x140525844
0x140081876	0x14008188c	0x1405258a0	1	4	0x1400815f0	0x140081710	0x140525844
0x140081890	0x140081a13	0x1405251f0	1	3			
0x140081a20	0x140081a60	0x14053c418	1	0			
0x140081a60	0x140081b6b	0x1405255c0	1	0			
0x140081b70	0x140081bb0	0x14053c418	1	0			
0x140081bb0	0x140081bf0	0x14053c418	1	0			
0x140081bf0	0x140081c6e	0x1405255c0	1	0			
0x140081c70	0x140081d86	0x1405255c0	1	0			
0x140081d90	0x140081e55	0x1405255c0	1	0			
0x140081e60	0x140081ea9	0x14053c418	1	0			
0x140081ee0	0x140081f80	0x14053c418	1	0			
0x140081f80	0x140082011	0x1405463d4	1	0			
0x140082020	0x140082076	0x14053c418	1	0			
0x140082080	0x140082118	0x140545b9c	1	0			
0x140082150	0x140082205	0x1405463d4	1	0			
0x140082210	0x1400822e7	0x1405255c0	1	0			
0x1400822f0	0x140082360	0x1405463d4	1	0			
0x140082360	0x1400824c7	0x140525764	1	0			
0x1400824d0	0x14008256e	0x1405463d4	1	0			
0x140082570	0x140082614	0x1405463d4	1	0			
0x140082620	0x14008267d	0x14053c418	1	0			
0x140082680	0x1400826d1	0x14053c418	1	0			
0x1400826e0	0x14008279e	0x140545b9c	1	0			
0x1400827a0	0x1400828d6	0x1405255c0	1	0			
0x1400828e0	0x140082920	0x14053c418	1	0			
0x140082920	0x1400829f3	0x1405463d4	1	0			
0x140082a00	0x140082a40	0x14053c418	1	0			
0x140082a50	0x140082b09	0x1405255c0	1	0			
0x140082b10	0x140082bda	0x1405255c0	1	0			
0x140082be0	0x140082c59	0x1405463d4	1	0			
0x140082c60	0x140082cd9	0x1405463d4	1	0			
0x140082ce0	0x140082e93	0x1405463d4	1	0			
0x140082ed0	0x140082f4d	0x1405463d4	1	0			
0x140082fb0	0x140082ff0	0x14053c418	1	0			
0x140082ff0	0x140083097	0x14053c418	1	0			
0x1400830a0	0x140083232	0x14053c418	1	0			
0x140083240	0x1400833de	0x14053c418	1	0			
0x1400833e0	0x1400838b5	0x1405255c0	1	0			
0x1400838c0	0x1400839de	0x140525228	1	3			
0x1400839de	0x140083a5f	0x140525820	1	4	0x1400838c0	0x1400839de	0x140525228
0x140083a5f	0x140083c08	0x140525834	1	4	0x1400838c0	0x1400839de	0x140525228
0x140083c10	0x140083d2e	0x140525228	1	3			
0x140083d2e	0x140083daf	0x1405257fc	1	4	0x140083c10	0x140083d2e	0x140525228
0x140083daf	0x140083f58	0x140525810	1	4	0x140083c10	0x140083d2e	0x140525228
0x140083f60	0x14008407e	0x140525228	1	3			
0x14008407e	0x1400840ff	0x1405257d8	1	4	0x140083f60	0x14008407e	0x140525228
0x1400840ff	0x1400842a8	0x1405257ec	1	4	0x140083f60	0x14008407e	0x140525228
0x1400842b0	0x140084432	0x140525228	1	3			
0x140084432	0x1400844b3	0x1405258d4	1	4	0x1400842b0	0x140084432	0x140525228
0x1400844b3	0x14008466c	0x1405258e8	1	4	0x1400842b0	0x140084432	0x140525228
0x140084670	0x140084914	0x140545b9c	1	0			
0x140084920	0x140084a3e	0x140525228	1	3			
0x140084a3e	0x140084abf	0x1405258b0	1	4	0x140084920	0x140084a3e	0x140525228
0x140084abf	0x140084c68	0x1405258c4	1	4	0x140084920	0x140084a3e	0x140525228
0x140084ca0	0x140084d79	0x1405259f4	1	2			
0x140084d80	0x140084dad	0x14053c418	1	0			
0x140084db0	0x140084dfe	0x1405463d4	1	0			
0x140084e00	0x140085050	0x14053c418	1	0			
0x140085050	0x140085398	0x1405463d4	1	0			
0x1400853a0	0x14008567c	0x1405463d4	1	0			
0x140085680	0x1400859ac	0x1405463d4	1	0			
0x1400859b0	0x140085cb0	0x1405463d4	1	0			
0x140085cb0	0x140085f10	0x14053c418	1	0			
0x140085f20	0x140086023	0x14054854c	1	0			
0x1400860a0	0x14008635c	0x140525a38	1	0			
0x140086360	0x1400868f8	0x14054854c	1	0			
0x140086900	0x1400869e1	0x14053c418	1	0			
0x1400869f0	0x140086a1d	0x140528d7c	1	0			
0x140086a1d	0x140086a25	0x140525a50	1	4	0x1400869f0	0x140086a1d	0x140528d7c
0x140086a25	0x140086a60	0x140525a64	1	4	0x140086a1d	0x140086a25	0x140525a50
0x140086a60	0x140086a7a	0x140525a78	1	4	0x140086a1d	0x140086a25	0x140525a50
0x140086a7a	0x140086ac4	0x140525a88	1	4	0x1400869f0	0x140086a1d	0x140528d7c
0x140086ad0	0x140086d70	0x14053c418	1	0			
0x140086da0	0x140086dcb	0x14053c418	1	0			
0x140086e30	0x140086e90	0x14053c418	1	0			
0x140086e90	0x140086ef0	0x14053c418	1	0			
0x140087090	0x1400872b5	0x140526458	1	0			
0x1400872c0	0x140087451	0x140526458	1	0			
0x140087460	0x140087629	0x140533e98	1	3			
0x140087630	0x1400877cf	0x140526458	1	0			
0x1400877d0	0x140087833	0x140525a98	1	2			
0x140087840	0x1400878ab	0x140525aec	1	2			
0x1400878b0	0x140087913	0x140525b50	1	2			
0x140087920	0x140087983	0x140525b18	1	2			
0x140087990	0x1400879c6	0x14053c418	1	0			
0x1400879d0	0x140087a06	0x14053c418	1	0			
0x140087a40	0x140087a96	0x1405463d4	1	0			
0x140087aa0	0x140087af6	0x1405463d4	1	0			
0x140087b00	0x140087b56	0x1405463d4	1	0			
0x140087b60	0x140087b8b	0x14053c418	1	0			
0x140087b90	0x140087be9	0x140525d94	1	0			
0x140087be9	0x140087c5e	0x140525ac8	1	4	0x140087b90	0x140087be9	0x140525d94
0x140087c5e	0x140087c69	0x140525adc	1	4	0x140087b90	0x140087be9	0x140525d94
0x140087cb0	0x140087d0d	0x14054854c	1	0			
0x140087d10	0x140088034	0x140533eac	1	0			
0x140088040	0x140088070	0x140538250	1	0			
0x140088130	0x14008815b	0x14053c418	1	0			
0x140088160	0x14008818b	0x14053c418	1	0			
0x140088190	0x1400881ce	0x140525b80	1	0			
0x1400881ce	0x14008833c	0x140525b98	1	4	0x140088190	0x1400881ce	0x140525b80
0x14008833c	0x14008852e	0x140525bc8	1	4	0x140088190	0x1400881ce	0x140525b80
0x14008852e	0x1400886f9	0x140525be4	1	4	0x140088190	0x1400881ce	0x140525b80
0x1400886f9	0x140088712	0x140525bf8	1	4	0x140088190	0x1400881ce	0x140525b80
0x140088720	0x140088999	0x140525c08	1	0			
0x140088a40	0x140088a82	0x1405463d4	1	0			
0x140088a90	0x140088bf1	0x140525c18	1	3			
0x140088c50	0x140088e54	0x140545b9c	1	0			
0x140088e60	0x140088fa2	0x14053c418	1	0			
0x140089000	0x14008906c	0x140526458	1	0			
0x140089090	0x1400890bb	0x14053c418	1	0			
0x1400890c0	0x1400890eb	0x14053c418	1	0			
0x1400891a0	0x140089270	0x14052a1d4	1	0			
0x140089270	0x140089310	0x140525c70	1	2			
0x140089320	0x1400893a6	0x140525dc4	1	2			
0x1400893b0	0x140089444	0x14053c418	1	0			
0x140089450	0x14008949e	0x14053c418	1	0			
0x1400894b0	0x1400894fe	0x14053c418	1	0			
0x140089530	0x14008959e	0x1405463d4	1	0			
0x1400895a0	0x14008960e	0x1405463d4	1	0			
0x140089610	0x14008963b	0x14053c418	1	0			
0x140089640	0x14008966b	0x14053c418	1	0			
0x1400897b0	0x1400897e4	0x14053c418	1	0			
0x140089960	0x140089a84	0x140530494	1	0			
0x140089a90	0x140089bbb	0x140530494	1	0			
0x140089bc0	0x140089cca	0x140530494	1	0			
0x140089cd0	0x140089ddd	0x140530494	1	0			
0x140089e30	0x140089ea8	0x140525cd0	1	3			
0x140089eb0	0x140089f18	0x140543e9c	1	3			
0x140089f40	0x140089fa8	0x140543e9c	1	3			
0x14008a000	0x14008a03f	0x1405463d4	1	0			
0x14008a040	0x14008a07c	0x1405463d4	1	0			
0x14008a540	0x14008a682	0x140525e50	1	0			
0x14008a690	0x14008a7c4	0x140525d38	1	0			
0x14008a800	0x14008a942	0x140525e50	1	0			
0x14008a950	0x14008aa84	0x140525d38	1	0			
0x14008ab60	0x14008ab7e	0x140530338	1	0			
0x14008ab7e	0x14008ac6b	0x140525d10	1	4	0x14008ab60	0x14008ab7e	0x140530338
0x14008ac6b	0x14008ac76	0x140525d28	1	4	0x14008ab60	0x14008ab7e	0x140530338
0x14008ac80	0x14008ac9e	0x140525d94	1	0			
0x14008ac9e	0x14008ad51	0x140525da0	1	4	0x14008ac80	0x14008ac9e	0x140525d94
0x14008ad51	0x14008ad5c	0x140525db4	1	4	0x14008ac80	0x14008ac9e	0x140525d94
0x14008ad60	0x14008ad78	0x14053c418	1	0			
0x14008ad78	0x14008ae50	0x140525ce8	1	4	0x14008ad60	0x14008ad78	0x14053c418
0x14008ae50	0x14008ae56	0x140525d00	1	4	0x14008ad60	0x14008ad78	0x14053c418
0x14008ae60	0x14008ae73	0x140528d7c	1	0			
0x14008ae73	0x14008af19	0x140525d70	1	4	0x14008ae60	0x14008ae73	0x140528d7c
0x14008af19	0x14008af1f	0x140525d84	1	4	0x14008ae60	0x14008ae73	0x140528d7c
0x14008af70	0x14008af8e	0x140530338	1	0			
0x14008af8e	0x14008b07b	0x140525e28	1	4	0x14008af70	0x14008af8e	0x140530338
0x14008b07b	0x14008b086	0x140525e40	1	4	0x14008af70	0x14008af8e	0x140530338
0x14008b090	0x14008b0ae	0x140525d94	1	0			
0x14008b0ae	0x14008b161	0x140525ee4	1	4	0x14008b090	0x14008b0ae	0x140525d94
0x14008b161	0x14008b16c	0x140525ef8	1	4	0x14008b090	0x14008b0ae	0x140525d94
0x14008b170	0x14008b188	0x14053c418	1	0			
0x14008b188	0x14008b260	0x140525e00	1	4	0x14008b170	0x14008b188	0x14053c418
0x14008b260	0x14008b266	0x140525e18	1	4	0x14008b170	0x14008b188	0x14053c418
0x14008b270	0x14008b283	0x140528d7c	1	0			
0x14008b283	0x14008b329	0x140525ec0	1	4	0x14008b270	0x14008b283	0x140528d7c
0x14008b329	0x14008b32f	0x140525ed4	1	4	0x14008b270	0x14008b283	0x140528d7c
0x14008b500	0x14008b550	0x140536ae4	1	0			
0x14008b550	0x14008b582	0x140525d4c	1	4	0x14008b500	0x14008b550	0x140536ae4
0x14008b582	0x14008b5c1	0x140525d60	1	4	0x14008b500	0x14008b550	0x140536ae4
0x14008b5d0	0x14008b5f1	0x14052eecc	1	0			
0x14008b5f1	0x14008b5f6	0x140525e64	1	4	0x14008b5d0	0x14008b5f1	0x14052eecc
0x14008b5f6	0x14008b667	0x140525e78	1	4	0x14008b5f1	0x14008b5f6	0x140525e64
0x14008b667	0x14008b68b	0x140525e8c	1	4	0x14008b5f1	0x14008b5f6	0x140525e64
0x14008b68b	0x14008b699	0x140525e9c	1	4	0x14008b5d0	0x14008b5f1	0x14052eecc
0x14008b699	0x14008b6a4	0x140525eb0	1	4	0x14008b5d0	0x14008b5f1	0x14052eecc
0x14008b730	0x14008b78a	0x140525f08	1	2			
0x14008b790	0x14008b7bc	0x14053c418	1	0			
0x14008b7d0	0x14008b81c	0x1405463d4	1	0			
0x14008b820	0x14008b84b	0x14053c418	1	0			
0x14008b850	0x14008b876	0x140538250	1	0			
0x14008b880	0x14008b8a6	0x140538250	1	0			
0x14008b8b0	0x14008b8d9	0x14053c418	1	0			
0x14008b900	0x14008b9bc	0x140525f58	1	0			
0x14008b9c0	0x14008ba7c	0x140525f58	1	0			
0x14008ba80	0x14008bb1d	0x140545fec	1	0			
0x14008bb20	0x14008bb81	0x140525f70	1	2			
0x14008bb90	0x14008bbbc	0x14053c418	1	0			
0x14008bbd0	0x14008bc1c	0x1405463d4	1	0			
0x14008bc20	0x14008bc4b	0x14053c418	1	0			
0x14008bc60	0x14008bce6	0x140526458	1	0			
0x14008bcf0	0x14008bd04	0x14054f8f4	1	0			
0x14008bd04	0x14008bd26	0x140525fc0	1	4	0x14008bcf0	0x14008bd04	0x14054f8f4
0x14008bd26	0x14008bd30	0x140525fd4	1	4	0x14008bcf0	0x14008bd04	0x14054f8f4
0x14008bd30	0x14008bd82	0x140525fe4	1	2			
0x14008bd90	0x14008bdbc	0x14053c418	1	0			
0x14008bdd0	0x14008be1c	0x1405463d4	1	0			
0x14008be20	0x14008be4b	0x14053c418	1	0			
0x14008be50	0x14008bed6	0x14054854c	1	0			
0x14008bee0	0x14008bf2e	0x14053c418	1	0			
0x14008bf40	0x14008bf4f	0x14054f8f4	1	0			
0x14008bf4f	0x14008bf79	0x140526030	1	4	0x14008bf40	0x14008bf4f	0x14054f8f4
0x14008bf79	0x14008c05c	0x140526044	1	4	0x14008bf40	0x14008bf4f	0x14054f8f4
0x14008c060	0x14008c0d5	0x1405260b8	1	3			
0x14008c0d5	0x14008c386	0x1405260e4	1	4	0x14008c060	0x14008c0d5	0x1405260b8
0x14008c386	0x14008c465	0x1405260fc	1	4	0x14008c060	0x14008c0d5	0x1405260b8
0x14008c465	0x14008c5d5	0x140526110	1	4	0x14008c5d5	0x14008c73c	0x140526128
0x14008c5d5	0x14008c73c	0x140526128	1	4	0x14008c060	0x14008c0d5	0x1405260b8
0x14008c740	0x14008c799	0x140526054	1	3			
0x14008c799	0x14008cb4a	0x140526070	1	4	0x14008c740	0x14008c799	0x140526054
0x14008cb4a	0x14008cce2	0x140526090	1	4	0x14008c740	0x14008c799	0x140526054
0x14008cda0	0x14008cee0	0x1405260a0	1	3			
0x14008cee0	0x14008cf5e	0x14053c418	1	0			
0x14008cf60	0x14008cfa2	0x1405463d4	1	0			
0x14008cfb0	0x14008cff2	0x1405463d4	1	0			
0x14008d000	0x14008d066	0x1405239b8	1	3			
0x14008d066	0x14008d159	0x140526258	1	4	0x14008d000	0x14008d066	0x1405239b8
0x14008d159	0x14008d192	0x14052626c	1	4	0x14008d000	0x14008d066	0x1405239b8
0x14008d1a0	0x14008d2de	0x140526204	1	3			
0x14008d2e0	0x14008d3a4	0x140526138	1	3			
0x14008d3a4	0x14008d3be	0x14052614c	1	4	0x14008d2e0	0x14008d3a4	0x140526138
0x14008d3be	0x14008d5a1	0x140526160	1	4	0x14008d3a4	0x14008d3be	0x14052614c
0x14008d5a1	0x14008d5be	0x14052617c	1	4	0x14008d3a4	0x14008d3be	0x14052614c
0x14008d5be	0x14008d5cb	0x1405261bc	1	4	0x14008d2e0	0x14008d3a4	0x140526138
0x14008d5cb	0x14008d686	0x140526190	1	4	0x14008d2e0	0x14008d3a4	0x140526138
0x14008d686	0x14008d6b4	0x1405261a8	1	4	0x14008d2e0	0x14008d3a4	0x140526138
0x14008d6b4	0x14008d6cd	0x1405261bc	1	4	0x14008d2e0	0x14008d3a4	0x140526138
0x14008d6d0	0x14008d755	0x140523c40	1	0			
0x14008d755	0x14008d8ea	0x1405261cc	1	4	0x14008d6d0	0x14008d755	0x140523c40
0x14008d8ea	0x14008d8fc	0x1405261e0	1	4	0x14008d6d0	0x14008d755	0x140523c40
0x14008d8fc	0x14008d913	0x1405261f0	1	4	0x14008d6d0	0x14008d755	0x140523c40
0x14008d920	0x14008d954	0x14053c418	1	0			
0x14008d960	0x14008d9b9	0x14054854c	1	0			
0x14008d9c0	0x14008da02	0x1405463d4	1	0			
0x14008da10	0x14008da53	0x1405463d4	1	0			
0x14008da60	0x14008dbae	0x14052627c	1	3			
0x14008dbb0	0x14008dca2	0x140537698	1	3			
0x14008dca2	0x14008e1df	0x1405262d0	1	4	0x14008dbb0	0x14008dca2	0x140537698
0x14008e1df	0x14008e315	0x1405262e4	1	4	0x14008dca2	0x14008e1df	0x1405262d0
0x14008e315	0x14008f33b	0x140526304	1	4	0x14008dca2	0x14008e1df	0x1405262d0
0x14008f33b	0x14008f634	0x140526314	1	4	0x14008dbb0	0x14008dca2	0x140537698
0x14008f640	0x14008f659	0x140547ed0	1	0			
0x14008f659	0x14008f6cb	0x14052637c	1	4	0x14008f640	0x14008f659	0x140547ed0
0x14008f6cb	0x14008f72e	0x140526398	1	4	0x14008f640	0x14008f659	0x140547ed0
0x14008f730	0x140090725	0x140526324	1	3			
0x140090725	0x140090853	0x14052634c	1	4	0x14008f730	0x140090725	0x140526324
0x140090853	0x140092c58	0x14052636c	1	4	0x14008f730	0x140090725	0x140526324
0x140092c60	0x140092cba	0x14053c418	1	0			
0x140092cc0	0x140092d20	0x14054854c	1	0			
0x140092d20	0x140092dcf	0x1405263b0	1	2			
0x140092df0	0x140092e48	0x1405463d4	1	0			
0x140092e50	0x140092fa3	0x140545fec	1	0			
0x140092fb0	0x140092fd2	0x140538250	1	0			
0x140092fe0	0x14009314e	0x140526400	1	3			
0x140093150	0x140093177	0x140538250	1	0			
0x140093180	0x1400931b3	0x14053c418	1	0			
0x1400931c0	0x1400932f6	0x14052646c	1	3			
0x1400932f6	0x14009337f	0x140526480	1	4	0x1400931c0	0x1400932f6	0x14052646c
0x14009337f	0x140093465	0x140526494	1	4	0x1400932f6	0x14009337f	0x140526480
0x140093465	0x14009348a	0x1405264b4	1	4	0x14009337f	0x140093465	0x140526494
0x14009348a	0x140093578	0x1405264c8	1	4	0x140093465	0x14009348a	0x1405264b4
0x140093578	0x140093580	0x1405264dc	1	4	0x140093465	0x14009348a	0x1405264b4
0x140093580	0x140093596	0x1405264ec	1	4	0x14009337f	0x140093465	0x140526494
0x140093596	0x14009359e	0x1405264fc	1	4	0x1400932f6	0x14009337f	0x140526480
0x14009359e	0x1400935b5	0x14052650c	1	4	0x1400931c0	0x1400932f6	0x14052646c
0x1400935b5	0x1400935bf	0x14052651c	1	4	0x1400931c0	0x1400932f6	0x14052646c
0x1400935bf	0x1400935f0	0x14052650c	1	4	0x1400931c0	0x1400932f6	0x14052646c
0x1400935f0	0x140093833	0x140526548	1	3			
0x140093833	0x14009386e	0x140526560	1	4	0x1400935f0	0x140093833	0x140526548
0x14009386e	0x140093b01	0x140526580	1	4	0x140093833	0x14009386e	0x140526560
0x140093b01	0x140093b2d	0x1405265a8	1	4	0x140093833	0x14009386e	0x140526560
0x140093b2d	0x140093d60	0x1405265b8	1	4	0x1400935f0	0x140093833	0x140526548
0x140093d60	0x140093d94	0x14053c418	1	0			
0x140093da0	0x140093e8d	0x140526458	1	0			
0x140093e90	0x140093f01	0x1405265c8	1	2			
0x140093f40	0x140093fc2	0x1405463d4	1	0			
0x140093fd0	0x140094271	0x140526728	1	3			
0x140094271	0x140094287	0x140526740	1	4	0x140093fd0	0x140094271	0x140526728
0x140094287	0x14009454d	0x140526754	1	4	0x140094271	0x140094287	0x140526740
0x14009454d	0x1400945e2	0x14052677c	1	4	0x140094271	0x140094287	0x140526740
0x1400945e2	0x140094702	0x14052679c	1	4	0x140093fd0	0x140094271	0x140526728
0x140094702	0x140094789	0x1405267b0	1	4	0x140093fd0	0x140094271	0x140526728
0x140094790	0x140094ada	0x1405265f0	1	3			
0x140094ae0	0x140094ec9	0x1405267c0	1	3			
0x140094ec9	0x14009523a	0x1405267f8	1	4	0x140094ae0	0x140094ec9	0x1405267c0
0x14009523a	0x14009526c	0x140526830	1	4	0x140094ae0	0x140094ec9	0x1405267c0
0x14009526c	0x140095e85	0x140526814	1	4	0x140094ae0	0x140094ec9	0x1405267c0
0x140095e85	0x140096249	0x140526830	1	4	0x140094ae0	0x140094ec9	0x1405267c0
0x140096249	0x14009789d	0x140526840	1	4	0x140095e85	0x140096249	0x140526830
0x14009789d	0x140097978	0x140526858	1	4	0x140095e85	0x140096249	0x140526830
0x140097980	0x1400979d3	0x14053c418	1	0			
0x1400979e0	0x140097a77	0x1405463d4	1	0			
0x140097a80	0x140097b3a	0x14054854c	1	0			
0x140097b40	0x140097fc9	0x1405266b0	1	0			
0x140097fc9	0x140097fdc	0x1405266d0	1	4	0x140097b40	0x140097fc9	0x1405266b0
0x140097fdc	0x1400981b9	0x1405266e8	1	4	0x140097fc9	0x140097fdc	0x1405266d0
0x1400981b9	0x140098892	0x140526708	1	4	0x140097fc9	0x140097fdc	0x1405266d0
0x140098892	0x1400988d5	0x140526718	1	4	0x140097b40	0x140097fc9	0x1405266b0
0x1400988e0	0x140098935	0x140526868	1	2			
0x140098950	0x1400989b6	0x1405463d4	1	0			
0x1400989c0	0x140098b0c	0x140526898	1	3			
0x140098b10	0x140098b2c	0x140526990	1	0			
0x140098b2c	0x140098cc6	0x1405268e8	1	4	0x140098b10	0x140098b2c	0x140526990
0x140098cc6	0x140098d1e	0x140526908	1	4	0x140098b10	0x140098b2c	0x140526990
0x140098d20	0x140098d75	0x140526918	1	2			
0x140098d90	0x140098df6	0x1405463d4	1	0			
0x140098e00	0x140098f6a	0x140526940	1	3			
0x140098f70	0x140098f97	0x140526990	1	0			
0x140098f97	0x140099070	0x140526998	1	4	0x140098f70	0x140098f97	0x140526990
0x140099070	0x1400990fe	0x1405269b8	1	4	0x140098f70	0x140098f97	0x140526990
0x140099100	0x140099171	0x1405269c8	1	2			
0x1400991b0	0x140099232	0x1405463d4	1	0			
0x140099240	0x1400994d6	0x140526f48	1	3			
0x1400994d6	0x1400994e9	0x140526ad8	1	4	0x140099240	0x1400994d6	0x140526f48
0x1400994e9	0x140099837	0x140526aec	1	4	0x1400994d6	0x1400994e9	0x140526ad8
0x140099837	0x1400998cc	0x140526b14	1	4	0x1400994d6	0x1400994e9	0x140526ad8
0x1400998cc	0x140099a04	0x140526b34	1	4	0x140099240	0x1400994d6	0x140526f48
0x140099a04	0x140099a8b	0x140526b48	1	4	0x140099240	0x1400994d6	0x140526f48
0x140099a90	0x140099dda	0x1405269f0	1	3			
0x140099de0	0x14009ade0	0x140526fe0	1	3			
0x14009ade0	0x14009ae1c	0x140526b58	1	4	0x140099de0	0x14009ade0	0x140526fe0
0x14009ae1c	0x14009b190	0x140526bc0	1	4	0x140099de0	0x14009ade0	0x140526fe0
0x14009b190	0x14009b319	0x140526b6c	1	4	0x140099de0	0x14009ade0	0x140526fe0
0x14009b319	0x14009b353	0x140526b80	1	4	0x14009b190	0x14009b319	0x140526b6c
0x14009b353	0x14009b5b7	0x140526bb0	1	4	0x14009b190	0x14009b319	0x140526b6c
0x14009b5b7	0x14009cd67	0x140526b98	1	4	0x14009b190	0x14009b319	0x140526b6c
0x14009cd67	0x14009cd70	0x140526bb0	1	4	0x14009b190	0x14009b319	0x140526b6c
0x14009cd70	0x14009ce54	0x140526bc0	1	4	0x140099de0	0x14009ade0	0x140526fe0
0x14009ce60	0x14009ceb8	0x14053c418	1	0			
0x14009cec0	0x14009cf61	0x1405463d4	1	0			
0x14009cf70	0x14009d41e	0x1405266b0	1	0			
0x14009d41e	0x14009d431	0x140526a80	1	4	0x14009cf70	0x14009d41e	0x1405266b0
0x14009d431	0x14009d60f	0x140526a98	1	4	0x14009d41e	0x14009d431	0x140526a80
0x14009d60f	0x14009dce8	0x140526ab8	1	4	0x14009d41e	0x14009d431	0x140526a80
0x14009dce8	0x14009dd2b	0x140526ac8	1	4	0x14009cf70	0x14009d41e	0x1405266b0
0x14009dd30	0x14009dda1	0x140526bd0	1	2			
0x14009dde0	0x14009de62	0x1405463d4	1	0			
0x14009de70	0x14009e111	0x140526f48	1	3			
0x14009e111	0x14009e127	0x140526ce8	1	4	0x14009de70	0x14009e111	0x140526f48
0x14009e127	0x14009e3f6	0x140526cfc	1	4	0x14009e111	0x14009e127	0x140526ce8
0x14009e3f6	0x14009e4e4	0x140526d24	1	4	0x14009e111	0x14009e127	0x140526ce8
0x14009e4e4	0x14009e664	0x140526d44	1	4	0x14009de70	0x14009e111	0x140526f48
0x14009e664	0x14009e6eb	0x140526d58	1	4	0x14009de70	0x14009e111	0x140526f48
0x14009e6f0	0x14009ea3a	0x140526bf8	1	3			
0x14009ea40	0x14009f3d3	0x140526d68	1	3			
0x14009f3d3	0x14009f40f	0x140526dac	1	4	0x14009ea40	0x14009f3d3	0x140526d68
0x14009f40f	0x14009fdff	0x140526dc0	1	4	0x14009ea40	0x14009f3d3	0x140526d68
0x14009fdff	0x14009ffea	0x140526dd0	1	4	0x14009ea40	0x14009f3d3	0x140526d68
0x14009ffea	0x1400a0024	0x140526de4	1	4	0x14009fdff	0x14009ffea	0x140526dd0
0x1400a0024	0x1400a0288	0x140526dfc	1	4	0x14009fdff	0x14009ffea	0x140526dd0
0x1400a0288	0x1400a1b5b	0x140526e0c	1	4	0x14009fdff	0x14009ffea	0x140526dd0
0x1400a1b5b	0x1400a1b64	0x140526dfc	1	4	0x14009fdff	0x14009ffea	0x140526dd0
0x1400a1b64	0x1400a1c50	0x140526dc0	1	4	0x14009ea40	0x14009f3d3	0x140526d68
0x1400a1c50	0x1400a1cbc	0x14053c418	1	0			
0x1400a1cc0	0x1400a1d75	0x1405463d4	1	0			
0x1400a1d80	0x1400a23ae	0x1405266b0	1	0			
0x1400a23ae	0x1400a23c1	0x140526c90	1	4	0x1400a1d80	0x1400a23ae	0x1405266b0
0x1400a23c1	0x1400a25a3	0x140526ca8	1	4	0x1400a23ae	0x1400a23c1	0x140526c90
0x1400a25a3	0x1400a2c19	0x140526cc8	1	4	0x1400a23ae	0x1400a23c1	0x140526c90
0x1400a2c19	0x1400a2c5c	0x140526cd8	1	4	0x1400a1d80	0x1400a23ae	0x1405266b0
0x1400a2c60	0x1400a2cd1	0x140526e24	1	2			
0x1400a2d10	0x1400a2d92	0x1405463d4	1	0			
0x1400a2da0	0x1400a3041	0x140526f48	1	3			
0x1400a3041	0x1400a3054	0x140526f60	1	4	0x1400a2da0	0x1400a3041	0x140526f48
0x1400a3054	0x1400a33e9	0x140526f74	1	4	0x1400a3041	0x1400a3054	0x140526f60
0x1400a33e9	0x1400a34d7	0x140526f9c	1	4	0x1400a3041	0x1400a3054	0x140526f60
0x1400a34d7	0x1400a3679	0x140526fbc	1	4	0x1400a2da0	0x1400a3041	0x140526f48
0x1400a3679	0x1400a3700	0x140526fd0	1	4	0x1400a2da0	0x1400a3041	0x140526f48
0x1400a3700	0x1400a3a4a	0x140526e58	1	3			
0x1400a3a50	0x1400a4a83	0x140526fe0	1	3			
0x1400a4a83	0x1400a4abf	0x140527020	1	4	0x1400a3a50	0x1400a4a83	0x140526fe0
0x1400a4abf	0x1400a4e33	0x140527034	1	4	0x1400a3a50	0x1400a4a83	0x140526fe0
0x1400a4e33	0x1400a5015	0x140527044	1	4	0x1400a3a50	0x1400a4a83	0x140526fe0
0x1400a5015	0x1400a504f	0x140527058	1	4	0x1400a4e33	0x1400a5015	0x140527044
0x1400a504f	0x1400a52af	0x140527070	1	4	0x1400a4e33	0x1400a5015	0x140527044
0x1400a52af	0x1400a69a5	0x140527080	1	4	0x1400a4e33	0x1400a5015	0x140527044
0x1400a69a5	0x1400a69ae	0x140527070	1	4	0x1400a4e33	0x1400a5015	0x140527044
0x1400a69ae	0x1400a6a94	0x140527034	1	4	0x1400a3a50	0x1400a4a83	0x140526fe0
0x1400a6aa0	0x1400a6b0c	0x14053c418	1	0			
0x1400a6b10	0x1400a6bc5	0x1405463d4	1	0			
0x1400a6bd0	0x1400a7223	0x1405266b0	1	0			
0x1400a7223	0x1400a7236	0x140526ef0	1	4	0x1400a6bd0	0x1400a7223	0x1405266b0
0x1400a7236	0x1400a7418	0x140526f08	1	4	0x1400a7223	0x1400a7236	0x140526ef0
0x1400a7418	0x1400a7a8b	0x140526f28	1	4	0x1400a7223	0x1400a7236	0x140526ef0
0x1400a7a8b	0x1400a7ace	0x140526f38	1	4	0x1400a6bd0	0x1400a7223	0x1405266b0
0x1400a7ad0	0x1400a7ade	0x14053c418	1	0			
0x1400a7ade	0x1400a7b5d	0x140527098	1	4	0x1400a7ad0	0x1400a7ade	0x14053c418
0x1400a7b5d	0x1400a7b75	0x1405270ac	1	4	0x1400a7ad0	0x1400a7ade	0x14053c418
0x1400a7b80	0x1400a7c0c	0x1405270bc	1	2			
0x1400a7c40	0x1400a7cc2	0x1405463d4	1	0			
0x1400a7cd0	0x1400a7d41	0x140527260	1	3			
0x1400a7d41	0x1400a7dbb	0x140527274	1	4	0x1400a7cd0	0x1400a7d41	0x140527260
0x1400a7dbb	0x1400a7deb	0x140527288	1	4	0x1400a7cd0	0x1400a7d41	0x140527260
0x1400a7deb	0x1400a80db	0x140527298	1	4	0x1400a7dbb	0x1400a7deb	0x140527288
0x1400a80db	0x1400a81d3	0x1405272ac	1	4	0x1400a7dbb	0x1400a7deb	0x140527288
0x1400a81e0	0x1400a85dd	0x1405270e8	1	3			
0x1400a85e0	0x1400a8762	0x140527190	1	0			
0x1400a8762	0x1400a88d3	0x1405271ac	1	4	0x1400a85e0	0x1400a8762	0x140527190
0x1400a88d3	0x1400a88e9	0x1405271c0	1	4	0x1400a8762	0x1400a88d3	0x1405271ac
0x1400a88e9	0x1400a8ad8	0x1405271d8	1	4	0x1400a88d3	0x1400a88e9	0x1405271c0
0x1400a8ad8	0x1400a9151	0x1405271f8	1	4	0x1400a88d3	0x1400a88e9	0x1405271c0
0x1400a9151	0x1400a917b	0x140527208	1	4	0x1400a8762	0x1400a88d3	0x1405271ac
0x1400a917b	0x1400a9197	0x140527218	1	4	0x1400a85e0	0x1400a8762	0x140527190
0x1400a91a0	0x1400a91c1	0x140527228	1	0			
0x1400a91c1	0x1400a9221	0x140527230	1	4	0x1400a91a0	0x1400a91c1	0x140527228
0x1400a9221	0x1400a9222	0x140527250	1	4	0x1400a91a0	0x1400a91c1	0x140527228
0x1400a9230	0x1400a92be	0x1405272bc	1	2			
0x1400a92f0	0x1400a9372	0x1405463d4	1	0			
0x1400a9380	0x1400a93ea	0x140528270	1	3			
0x1400a93ea	0x1400a9470	0x1405274c8	1	4	0x1400a9380	0x1400a93ea	0x140528270
0x1400a9470	0x1400a94b6	0x1405274e0	1	4	0x1400a9380	0x1400a93ea	0x140528270
0x1400a94c0	0x1400a98bd	0x1405272e8	1	3			
0x1400a98c0	0x1400a99f4	0x140527418	1	0			
0x1400a99f4	0x1400a9a37	0x14052742c	1	4	0x1400a98c0	0x1400a99f4	0x140527418
0x1400a9a37	0x1400a9cce	0x14052746c	1	4	0x1400a98c0	0x1400a99f4	0x140527418
0x1400a9cce	0x1400aaa20	0x14052744c	1	4	0x1400a98c0	0x1400a99f4	0x140527418
0x1400aaa20	0x1400aaaac	0x14052746c	1	4	0x1400a98c0	0x1400a99f4	0x140527418
0x1400aaab0	0x1400aab06	0x14053c418	1	0			
0x1400aab10	0x1400aab66	0x14053c418	1	0			
0x1400aab70	0x1400aab9b	0x14053c418	1	0			
0x1400aab9b	0x1400aabc2	0x14052747c	1	4	0x1400aab70	0x1400aab9b	0x14053c418
0x1400aabc2	0x1400aabc8	0x140527490	1	4	0x1400aab70	0x1400aab9b	0x14053c418
0x1400aabd0	0x1400ab053	0x1405266b0	1	0			
0x1400ab053	0x1400ab09f	0x1405273c0	1	4	0x1400aabd0	0x1400ab053	0x1405266b0
0x1400ab09f	0x1400ab225	0x1405273d8	1	4	0x1400ab053	0x1400ab09f	0x1405273c0
0x1400ab225	0x1400ab89e	0x1405273f8	1	4	0x1400ab053	0x1400ab09f	0x1405273c0
0x1400ab89e	0x1400ab8e1	0x140527408	1	4	0x1400aabd0	0x1400ab053	0x1405266b0
0x1400ab8f0	0x1400aba12	0x1405463d4	1	0			
0x1400aba20	0x1400aba4c	0x14053c418	1	0			
0x1400aba50	0x1400abbe4	0x14053c418	1	0			
0x1400abbf0	0x1400abc36	0x140539754	1	0			
0x1400abc36	0x1400abc8e	0x1405274a0	1	4	0x1400abbf0	0x1400abc36	0x140539754
0x1400abc8e	0x1400abe89	0x1405274b8	1	4	0x1400abbf0	0x1400abc36	0x140539754
0x1400ac0e0	0x1400ac23f	0x1405274f0	1	2			
0x1400ac240	0x1400ac2d8	0x140527558	1	3			
0x1400ac2f0	0x1400ac324	0x1405463d4	1	0			
0x1400ac340	0x1400ac55e	0x140527570	1	3			
0x1400ac560	0x1400ac5bb	0x1405463d4	1	0			
0x1400ac5c0	0x1400ac5dc	0x14054f8f4	1	0			
0x1400ac5e0	0x1400ac5fc	0x14054f8f4	1	0			
0x1400ac600	0x1400ac6ac	0x1405463d4	1	0			
0x1400ac6b0	0x1400ac7e4	0x1405275e0	1	0			
0x1400ac7e4	0x1400ac806	0x1405275f0	1	4	0x1400ac6b0	0x1400ac7e4	0x1405275e0
0x1400ac806	0x1400ac920	0x14052760c	1	4	0x1400ac7e4	0x1400ac806	0x1405275f0
0x1400ac920	0x1400aca73	0x140527624	1	4	0x1400ac7e4	0x1400ac806	0x1405275f0
0x1400aca80	0x1400ace61	0x14053cff8	1	3			
0x1400ace70	0x1400ace7e	0x14053c418	1	0			
0x1400ace7e	0x1400acefd	0x140527658	1	4	0x1400ace70	0x1400ace7e	0x14053c418
0x1400acefd	0x1400acf15	0x14052766c	1	4	0x1400ace70	0x1400ace7e	0x14053c418
0x1400acfc0	0x1400ad071	0x14054eb00	1	3			
0x1400ad071	0x1400ad0ac	0x140527634	1	4	0x1400acfc0	0x1400ad071	0x14054eb00
0x1400ad0ac	0x1400ad0c4	0x140527648	1	4	0x1400acfc0	0x1400ad071	0x14054eb00
0x1400ad0d0	0x1400ad251	0x14052767c	1	2			
0x1400ad260	0x1400ad302	0x140527700	1	3			
0x1400ad330	0x1400ad364	0x1405463d4	1	0			
0x1400ad370	0x1400ad5a8	0x140527718	1	3			
0x1400ad5b0	0x1400ad61b	0x1405463d4	1	0			
0x1400ad620	0x1400ad73a	0x140527790	1	3			
0x1400ad73a	0x1400ad799	0x1405277b0	1	4	0x1400ad620	0x1400ad73a	0x140527790
0x1400ad799	0x1400ada17	0x1405277c4	1	4	0x1400ad73a	0x1400ad799	0x1405277b0
0x1400ada17	0x1400ada8a	0x1405277ec	1	4	0x1400ad73a	0x1400ad799	0x1405277b0
0x1400ada8a	0x1400adae6	0x140527800	1	4	0x1400ad73a	0x1400ad799	0x1405277b0
0x1400adaf0	0x1400ae6fc	0x140527810	1	3			
0x1400ae720	0x1400ae72e	0x14053c418	1	0			
0x1400ae72e	0x1400ae7ad	0x140527870	1	4	0x1400ae720	0x1400ae72e	0x14053c418
0x1400ae7ad	0x1400ae7c5	0x140527884	1	4	0x1400ae720	0x1400ae72e	0x14053c418
0x1400ae800	0x1400ae88b	0x140527894	1	2			
0x1400ae890	0x1400ae909	0x14053c418	1	0			
0x1400ae940	0x1400ae974	0x1405463d4	1	0			
0x1400ae980	0x1400aea2c	0x140527a18	1	3			
0x1400aea2c	0x1400aeba0	0x140527a2c	1	4	0x1400ae980	0x1400aea2c	0x140527a18
0x1400aeba0	0x1400aece9	0x140527a40	1	4	0x1400ae980	0x1400aea2c	0x140527a18
0x1400aecf0	0x1400af03a	0x1405278e8	1	3			
0x1400af040	0x1400af135	0x140526458	1	0			
0x1400af140	0x1400af453	0x140546b10	1	0			
0x1400af453	0x1400af658	0x140527a50	1	4	0x1400af140	0x1400af453	0x140546b10
0x1400af660	0x1400af6b3	0x14053c418	1	0			
0x1400af6c0	0x1400af713	0x14053c418	1	0			
0x1400af720	0x1400af984	0x140527980	1	0			
0x1400af984	0x1400afddf	0x14052799c	1	4	0x1400af720	0x1400af984	0x140527980
0x1400afddf	0x1400afdf2	0x1405279b0	1	4	0x1400af984	0x1400afddf	0x14052799c
0x1400afdf2	0x1400b0000	0x1405279c8	1	4	0x1400afddf	0x1400afdf2	0x1405279b0
0x1400b0000	0x1400b0673	0x1405279e8	1	4	0x1400afddf	0x1400afdf2	0x1405279b0
0x1400b0673	0x1400b069d	0x1405279f8	1	4	0x1400af984	0x1400afddf	0x14052799c
0x1400b069d	0x1400b06b9	0x140527a08	1	4	0x1400af720	0x1400af984	0x140527980
0x1400b06c0	0x1400b0723	0x140527a74	1	2			
0x1400b0740	0x1400b07a6	0x1405463d4	1	0			
0x1400b07b0	0x1400b0921	0x140527aa0	1	3			
0x1400b0930	0x1400b0988	0x140545b9c	1	0			
0x1400b0990	0x1400b0bf7	0x140527af0	1	3			
0x1400b0c00	0x1400b0edf	0x14052a03c	1	0			
0x1400b0ee0	0x1400b0f0b	0x14053c418	1	0			
0x1400b0f10	0x1400b0f9b	0x140527b20	1	2			
0x1400b0fa0	0x1400b1019	0x14053c418	1	0			
0x1400b1050	0x1400b1084	0x1405463d4	1	0			
0x1400b1090	0x1400b1140	0x140527c90	1	3			
0x1400b1140	0x1400b1275	0x140527ca4	1	4	0x1400b1090	0x1400b1140	0x140527c90
0x1400b1275	0x1400b13be	0x140527cb8	1	4	0x1400b1090	0x1400b1140	0x140527c90
0x1400b13c0	0x1400b170a	0x140527b70	1	3			
0x1400b1710	0x1400b1805	0x140526458	1	0			
0x1400b1810	0x1400b1a47	0x140527cc8	1	0			
0x1400b1a47	0x1400b1a6a	0x140527cd8	1	4	0x1400b1810	0x1400b1a47	0x140527cc8
0x1400b1a6a	0x1400b1d49	0x140527cf0	1	4	0x1400b1a47	0x1400b1a6a	0x140527cd8
0x1400b1d49	0x1400b1da7	0x140527d10	1	4	0x1400b1a47	0x1400b1a6a	0x140527cd8
0x1400b1da7	0x1400b1f88	0x140527d24	1	4	0x1400b1a47	0x1400b1a6a	0x140527cd8
0x1400b1f90	0x1400b1fe3	0x14053c418	1	0			
0x1400b1ff0	0x1400b208b	0x1405463d4	1	0			
0x1400b2090	0x1400b2455	0x140527c00	1	0			
0x1400b2455	0x1400b2470	0x140527c1c	1	4	0x1400b2090	0x1400b2455	0x140527c00
0x1400b2470	0x1400b2651	0x140527c38	1	4	0x1400b2455	0x1400b2470	0x140527c1c
0x1400b2651	0x1400b2a75	0x140527c58	1	4	0x1400b2455	0x1400b2470	0x140527c1c
0x1400b2a75	0x1400b2ccd	0x140527c68	1	4	0x1400b2090	0x1400b2455	0x140527c00
0x1400b2ccd	0x1400b2d0b	0x140527c80	1	4	0x1400b2090	0x1400b2455	0x140527c00
0x1400b2d10	0x1400b2dcd	0x140527d34	1	3			
0x1400b2dcd	0x1400b2e64	0x140527d4c	1	4	0x1400b2d10	0x1400b2dcd	0x140527d34
0x1400b2e64	0x1400b2efd	0x140527d60	1	4	0x1400b2d10	0x1400b2dcd	0x140527d34
0x1400b2f00	0x1400b3293	0x140527d70	1	2			
0x1400b32a0	0x1400b3439	0x140528020	1	3			
0x1400b3470	0x1400b34a4	0x1405463d4	1	0			
0x1400b34b0	0x1400b360a	0x14052a1d4	1	0			
0x1400b3610	0x1400b367a	0x140528270	1	3			
0x1400b367a	0x1400b3700	0x140528280	1	4	0x1400b3610	0x1400b367a	0x140528270
0x1400b3700	0x1400b374c	0x140528298	1	4	0x1400b3610	0x1400b367a	0x140528270
0x1400b3750	0x1400b3dfc	0x140528038	1	3			
0x1400b3e00	0x1400b3f65	0x140526458	1	0			
0x1400b3f70	0x1400b40c6	0x1405281d4	1	0			
0x1400b40c6	0x1400b4101	0x1405281e8	1	4	0x1400b3f70	0x1400b40c6	0x1405281d4
0x1400b4101	0x1400b43a3	0x140528204	1	4	0x1400b3f70	0x1400b40c6	0x1405281d4
0x1400b43a3	0x1400b4fe8	0x140528214	1	4	0x1400b3f70	0x1400b40c6	0x1405281d4
0x1400b4fe8	0x1400b5074	0x140528204	1	4	0x1400b3f70	0x1400b40c6	0x1405281d4
0x1400b5080	0x1400b5154	0x14053c418	1	0			
0x1400b5160	0x1400b5234	0x14053c418	1	0			
0x1400b5240	0x1400b5333	0x1405282c4	1	3			
0x1400b5333	0x1400b539c	0x1405282d8	1	4	0x1400b5240	0x1400b5333	0x1405282c4
0x1400b539c	0x1400b579c	0x1405282f0	1	4	0x1400b5240	0x1400b5333	0x1405282c4
0x1400b57a0	0x1400b59af	0x140528170	1	0			
0x1400b59af	0x1400b625e	0x140528188	1	4	0x1400b57a0	0x1400b59af	0x140528170
0x1400b625e	0x1400b697f	0x14052819c	1	4	0x1400b59af	0x1400b625e	0x140528188
0x1400b697f	0x1400b69ab	0x1405281b4	1	4	0x1400b59af	0x1400b625e	0x140528188
0x1400b69ab	0x1400b69c8	0x1405281c4	1	4	0x1400b57a0	0x1400b59af	0x140528170
0x1400b6a60	0x1400b7006	0x14052db10	1	3			
0x1400b7010	0x1400b71a3	0x1405463d4	1	0			
0x1400b71b0	0x1400b71be	0x14053c418	1	0			
0x1400b71be	0x1400b723d	0x140528300	1	4	0x1400b71b0	0x1400b71be	0x14053c418
0x1400b723d	0x1400b7255	0x140528314	1	4	0x1400b71b0	0x1400b71be	0x14053c418
0x1400b7260	0x1400b72b7	0x140528230	1	0			
0x1400b72b7	0x1400b73a9	0x140528248	1	4	0x1400b7260	0x1400b72b7	0x140528230
0x1400b73a9	0x1400b7635	0x140528260	1	4	0x1400b7260	0x1400b72b7	0x140528230
0x1400b7640	0x1400b76f6	0x14053c418	1	0			
0x1400b7700	0x1400b77b6	0x14053c418	1	0			
0x1400b77c0	0x1400b7c97	0x1405282a8	1	3			
0x1400b7ca0	0x1400b7d25	0x1405463d4	1	0			
0x1400b7d30	0x1400b7dec	0x140529000	1	3			
0x1400b7df0	0x1400b7ead	0x140529000	1	3			
0x1400b7eb0	0x1400b7f6b	0x140529000	1	3			
0x1400b7f70	0x1400b8039	0x140528fcc	1	2			
0x1400b8040	0x1400b80ea	0x140528350	1	2			
0x1400b80f0	0x1400b8132	0x140528324	1	2			
0x1400b8140	0x1400b84da	0x140528380	1	2			
0x1400b8560	0x1400b8725	0x1405285b0	1	3			
0x1400b8770	0x1400b87a4	0x1405463d4	1	0			
0x1400b87b0	0x1400b886b	0x140539f80	1	3			
0x1400b886b	0x1400b88b6	0x14052889c	1	4	0x1400b87b0	0x1400b886b	0x140539f80
0x1400b88b6	0x1400b89dc	0x1405288b4	1	4	0x1400b886b	0x1400b88b6	0x14052889c
0x1400b89dc	0x1400b89ff	0x1405288c8	1	4	0x1400b886b	0x1400b88b6	0x14052889c
0x1400b89ff	0x1400b8a1b	0x1405288d8	1	4	0x1400b87b0	0x1400b886b	0x140539f80
0x1400b8a1b	0x1400b8a99	0x1405288f4	1	4	0x1400b87b0	0x1400b886b	0x140539f80
0x1400b8aa0	0x1400b8cf4	0x14052890c	1	3			
0x1400b8d00	0x1400b8dfd	0x140533718	1	3			
0x1400b8e00	0x1400b8e09	0x14053c418	1	0			
0x1400b8e09	0x1400b8e66	0x140528dd0	1	4	0x1400b8e00	0x1400b8e09	0x14053c418
0x1400b8e66	0x1400b8ea3	0x140528de4	1	4	0x1400b8e09	0x1400b8e66	0x140528dd0
0x1400b8ea3	0x1400b8eb8	0x140528df8	1	4	0x1400b8e09	0x1400b8e66	0x140528dd0
0x1400b8eb8	0x1400b8ecb	0x140528e08	1	4	0x1400b8e00	0x1400b8e09	0x14053c418
0x1400b8ed0	0x1400b9075	0x140528dbc	1	3			
0x1400b9080	0x1400b9148	0x1405463d4	1	0			
0x1400b9150	0x1400b9271	0x1405463d4	1	0			
0x1400b9280	0x1400b934c	0x1405463d4	1	0			
0x1400b9350	0x1400b9471	0x1405463d4	1	0			
0x1400b9480	0x1400b9562	0x140528dbc	1	3			
0x1400b9570	0x1400b95a2	0x14053c418	1	0			
0x1400b95b0	0x1400b95e2	0x14053c418	1	0			
0x1400b95f0	0x1400b961c	0x14053c418	1	0			
0x1400b9620	0x1400b9652	0x14053c418	1	0			
0x1400b96b0	0x1400b9853	0x1405463d4	1	0			
0x1400b9860	0x1400b9974	0x1405248a8	1	0			
0x1400b9974	0x1400b9a22	0x14052884c	1	4	0x1400b9860	0x1400b9974	0x1405248a8
0x1400b9a22	0x1400b9a48	0x140528864	1	4	0x1400b9860	0x1400b9974	0x1405248a8
0x1400b9a60	0x1400b9b45	0x14053c418	1	0			
0x1400b9b50	0x1400b9c2b	0x1405251f0	1	3			
0x1400b9c30	0x1400b9e70	0x140528ea0	1	3			
0x1400b9e70	0x1400ba06e	0x140528ec8	1	4	0x1400b9c30	0x1400b9e70	0x140528ea0
0x1400ba06e	0x1400ba387	0x140528ee4	1	4	0x1400b9c30	0x1400b9e70	0x140528ea0
0x1400ba387	0x1400ba43e	0x140528ef4	1	4	0x1400ba06e	0x1400ba387	0x140528ee4
0x1400ba43e	0x1400ba948	0x140528f08	1	4	0x1400ba06e	0x1400ba387	0x140528ee4
0x1400ba950	0x1400bb076	0x140528f18	1	3			
0x1400bb0c0	0x1400bb37b	0x140528e84	1	3			
0x1400bb380	0x1400bb43d	0x140533718	1	3			
0x1400bb600	0x1400bb610	0x140534958	1	0			
0x1400bb610	0x1400bb62a	0x140528aa0	1	4	0x1400bb600	0x1400bb610	0x140534958
0x1400bb62a	0x1400bb6f3	0x140528abc	1	4	0x1400bb610	0x1400bb62a	0x140528aa0
0x1400bb6f3	0x1400bb81d	0x140528ad4	1	4	0x1400bb610	0x1400bb62a	0x140528aa0
0x1400bb81d	0x1400bb830	0x140528ae4	1	4	0x1400bb600	0x1400bb610	0x140534958
0x1400bb830	0x1400bb88f	0x14053c418	1	0			
0x1400bb890	0x1400bba47	0x140528a8c	1	3			
0x1400bba50	0x1400bba90	0x1405287b0	1	0			
0x1400bba90	0x1400bbf00	0x1405287bc	1	4	0x1400bba50	0x1400bba90	0x1405287b0
0x1400bbf00	0x1400bc060	0x1405287d0	1	4	0x1400bba50	0x1400bba90	0x1405287b0
0x1400bc0e0	0x1400bc21c	0x14053c418	1	0			
0x1400bc220	0x1400bc8e2	0x14053c418	1	0			
0x1400bc8e2	0x1400bc941	0x14052878c	1	4	0x1400bc220	0x1400bc8e2	0x14053c418
0x1400bc941	0x1400bca95	0x1405287a0	1	4	0x1400bc220	0x1400bc8e2	0x14053c418
0x1400bcac0	0x1400bcb36	0x140528a4c	1	3			
0x1400bcb36	0x1400bccbd	0x140528a68	1	4	0x1400bcac0	0x1400bcb36	0x140528a4c
0x1400bccbd	0x1400bcce2	0x140528a7c	1	4	0x1400bcac0	0x1400bcb36	0x140528a4c
0x1400bccf0	0x1400bcd2f	0x14053c418	1	0			
0x1400bcd30	0x1400bcd62	0x14053c418	1	0			
0x1400bcd70	0x1400bcffd	0x1405285d0	1	3			
0x1400bd000	0x1400bd197	0x140544668	1	3			
0x1400bd1a0	0x1400bd1f0	0x14053c418	1	0			
0x1400bd1f0	0x1400bd238	0x14053c418	1	0			
0x1400bd240	0x1400bd39c	0x14053c418	1	0			
0x1400bd3a0	0x1400bd420	0x14053c418	1	0			
0x1400bd420	0x1400bd597	0x14053c418	1	0			
0x1400bd5a0	0x1400bd62b	0x14053c418	1	0			
0x1400bd630	0x1400bd715	0x140533464	1	3			
0x1400bd715	0x1400bd764	0x140528d58	1	4	0x1400bd630	0x1400bd715	0x140533464
0x1400bd764	0x1400bd7bf	0x140528d6c	1	4	0x1400bd630	0x1400bd715	0x140533464
0x1400bd7c0	0x1400bd810	0x14053c418	1	0			
0x1400bd810	0x1400bd8fc	0x14053c418	1	0			
0x1400bd900	0x1400bd97b	0x14053c418	1	0			
0x1400bd980	0x1400bda10	0x14053c418	1	0			
0x1400bda10	0x1400bdb14	0x14053c418	1	0			
0x1400bdb20	0x1400bdbb0	0x14053c418	1	0			
0x1400bdbb0	0x1400bdbe2	0x14053c418	1	0			
0x1400bdbf0	0x1400bdca4	0x14053c418	1	0			
0x1400bdcb0	0x1400bdd58	0x14053c418	1	0			
0x1400bdd60	0x1400bdddc	0x14053c418	1	0			
0x1400bdde0	0x1400bde97	0x140526458	1	0			
0x1400bdea0	0x1400bdf2b	0x14053c418	1	0			
0x1400bdf30	0x1400bdf80	0x14053c418	1	0			
0x1400bdf80	0x1400bdfea	0x14053c418	1	0			
0x1400bdff0	0x1400be19d	0x140528d44	1	3			
0x1400be1a0	0x1400be2f4	0x140528cd4	1	3			
0x1400be300	0x1400be4ea	0x140533718	1	3			
0x1400be4f0	0x1400be67a	0x140528af4	1	0			
0x1400be680	0x1400be70c	0x14053c418	1	0			
0x1400be710	0x1400be881	0x140533718	1	3			
0x1400be890	0x1400be9f1	0x1405255c0	1	0			
0x1400bea00	0x1400beaa8	0x14053c418	1	0			
0x1400beab0	0x1400beb42	0x14053c418	1	0			
0x1400beb50	0x1400bebf8	0x1405463d4	1	0			
0x1400bec00	0x1400becfe	0x14052db10	1	3			
0x1400bed00	0x1400beea8	0x14052db10	1	3			
0x1400beeb0	0x1400befe1	0x14054854c	1	0			
0x1400beff0	0x1400bf00d	0x140528d7c	1	0			
0x1400bf00d	0x1400bf12f	0x140528d84	1	4	0x1400beff0	0x1400bf00d	0x140528d7c
0x1400bf12f	0x1400bf290	0x140528d98	1	4	0x1400bf00d	0x1400bf12f	0x140528d84
0x1400bf290	0x1400bf2a3	0x140528dac	1	4	0x1400beff0	0x1400bf00d	0x140528d7c
0x1400bf2b0	0x1400bf436	0x140544668	1	3			
0x1400bf440	0x1400bf509	0x140533718	1	3			
0x1400bf510	0x1400bf674	0x140528f7c	1	3			
0x1400bf750	0x1400bf825	0x14053c418	1	0			
0x1400bf830	0x1400bf863	0x140528708	1	3			
0x1400bf863	0x1400bf988	0x140528718	1	4	0x1400bf830	0x1400bf863	0x140528708
0x1400bf988	0x1400bf9ed	0x140528734	1	4	0x1400bf830	0x1400bf863	0x140528708
0x1400bf9ed	0x1400bfa11	0x140528748	1	4	0x1400bf830	0x1400bf863	0x140528708
0x1400bfa30	0x1400bfa74	0x14053c418	1	0			
0x1400bfaa0	0x1400bfb55	0x14053c418	1	0			
0x1400bfb60	0x1400bfcb9	0x140528ce4	1	3			
0x1400bfcc0	0x1400bfdc1	0x14054b888	1	3			
0x1400bfdd0	0x1400bff68	0x1405463d4	1	0			
0x1400bff70	0x1400c0147	0x140535960	1	3			
0x1400c0150	0x1400c0284	0x14053c418	1	0			
0x1400c0290	0x1400c038f	0x140535960	1	3			
0x1400c0390	0x1400c0475	0x1405463d4	1	0			
0x1400c0490	0x1400c0544	0x14053c418	1	0			
0x1400c0550	0x1400c0675	0x14053c418	1	0			
0x1400c0680	0x1400c07a8	0x14053c418	1	0			
0x1400c07b0	0x1400c08b2	0x14053c418	1	0			
0x1400c0ab0	0x1400c0b27	0x140545b9c	1	0			
0x1400c0b40	0x1400c100a	0x140528628	1	0			
0x1400c100a	0x1400c1954	0x140528638	1	4	0x1400c0b40	0x1400c100a	0x140528628
0x1400c1954	0x1400c1ef0	0x140528658	1	4	0x1400c100a	0x1400c1954	0x140528638
0x1400c1ef0	0x1400c1f27	0x140528680	1	4	0x1400c100a	0x1400c1954	0x140528638
0x1400c1f30	0x1400c1f58	0x14054e5d0	1	0			
0x1400c1f58	0x1400c2028	0x1405287e0	1	4	0x1400c1f30	0x1400c1f58	0x14054e5d0
0x1400c2028	0x1400c2038	0x1405287f4	1	4	0x1400c1f30	0x1400c1f58	0x14054e5d0
0x1400c2050	0x1400c2164	0x1405248a8	1	0			
0x1400c2164	0x1400c2212	0x140528874	1	4	0x1400c2050	0x1400c2164	0x1405248a8
0x1400c2212	0x1400c2238	0x14052888c	1	4	0x1400c2050	0x1400c2164	0x1405248a8
0x1400c2250	0x1400c2256	0x14053c418	1	0			
0x1400c2256	0x1400c2320	0x140528cfc	1	4	0x1400c2250	0x1400c2256	0x14053c418
0x1400c2320	0x1400c23c1	0x140528d10	1	4	0x1400c2256	0x1400c2320	0x140528cfc
0x1400c23c1	0x1400c23da	0x140528d24	1	4	0x1400c2256	0x1400c2320	0x140528cfc
0x1400c23da	0x1400c240b	0x140528d34	1	4	0x1400c2250	0x1400c2256	0x14053c418
0x1400c2410	0x1400c273c	0x140528ce4	1	3			
0x1400c2740	0x1400c27eb	0x140528cd4	1	3			
0x1400c27f0	0x1400c28b3	0x140530260	1	3			
0x1400c28c0	0x1400c2a62	0x140528690	1	3			
0x1400c2a62	0x1400c2eaf	0x1405286a8	1	4	0x1400c28c0	0x1400c2a62	0x140528690
0x1400c2eaf	0x1400c30fb	0x1405286c0	1	4	0x1400c2a62	0x1400c2eaf	0x1405286a8
0x1400c30fb	0x1400c3122	0x1405286e8	1	4	0x1400c2a62	0x1400c2eaf	0x1405286a8
0x1400c3122	0x1400c315d	0x1405286f8	1	4	0x1400c28c0	0x1400c2a62	0x140528690
0x1400c3160	0x1400c331a	0x14053e9b4	1	3			
0x1400c331a	0x1400c3351	0x140528fa8	1	4	0x1400c3160	0x1400c331a	0x14053e9b4
0x1400c3351	0x1400c3372	0x140528fbc	1	4	0x1400c3160	0x1400c331a	0x14053e9b4
0x1400c3380	0x1400c3742	0x14053ce70	1	0			
0x1400c3750	0x1400c3792	0x14053c418	1	0			
0x1400c37a0	0x1400c37c8	0x14054eea0	1	0			
0x1400c37c8	0x1400c37cd	0x140528804	1	4	0x1400c37a0	0x1400c37c8	0x14054eea0
0x1400c37cd	0x1400c390f	0x140528818	1	4	0x1400c37c8	0x1400c37cd	0x140528804
0x1400c390f	0x1400c396c	0x14052882c	1	4	0x1400c37c8	0x1400c37cd	0x140528804
0x1400c396c	0x1400c397c	0x14052883c	1	4	0x1400c37a0	0x1400c37c8	0x14054eea0
0x1400c3990	0x1400c3bda	0x1405463d4	1	0			
0x1400c3be0	0x1400c3cbf	0x14053c418	1	0			
0x1400c3cd0	0x1400c3f11	0x1405463d4	1	0			
0x1400c3f20	0x1400c3f82	0x14053c418	1	0			
0x1400c3f90	0x1400c3ff5	0x1405463d4	1	0			
0x1400c4010	0x1400c427f	0x1405251f0	1	3			
0x1400c4280	0x1400c42f6	0x14053c418	1	0			
0x1400c4300	0x1400c4329	0x140528c6c	1	3			
0x1400c4329	0x1400c4385	0x140528c88	1	4	0x1400c4300	0x1400c4329	0x140528c6c
0x1400c4385	0x1400c444e	0x140528c9c	1	4	0x1400c4300	0x1400c4329	0x140528c6c
0x1400c444e	0x1400c4544	0x140528cac	1	4	0x1400c4385	0x1400c444e	0x140528c9c
0x1400c4544	0x1400c456c	0x140528cc4	1	4	0x1400c4385	0x1400c444e	0x140528c9c
0x1400c4570	0x1400c4679	0x1405463d4	1	0			
0x1400c4680	0x1400c46c0	0x14053c418	1	0			
0x1400c46c0	0x1400c4802	0x14054854c	1	0			
0x1400c4810	0x1400c4868	0x14053c418	1	0			
0x1400c4870	0x1400c4987	0x14053c418	1	0			
0x1400c4990	0x1400c49e9	0x14053c418	1	0			
0x1400c49f0	0x1400c4b43	0x140535d70	1	3			
0x1400c4b50	0x1400c4b65	0x140528944	1	3			
0x1400c4b65	0x1400c4cd8	0x14052899c	1	4	0x1400c4b50	0x1400c4b65	0x140528944
0x1400c4cd8	0x1400c4d68	0x1405289b0	1	4	0x1400c4b50	0x1400c4b65	0x140528944
0x1400c4d68	0x1400c4da7	0x1405289c0	1	4	0x1400c4cd8	0x1400c4d68	0x1405289b0
0x1400c4da7	0x1400c4e26	0x1405289d4	1	4	0x1400c4cd8	0x1400c4d68	0x1405289b0
0x1400c4e30	0x1400c4ee7	0x14054854c	1	0			
0x1400c4f50	0x1400c4f65	0x140528944	1	3			
0x1400c4f65	0x1400c50e4	0x140528954	1	4	0x1400c4f50	0x1400c4f65	0x140528944
0x1400c50e4	0x1400c5174	0x140528968	1	4	0x1400c4f50	0x1400c4f65	0x140528944
0x1400c5174	0x1400c51b3	0x140528978	1	4	0x1400c50e4	0x1400c5174	0x140528968
0x1400c51b3	0x1400c5232	0x14052898c	1	4	0x1400c50e4	0x1400c5174	0x140528968
0x1400c5240	0x1400c52f7	0x14054854c	1	0			
0x1400c5300	0x1400c5409	0x14053c418	1	0			
0x1400c5410	0x1400c54b2	0x14053c418	1	0			
0x1400c54c0	0x1400c56b3	0x1405463d4	1	0			
0x1400c56c0	0x1400c5856	0x140528e68	1	3			
0x1400c5860	0x1400c593d	0x140528758	1	3			
0x1400c593d	0x1400c5977	0x140528768	1	4	0x1400c5860	0x1400c593d	0x140528758
0x1400c5977	0x1400c59e8	0x14052877c	1	4	0x1400c5860	0x1400c593d	0x140528758
0x1400c59f0	0x1400c5b6b	0x140528f58	1	3			
0x1400c5cd0	0x1400c5d56	0x14053c418	1	0			
0x1400c5d60	0x1400c5e8c	0x14054854c	1	0			
0x1400c5e90	0x1400c6013	0x140528928	1	0			
0x1400c6020	0x1400c612e	0x14054b888	1	3			
0x1400c6130	0x1400c617e	0x140528bd8	1	3			
0x1400c617e	0x1400c6401	0x140528bf0	1	4	0x1400c6130	0x1400c617e	0x140528bd8
0x1400c6401	0x1400c641e	0x140528c04	1	4	0x1400c6130	0x1400c617e	0x140528bd8
0x1400c6420	0x1400c65b8	0x140528cd4	1	3			
0x1400c65c0	0x1400c65f6	0x140528b08	1	3			
0x1400c65f6	0x1400c674b	0x140528b20	1	4	0x1400c65c0	0x1400c65f6	0x140528b08
0x1400c674b	0x1400c67f2	0x140528b3c	1	4	0x1400c65f6	0x1400c674b	0x140528b20
0x1400c67f2	0x1400c68fc	0x140528b54	1	4	0x1400c674b	0x1400c67f2	0x140528b3c
0x1400c68fc	0x1400c6945	0x140528b68	1	4	0x1400c674b	0x1400c67f2	0x140528b3c
0x1400c6945	0x1400c695e	0x140528b78	1	4	0x1400c65f6	0x1400c674b	0x140528b20
0x1400c695e	0x1400c697b	0x140528b88	1	4	0x1400c65c0	0x1400c65f6	0x140528b08
0x1400c697b	0x1400c69be	0x140528b98	1	4	0x1400c65c0	0x1400c65f6	0x140528b08
0x1400c69be	0x1400c69cb	0x140528bbc	1	4	0x1400c65c0	0x1400c65f6	0x140528b08
0x1400c69d0	0x1400c6a32	0x14053c418	1	0			
0x1400c6a40	0x1400c6b52	0x14053dcd0	1	3			
0x1400c6b60	0x1400c6c75	0x14054854c	1	0			
0x1400c6c80	0x1400c6cc9	0x14053c418	1	0			
0x1400c6cd0	0x1400c6e31	0x140528c14	1	3			
0x1400c6e31	0x1400c6e71	0x140528c34	1	4	0x1400c6cd0	0x1400c6e31	0x140528c14
0x1400c6e71	0x1400c6e95	0x140528c48	1	4	0x1400c6cd0	0x1400c6e31	0x140528c14
0x1400c6e95	0x1400c7081	0x140528c58	1	4	0x1400c6cd0	0x1400c6e31	0x140528c14
0x1400c7081	0x1400c709f	0x140528c48	1	4	0x1400c6cd0	0x1400c6e31	0x140528c14
0x1400c70a0	0x1400c70e3	0x14053c418	1	0			
0x1400c70f0	0x1400c7128	0x14052a204	1	3			
0x1400c7128	0x1400c71e7	0x140528e18	1	4	0x1400c70f0	0x1400c7128	0x14052a204
0x1400c71e7	0x1400c7269	0x140528e34	1	4	0x1400c7128	0x1400c71e7	0x140528e18
0x1400c7269	0x1400c72aa	0x140528e48	1	4	0x1400c7128	0x1400c71e7	0x140528e18
0x1400c72aa	0x1400c72c8	0x140528e58	1	4	0x1400c70f0	0x1400c7128	0x14052a204
0x1400c72d0	0x1400c730b	0x14053c418	1	0			
0x1400c7310	0x1400c7342	0x14053c418	1	0			
0x1400c7350	0x1400c739b	0x14053c418	1	0			
0x1400c73a0	0x1400c7487	0x1405463d4	1	0			
0x1400c7490	0x1400c7722	0x140528a08	1	3			
0x1400c7730	0x1400c773a	0x140536ae4	1	0			
0x1400c773a	0x1400c7820	0x140528a28	1	4	0x1400c7730	0x1400c773a	0x140536ae4
0x1400c7820	0x1400c7843	0x140528a3c	1	4	0x1400c7730	0x1400c773a	0x140536ae4
0x1400c7850	0x1400c7881	0x14053c418	1	0			
0x1400c7890	0x1400c78f6	0x14053c418	1	0			
0x1400c7900	0x1400c79e7	0x140533a64	1	3			
0x1400c79e7	0x1400c7aca	0x1405289e4	1	4	0x1400c7900	0x1400c79e7	0x140533a64
0x1400c7aca	0x1400c7ae3	0x1405289f8	1	4	0x1400c7900	0x1400c79e7	0x140533a64
0x1400c7af0	0x1400c7b31	0x14053c418	1	0			
0x1400c7ba0	0x1400c7c53	0x140529018	1	2			
0x1400c7c60	0x1400c7d01	0x140529088	1	3			
0x1400c7d30	0x1400c7d64	0x1405463d4	1	0			
0x1400c7d70	0x1400c7e61	0x140529228	1	3			
0x1400c7e61	0x1400c7f61	0x140529240	1	4	0x1400c7d70	0x1400c7e61	0x140529228
0x1400c7f61	0x1400c7f7e	0x140529254	1	4	0x1400c7d70	0x1400c7e61	0x140529228
0x1400c7f80	0x1400c8120	0x14054854c	1	0			
0x1400c8120	0x1400c821b	0x140529264	1	3			
0x1400c821b	0x1400c8307	0x140529280	1	4	0x1400c8120	0x1400c821b	0x140529264
0x1400c8307	0x1400c83be	0x140529294	1	4	0x1400c821b	0x1400c8307	0x140529280
0x1400c83be	0x1400c83df	0x1405292a8	1	4	0x1400c821b	0x1400c8307	0x140529280
0x1400c83df	0x1400c8401	0x1405292b8	1	4	0x1400c8120	0x1400c821b	0x140529264
0x1400c8410	0x1400c863a	0x1405293ac	1	3			
0x1400c8640	0x1400c88b4	0x1405290a0	1	3			
0x1400c88c0	0x1400c8951	0x1405235c4	1	0			
0x1400c8960	0x1400c898c	0x14053c418	1	0			
0x1400c89a0	0x1400c89bd	0x1405293d0	1	0			
0x1400c89bd	0x1400c89ce	0x1405293d8	1	4	0x1400c89a0	0x1400c89bd	0x1405293d0
0x1400c89ce	0x1400c8abf	0x1405293ec	1	4	0x1400c89bd	0x1400c89ce	0x1405293d8
0x1400c8abf	0x1400c8ac4	0x140529414	1	4	0x1400c89bd	0x1400c89ce	0x1405293d8
0x1400c8ac4	0x1400c8acb	0x140529424	1	4	0x1400c89a0	0x1400c89bd	0x1405293d0
0x1400c8ad0	0x1400c8af8	0x1405290f0	1	0			
0x1400c8af8	0x1400c8b2d	0x1405290fc	1	4	0x1400c8ad0	0x1400c8af8	0x1405290f0
0x1400c8b2d	0x1400c8b9c	0x140529110	1	4	0x1400c8ad0	0x1400c8af8	0x1405290f0
0x1400c8b9c	0x1400c8ca1	0x14052912c	1	4	0x1400c8ad0	0x1400c8af8	0x1405290f0
0x1400c8ca1	0x1400c9078	0x140529154	1	4	0x1400c8b9c	0x1400c8ca1	0x14052912c
0x1400c9078	0x1400c90aa	0x140529190	1	4	0x1400c8b9c	0x1400c8ca1	0x14052912c
0x1400c90aa	0x1400c90bb	0x1405291a0	1	4	0x1400c8ad0	0x1400c8af8	0x1405290f0
0x1400c90c0	0x1400c949a	0x140529388	1	3			
0x1400c94a0	0x1400c9551	0x1405291b0	1	0			
0x1400c9551	0x1400c983b	0x1405291c0	1	4	0x1400c94a0	0x1400c9551	0x1405291b0
0x1400c983b	0x1400c987c	0x140529218	1	4	0x1400c94a0	0x1400c9551	0x1405291b0
0x1400c987c	0x1400c98a0	0x1405291ec	1	4	0x1400c94a0	0x1400c9551	0x1405291b0
0x1400c98a0	0x1400c98e0	0x140529218	1	4	0x1400c94a0	0x1400c9551	0x1405291b0
0x1400c9950	0x1400c99ba	0x140523670	1	3			
0x1400c99c0	0x1400c99e8	0x1405292c8	1	3			
0x1400c99e8	0x1400c99fe	0x1405292dc	1	4	0x1400c99c0	0x1400c99e8	0x1405292c8
0x1400c99fe	0x1400c9a1e	0x1405292f8	1	4	0x1400c99e8	0x1400c99fe	0x1405292dc
0x1400c9a1e	0x1400c9da2	0x14052931c	1	4	0x1400c99fe	0x1400c9a1e	0x1405292f8
0x1400c9da2	0x1400c9e7a	0x140529330	1	4	0x1400c99fe	0x1400c9a1e	0x1405292f8
0x1400c9e7a	0x1400ca081	0x140529340	1	4	0x1400c99e8	0x1400c99fe	0x1405292dc
0x1400ca081	0x1400ca0c3	0x140529360	1	4	0x1400c99c0	0x1400c99e8	0x1405292c8
0x1400ca0c3	0x1400ca0de	0x140529378	1	4	0x1400c99c0	0x1400c99e8	0x1405292c8
0x1400ca0e0	0x1400ca1db	0x140529434	1	2			
0x1400ca200	0x1400ca272	0x1405463d4	1	0			
0x1400ca280	0x1400ca430	0x140529468	1	3			
0x1400ca450	0x1400ca484	0x140545b9c	1	0			
0x1400ca484	0x1400ca527	0x1405295e8	1	4	0x1400ca450	0x1400ca484	0x140545b9c
0x1400ca527	0x1400ca562	0x140529600	1	4	0x1400ca450	0x1400ca484	0x140545b9c
0x1400ca562	0x1400ca581	0x140529614	1	4	0x1400ca450	0x1400ca484	0x140545b9c
0x1400ca590	0x1400ca5c1	0x140530338	1	0			
0x1400ca5c1	0x1400ca646	0x140529680	1	4	0x1400ca590	0x1400ca5c1	0x140530338
0x1400ca646	0x1400ca6ab	0x140529698	1	4	0x1400ca590	0x1400ca5c1	0x140530338
0x1400ca6ab	0x1400ca6b6	0x1405296ac	1	4	0x1400ca590	0x1400ca5c1	0x140530338
0x1400ca6c0	0x1400ca7b7	0x140529624	1	3			
0x1400ca7b7	0x1400ca8ea	0x140529638	1	4	0x1400ca6c0	0x1400ca7b7	0x140529624
0x1400ca8ea	0x1400ca9c3	0x14052964c	1	4	0x1400ca7b7	0x1400ca8ea	0x140529638
0x1400ca9c3	0x1400caa0a	0x140529660	1	4	0x1400ca7b7	0x1400ca8ea	0x140529638
0x1400caa0a	0x1400caa28	0x140529670	1	4	0x1400ca6c0	0x1400ca7b7	0x140529624
0x1400caa30	0x1400caa6d	0x1405294b8	1	3			
0x1400caa6d	0x1400caab4	0x1405294cc	1	4	0x1400caa30	0x1400caa6d	0x1405294b8
0x1400caab4	0x1400caabc	0x1405294f0	1	4	0x1400caa6d	0x1400caab4	0x1405294cc
0x1400caabc	0x1400cab67	0x140529504	1	4	0x1400caab4	0x1400caabc	0x1405294f0
0x1400cab67	0x1400caceb	0x140529518	1	4	0x1400caab4	0x1400caabc	0x1405294f0
0x1400caceb	0x1400cae18	0x140529528	1	4	0x1400caa6d	0x1400caab4	0x1405294cc
0x1400cae18	0x1400cae3c	0x140529538	1	4	0x1400caa30	0x1400caa6d	0x1405294b8
0x1400cae40	0x1400caebe	0x140529548	1	3			
0x1400caebe	0x1400caff6	0x140529564	1	4	0x1400cae40	0x1400caebe	0x140529548
0x1400caff6	0x1400cb24a	0x140529578	1	4	0x1400caebe	0x1400caff6	0x140529564
0x1400cb24a	0x1400cb252	0x140529594	1	4	0x1400caebe	0x1400caff6	0x140529564
0x1400cb252	0x1400cb273	0x1405295d8	1	4	0x1400cae40	0x1400caebe	0x140529548
0x1400cb273	0x1400cb27d	0x1405295a4	1	4	0x1400cae40	0x1400caebe	0x140529548
0x1400cb27d	0x1400cb3bc	0x1405295c4	1	4	0x1400cae40	0x1400caebe	0x140529548
0x1400cb3bc	0x1400cb3c9	0x1405295d8	1	4	0x1400cae40	0x1400caebe	0x140529548
0x1400cb3d0	0x1400cb4a0	0x14053c418	1	0			
0x1400cb550	0x1400cb64b	0x1405296bc	1	2			
0x1400cb670	0x1400cb6e2	0x1405463d4	1	0			
0x1400cb6f0	0x1400cb858	0x140529700	1	3			
0x1400cb870	0x1400cb919	0x140529748	1	0			
0x1400cb919	0x1400cb9c2	0x140529758	1	4	0x1400cb870	0x1400cb919	0x140529748
0x1400cb9c2	0x1400cba14	0x140529770	1	4	0x1400cb870	0x1400cb919	0x140529748
0x1400cba20	0x1400cbba6	0x14053c418	1	0			
0x1400cbbb0	0x1400cbc35	0x14053c418	1	0			
0x1400cbc50	0x1400cbc92	0x140529780	1	2			
0x1400cbca0	0x1400cbf21	0x1405297a8	1	2			
0x1400cbf30	0x1400cc093	0x1405298b0	1	3			
0x1400cc0d0	0x1400cc104	0x1405463d4	1	0			
0x1400cc110	0x1400cc219	0x140525140	1	3			
0x1400cc220	0x1400cc2fb	0x14053c418	1	0			
0x1400cc310	0x1400cc3cc	0x1405463d4	1	0			
0x1400cc3d0	0x1400cc3f8	0x14054e478	1	0			
0x1400cc3f8	0x1400cc4ae	0x140529a08	1	4	0x1400cc3d0	0x1400cc3f8	0x14054e478
0x1400cc4ae	0x1400cc4be	0x140529a1c	1	4	0x1400cc3d0	0x1400cc3f8	0x14054e478
0x1400cc500	0x1400cc64c	0x140545b9c	1	0			
0x1400cc64c	0x1400cc77b	0x140529d44	1	4	0x1400cc500	0x1400cc64c	0x140545b9c
0x1400cc77b	0x1400cc7b6	0x140529d58	1	4	0x1400cc500	0x1400cc64c	0x140545b9c
0x1400cc840	0x1400cc9eb	0x14053c418	1	0			
0x1400cc9f0	0x1400cca86	0x14053b0fc	1	3			
0x1400cca86	0x1400ccbb7	0x140529b58	1	4	0x1400cc9f0	0x1400cca86	0x14053b0fc
0x1400ccbb7	0x1400ccbdc	0x140529b74	1	4	0x1400cc9f0	0x1400cca86	0x14053b0fc
0x1400ccbe0	0x1400ccd6b	0x140543e9c	1	3			
0x1400ccd70	0x1400ccf45	0x140543e9c	1	3			
0x1400ccf50	0x1400cd038	0x1405463d4	1	0			
0x1400cd040	0x1400cd1fc	0x140523f4c	1	3			
0x1400cd200	0x1400cd309	0x140529bfc	1	3			
0x1400cd309	0x1400cd3bb	0x140529c10	1	4	0x1400cd200	0x1400cd309	0x140529bfc
0x1400cd3bb	0x1400cd3db	0x140529c24	1	4	0x1400cd200	0x1400cd309	0x140529bfc
0x1400cd3e0	0x1400cd4c5	0x1405463d4	1	0			
0x1400cd4d0	0x1400cd590	0x140529c34	1	3			
0x1400cd590	0x1400cd745	0x140529c44	1	4	0x1400cd4d0	0x1400cd590	0x140529c34
0x1400cd745	0x1400cd8b0	0x140529c5c	1	4	0x1400cd4d0	0x1400cd590	0x140529c34
0x1400cd8b0	0x1400cdbb7	0x1405251f0	1	3			
0x1400cdbc0	0x1400cde1c	0x1405463d4	1	0			
0x1400cde20	0x1400cdec4	0x140533718	1	3			
0x1400cdec4	0x1400cdf14	0x140529cfc	1	4	0x1400cde20	0x1400cdec4	0x140533718
0x1400cdf14	0x1400cdfa2	0x140529d10	1	4	0x1400cde20	0x1400cdec4	0x140533718
0x1400cdfb0	0x1400ce01e	0x14053c418	1	0			
0x1400ce01e	0x1400ce068	0x140529cd8	1	4	0x1400cdfb0	0x1400ce01e	0x14053c418
0x1400ce068	0x1400ce096	0x140529cec	1	4	0x1400cdfb0	0x1400ce01e	0x14053c418
0x1400ce0a0	0x1400ce23b	0x140533718	1	3			
0x1400ce240	0x1400ce2e4	0x140533718	1	3			
0x1400ce2e4	0x1400ce334	0x140529d20	1	4	0x1400ce240	0x1400ce2e4	0x140533718
0x1400ce334	0x1400ce3c2	0x140529d34	1	4	0x1400ce240	0x1400ce2e4	0x140533718
0x1400ce3d0	0x1400ce474	0x140533718	1	3			
0x1400ce474	0x1400ce4c4	0x140529c90	1	4	0x1400ce3d0	0x1400ce474	0x140533718
0x1400ce4c4	0x1400ce54f	0x140529ca4	1	4	0x1400ce3d0	0x1400ce474	0x140533718
0x1400ce550	0x1400ce5f4	0x140533718	1	3			
0x1400ce5f4	0x1400ce644	0x140529c6c	1	4	0x1400ce550	0x1400ce5f4	0x140533718
0x1400ce644	0x1400ce6cf	0x140529c80	1	4	0x1400ce550	0x1400ce5f4	0x140533718
0x1400ce6d0	0x1400ce742	0x14053c418	1	0			
0x1400ce742	0x1400ce7d7	0x140529cb4	1	4	0x1400ce6d0	0x1400ce742	0x14053c418
0x1400ce7d7	0x1400ce805	0x140529cc8	1	4	0x1400ce6d0	0x1400ce742	0x14053c418
0x1400ce810	0x1400ce917	0x14053c418	1	0			
0x1400ce920	0x1400ce98f	0x140528d7c	1	0			
0x1400ce98f	0x1400cea33	0x140529b84	1	4	0x1400ce920	0x1400ce98f	0x140528d7c
0x1400cea33	0x1400cea57	0x140529b98	1	4	0x1400ce920	0x1400ce98f	0x140528d7c
0x1400cea60	0x1400cea96	0x14053c418	1	0			
0x1400cea96	0x1400ced34	0x140529a50	1	4	0x1400cea60	0x1400cea96	0x14053c418
0x1400ced34	0x1400cedb4	0x140529a64	1	4	0x1400cea60	0x1400cea96	0x14053c418
0x1400cedc0	0x1400cef25	0x140533718	1	3			
0x1400cef30	0x1400cf087	0x14053c418	1	0			
0x1400cf090	0x1400cf1f7	0x14053c418	1	0			
0x1400cf200	0x1400cf3bb	0x14053c418	1	0			
0x1400cf3c0	0x1400cf6c2	0x14054854c	1	0			
0x1400cf6d0	0x1400cf988	0x1405463d4	1	0			
0x1400cfeb0	0x1400cfed9	0x140529af8	1	3			
0x1400cfed9	0x1400cff4a	0x140529b0c	1	4	0x1400cfeb0	0x1400cfed9	0x140529af8
0x1400cff4a	0x1400d0196	0x140529b20	1	4	0x1400cfed9	0x1400cff4a	0x140529b0c
0x1400d0196	0x1400d01d4	0x140529b38	1	4	0x1400cfed9	0x1400cff4a	0x140529b0c
0x1400d01d4	0x1400d025f	0x140529b48	1	4	0x1400cfeb0	0x1400cfed9	0x140529af8
0x1400d0260	0x1400d02ff	0x140529ac0	1	3			
0x1400d02ff	0x1400d04db	0x140529ad0	1	4	0x1400d0260	0x1400d02ff	0x140529ac0
0x1400d04db	0x1400d055a	0x140529ae8	1	4	0x1400d0260	0x1400d02ff	0x140529ac0
0x1400d0560	0x1400d05eb	0x14054300c	1	3			
0x1400d05eb	0x1400d083a	0x140529a98	1	4	0x1400d0560	0x1400d05eb	0x14054300c
0x1400d083a	0x1400d08b9	0x140529ab0	1	4	0x1400d0560	0x1400d05eb	0x14054300c
0x1400d08c0	0x1400d094f	0x140529bcc	1	0			
0x1400d094f	0x1400d09d4	0x140529bd8	1	4	0x1400d08c0	0x1400d094f	0x140529bcc
0x1400d09d4	0x1400d0a89	0x140529bec	1	4	0x1400d08c0	0x1400d094f	0x140529bcc
0x1400d0a90	0x1400d0b3e	0x140545b9c	1	0			
0x1400d0b3e	0x1400d0bdb	0x140529ba8	1	4	0x1400d0a90	0x1400d0b3e	0x140545b9c
0x1400d0bdb	0x1400d0bf9	0x140529bbc	1	4	0x1400d0a90	0x1400d0b3e	0x140545b9c
0x1400d0c00	0x1400d0d32	0x140526458	1	0			
0x1400d0d40	0x1400d1924	0x1405463d4	1	0			
0x1400d1950	0x1400d1a05	0x14052c640	1	0			
0x1400d1a10	0x1400d1bfc	0x1405298d0	1	3			
0x1400d1c00	0x1400d1d57	0x140533eac	1	0			
0x1400d1d60	0x1400d1dc8	0x1405463d4	1	0			
0x1400d1dd0	0x1400d1e7b	0x14054e970	1	0			
0x1400d1e80	0x1400d1f2b	0x14054e970	1	0			
0x1400d1f30	0x1400d1faf	0x140532c6c	1	0			
0x1400d1ff0	0x1400d2019	0x14053c418	1	0			
0x1400d2020	0x1400d2101	0x140529a88	1	0			
0x1400d2110	0x1400d229c	0x140529940	1	0			
0x1400d22a0	0x1400d240e	0x14053c418	1	0			
0x1400d2410	0x1400d2506	0x1405463d4	1	0			
0x1400d2510	0x1400d261c	0x140529a74	1	0			
0x1400d2620	0x1400d27df	0x140526458	1	0			
0x1400d2860	0x1400d2888	0x14054e5d0	1	0			
0x1400d2888	0x1400d2967	0x140529a2c	1	4	0x1400d2860	0x1400d2888	0x14054e5d0
0x1400d2967	0x1400d2977	0x140529a40	1	4	0x1400d2860	0x1400d2888	0x14054e5d0
0x1400d2990	0x1400d29d8	0x14053c418	1	0			
0x1400d29e0	0x1400d2b1b	0x1405255c0	1	0			
0x1400d2b20	0x1400d2b28	0x140529960	1	0			
0x1400d2b28	0x1400d2b30	0x14052996c	1	4	0x1400d2b20	0x1400d2b28	0x140529960
0x1400d2b30	0x1400d2c0e	0x140529980	1	4	0x1400d2b28	0x1400d2b30	0x14052996c
0x1400d2c0e	0x1400d2d25	0x1405299a4	1	4	0x1400d2b28	0x1400d2b30	0x14052996c
0x1400d2d25	0x1400d2dc6	0x1405299c4	1	4	0x1400d2b28	0x1400d2b30	0x14052996c
0x1400d2dc6	0x1400d2ee8	0x1405299e0	1	4	0x1400d2b28	0x1400d2b30	0x14052996c
0x1400d2ee8	0x1400d2f4b	0x1405299f8	1	4	0x1400d2b20	0x1400d2b28	0x140529960
0x1400d3060	0x1400d30ff	0x140526458	1	0			
0x1400d3100	0x1400d310e	0x14053c418	1	0			
0x1400d310e	0x1400d3187	0x140529d68	1	4	0x1400d3100	0x1400d310e	0x14053c418
0x1400d3187	0x1400d319f	0x140529d7c	1	4	0x1400d3100	0x1400d310e	0x14053c418
0x1400d31a0	0x1400d3240	0x14053c418	1	0			
0x1400d32a0	0x1400d3368	0x140533e98	1	3			
0x1400d3450	0x1400d34c9	0x140529d8c	1	2			
0x1400d34f0	0x1400d3556	0x1405463d4	1	0			
0x1400d3560	0x1400d36fa	0x140529db8	1	3			
0x1400d3700	0x1400d3c5e	0x140529e08	1	3			
0x1400d3c60	0x1400d3cac	0x14053c418	1	0			
0x1400d3cb0	0x1400d3f97	0x140529e2c	1	2			
0x1400d3fa0	0x1400d4122	0x140529f50	1	3			
0x1400d4160	0x1400d4194	0x1405463d4	1	0			
0x1400d41a0	0x1400d41cb	0x14053c418	1	0			
0x1400d41d0	0x1400d42d9	0x140525140	1	3			
0x1400d4310	0x1400d45fc	0x140528e84	1	3			
0x1400d4600	0x1400d467d	0x14053c418	1	0			
0x1400d4680	0x1400d47e2	0x14054854c	1	0			
0x1400d47f0	0x1400d4844	0x140528944	1	3			
0x1400d4844	0x1400d48a4	0x14052a2bc	1	4	0x1400d47f0	0x1400d4844	0x140528944
0x1400d48a4	0x1400d48b7	0x14052a2e4	1	4	0x1400d47f0	0x1400d4844	0x140528944
0x1400d48b7	0x1400d4931	0x14052a2d0	1	4	0x1400d47f0	0x1400d4844	0x140528944
0x1400d4931	0x1400d4aba	0x14052a2e4	1	4	0x1400d47f0	0x1400d4844	0x140528944
0x1400d4ac0	0x1400d4b18	0x14053c418	1	0			
0x1400d4b20	0x1400d4bbb	0x140528cd4	1	3			
0x1400d4bbb	0x1400d4d74	0x14052a298	1	4	0x1400d4b20	0x1400d4bbb	0x140528cd4
0x1400d4d74	0x1400d4ecc	0x14052a2ac	1	4	0x1400d4b20	0x1400d4bbb	0x140528cd4
0x1400d4ed0	0x1400d4fd7	0x140543e9c	1	3			
0x1400d4fe0	0x1400d5161	0x14052a2f4	1	3			
0x1400d5161	0x1400d523b	0x14052a30c	1	4	0x1400d4fe0	0x1400d5161	0x14052a2f4
0x1400d523b	0x1400d52a7	0x14052a320	1	4	0x1400d4fe0	0x1400d5161	0x14052a2f4
0x1400d52b0	0x1400d5373	0x140528cd4	1	3			
0x1400d5373	0x1400d5438	0x14052a25c	1	4	0x1400d52b0	0x1400d5373	0x140528cd4
0x1400d5438	0x1400d5494	0x14052a274	1	4	0x1400d52b0	0x1400d5373	0x140528cd4
0x1400d5494	0x1400d54c6	0x14052a288	1	4	0x1400d52b0	0x1400d5373	0x140528cd4
0x1400d54d0	0x1400d551f	0x14052a164	1	3			
0x1400d551f	0x1400d552f	0x14052a17c	1	4	0x1400d54d0	0x1400d551f	0x14052a164
0x1400d552f	0x1400d58b0	0x14052a194	1	4	0x1400d551f	0x1400d552f	0x14052a17c
0x1400d58b0	0x1400d59ca	0x14052a1b4	1	4	0x1400d551f	0x1400d552f	0x14052a17c
0x1400d59ca	0x1400d5a3c	0x14052a1c4	1	4	0x1400d54d0	0x1400d551f	0x14052a164
0x1400d5a40	0x1400d5b50	0x140545b9c	1	0			
0x1400d5be0	0x1400d5ca4	0x140528cd4	1	3			
0x1400d5cb0	0x1400d5dc6	0x14053c418	1	0			
0x1400d5dd0	0x1400d5eec	0x14053c418	1	0			
0x1400d5f90	0x1400d60db	0x140526458	1	0			
0x1400d60e0	0x1400d66d8	0x1405463d4	1	0			
0x1400d6700	0x1400d6737	0x14052a1d4	1	0			
0x1400d6737	0x1400d6798	0x14052a1e0	1	4	0x1400d6700	0x1400d6737	0x14052a1d4
0x1400d6798	0x1400d67cb	0x14052a1f4	1	4	0x1400d6700	0x1400d6737	0x14052a1d4
0x1400d67d0	0x1400d6a55	0x140529f78	1	3			
0x1400d6a60	0x1400d6bee	0x14052a14c	1	3			
0x1400d6bf0	0x1400d6c68	0x1405463d4	1	0			
0x1400d6c70	0x1400d6d1b	0x14054e970	1	0			
0x1400d6d20	0x1400d6dcb	0x14054e970	1	0			
0x1400d6dd0	0x1400d6e19	0x14052a0f0	1	3			
0x1400d6e19	0x1400d6e5d	0x14052a100	1	4	0x1400d6dd0	0x1400d6e19	0x14052a0f0
0x1400d6e5d	0x1400d6ecc	0x14052a118	1	4	0x1400d6e19	0x1400d6e5d	0x14052a100
0x1400d6ecc	0x1400d6efc	0x14052a12c	1	4	0x1400d6e19	0x1400d6e5d	0x14052a100
0x1400d6efc	0x1400d6f1e	0x14052a13c	1	4	0x1400d6dd0	0x1400d6e19	0x14052a0f0
0x1400d6f90	0x1400d6fb9	0x14053c418	1	0			
0x1400d6fc0	0x1400d7168	0x140529ff0	1	0			
0x1400d7168	0x1400d71e6	0x14052a000	1	4	0x1400d6fc0	0x1400d7168	0x140529ff0
0x1400d71e6	0x1400d779e	0x14052a014	1	4	0x1400d7168	0x1400d71e6	0x14052a000
0x1400d779e	0x1400d77b3	0x14052a02c	1	4	0x1400d7168	0x1400d71e6	0x14052a000
0x1400d77c0	0x1400d7808	0x14053c418	1	0			
0x1400d7810	0x1400d79fb	0x14052a03c	1	0			
0x1400d7a00	0x1400d7a4c	0x14052a04c	1	0			
0x1400d7a4c	0x1400d7cd9	0x14052a058	1	4	0x1400d7a00	0x1400d7a4c	0x14052a04c
0x1400d7cd9	0x1400d7d0e	0x14052a080	1	4	0x1400d7a00	0x1400d7a4c	0x14052a04c
0x1400d7d0e	0x1400d7e6d	0x14052a098	1	4	0x1400d7a00	0x1400d7a4c	0x14052a04c
0x1400d7e70	0x1400d7ef0	0x140526458	1	0			
0x1400d7ef0	0x1400d7f3d	0x14052a204	1	3			
0x1400d7f3d	0x1400d7fc5	0x14052a214	1	4	0x1400d7ef0	0x1400d7f3d	0x14052a204
0x1400d7fc5	0x1400d80e1	0x14052a228	1	4	0x1400d7ef0	0x1400d7f3d	0x14052a204
0x1400d80e1	0x1400d81b3	0x14052a238	1	4	0x1400d7fc5	0x1400d80e1	0x14052a228
0x1400d81b3	0x1400d824d	0x14052a24c	1	4	0x1400d7fc5	0x1400d80e1	0x14052a228
0x1400d8250	0x1400d82fa	0x14054854c	1	0			
0x1400d8300	0x1400d8386	0x1405463d4	1	0			
0x1400d8390	0x1400d8461	0x14053c418	1	0			
0x1400d8480	0x1400d84a9	0x14052a0a8	1	3			
0x1400d84a9	0x1400d8672	0x14052a0b8	1	4	0x1400d8480	0x1400d84a9	0x14052a0a8
0x1400d8672	0x1400d86a4	0x14052a0dc	1	4	0x1400d8480	0x1400d84a9	0x14052a0a8
0x1400d8770	0x1400d87b2	0x14052a330	1	2			
0x1400d87c0	0x1400d8ab4	0x14052a358	1	2			
0x1400d8ac0	0x1400d8c2b	0x14052a478	1	3			
0x1400d8c70	0x1400d8ca4	0x1405463d4	1	0			
0x1400d8cb0	0x1400d8d6a	0x14052a7e4	1	0			
0x1400d8d6a	0x1400d8da9	0x14052a7f0	1	4	0x1400d8cb0	0x1400d8d6a	0x14052a7e4
0x1400d8da9	0x1400d8db8	0x14052a804	1	4	0x1400d8cb0	0x1400d8d6a	0x14052a7e4
0x1400d8db8	0x1400d8f33	0x14052a81c	1	4	0x1400d8da9	0x1400d8db8	0x14052a804
0x1400d8f33	0x1400d9069	0x14052a83c	1	4	0x1400d8db8	0x1400d8f33	0x14052a81c
0x1400d9069	0x1400d9261	0x14052a854	1	4	0x1400d8f33	0x1400d9069	0x14052a83c
0x1400d9261	0x1400d92cd	0x14052a870	1	4	0x1400d8f33	0x1400d9069	0x14052a83c
0x1400d92cd	0x1400d9417	0x14052a880	1	4	0x1400d8da9	0x1400d8db8	0x14052a804
0x1400d9417	0x1400d9422	0x14052a890	1	4	0x1400d8cb0	0x1400d8d6a	0x14052a7e4
0x1400d9430	0x1400d9826	0x14052a8a0	1	3			
0x1400d9830	0x1400d9940	0x14054e970	1	0			
0x1400d9940	0x1400d9aec	0x14053c418	1	0			
0x1400d9af0	0x1400d9c3f	0x14052a798	1	0			
0x1400d9c3f	0x1400d9d1f	0x14052a7b0	1	4	0x1400d9af0	0x1400d9c3f	0x14052a798
0x1400d9d1f	0x1400d9e13	0x14052a7d4	1	4	0x1400d9af0	0x1400d9c3f	0x14052a798
0x1400d9e20	0x1400d9f1a	0x14052a720	1	3			
0x1400d9f20	0x1400d9ff3	0x14052aa5c	1	3			
0x1400da000	0x1400da13e	0x14052d9ec	1	3			
0x1400da140	0x1400da22e	0x14053dcd0	1	3			
0x1400da230	0x1400da246	0x14053c418	1	0			
0x1400da246	0x1400da37b	0x14052a8c4	1	4	0x1400da230	0x1400da246	0x14053c418
0x1400da37b	0x1400da3ea	0x14052a8dc	1	4	0x1400da230	0x1400da246	0x14053c418
0x1400da3f0	0x1400da408	0x14053de28	1	0			
0x1400da408	0x1400da4bd	0x14052a568	1	4	0x1400da3f0	0x1400da408	0x14053de28
0x1400da4bd	0x1400da4e8	0x14052a580	1	4	0x1400da3f0	0x1400da408	0x14053de28
0x1400da4e8	0x1400da5b1	0x14052a598	1	4	0x1400da3f0	0x1400da408	0x14053de28
0x1400da5b1	0x1400da5b6	0x14052a5d0	1	4	0x1400da3f0	0x1400da408	0x14053de28
0x1400da5b6	0x1400da5bc	0x14052a5c0	1	4	0x1400da3f0	0x1400da408	0x14053de28
0x1400da5bc	0x1400da625	0x14052a5d0	1	4	0x1400da3f0	0x1400da408	0x14053de28
0x1400da625	0x1400da652	0x14052a5d0	1	4	0x1400da3f0	0x1400da408	0x14053de28
0x1400da652	0x1400da688	0x14052a5d0	1	4	0x1400da3f0	0x1400da408	0x14053de28
0x1400da688	0x1400da6a4	0x14052a5d0	1	4	0x1400da3f0	0x1400da408	0x14053de28
0x1400da6a4	0x1400da6de	0x14052a5d0	1	4	0x1400da3f0	0x1400da408	0x14053de28
0x1400da6de	0x1400da6fa	0x14052a5d0	1	4	0x1400da3f0	0x1400da408	0x14053de28
0x1400da6fa	0x1400da727	0x14052a5d0	1	4	0x1400da3f0	0x1400da408	0x14053de28
0x1400da727	0x1400da754	0x14052a5d0	1	4	0x1400da3f0	0x1400da408	0x14053de28
0x1400da754	0x1400da781	0x14052a5d0	1	4	0x1400da3f0	0x1400da408	0x14053de28
0x1400da781	0x1400da7ae	0x14052a5d0	1	4	0x1400da3f0	0x1400da408	0x14053de28
0x1400da7ae	0x1400da7dc	0x14052a5d0	1	4	0x1400da3f0	0x1400da408	0x14053de28
0x1400da7dc	0x1400da85b	0x14052a5c0	1	4	0x1400da3f0	0x1400da408	0x14053de28
0x1400da860	0x1400da885	0x14052a738	1	0			
0x1400da885	0x1400da928	0x14052a744	1	4	0x1400da860	0x1400da885	0x14052a738
0x1400da928	0x1400da962	0x14052a764	1	4	0x1400da885	0x1400da928	0x14052a744
0x1400da962	0x1400daae6	0x14052a778	1	4	0x1400da885	0x1400da928	0x14052a744
0x1400daae6	0x1400dab25	0x14052a788	1	4	0x1400da860	0x1400da885	0x14052a738
0x1400dab30	0x1400dae3b	0x14052a498	1	3			
0x1400dae40	0x1400db00d	0x140525f58	1	0			
0x1400db010	0x1400db07b	0x1405463d4	1	0			
0x1400db080	0x1400db120	0x14054e970	1	0			
0x1400db120	0x1400db1fc	0x14054e970	1	0			
0x1400db200	0x1400db24c	0x14053c418	1	0			
0x1400db250	0x1400db29c	0x14053c418	1	0			
0x1400db2c0	0x1400db3b1	0x140545b9c	1	0			
0x1400db400	0x1400db640	0x14052a5e4	1	3			
0x1400db640	0x1400db6de	0x14052a600	1	4	0x1400db400	0x1400db640	0x14052a5e4
0x1400db6de	0x1400db6e9	0x14052a614	1	4	0x1400db640	0x1400db6de	0x14052a600
0x1400db6e9	0x1400dbdc5	0x14052a628	1	4	0x1400db6de	0x1400db6e9	0x14052a614
0x1400dbdc5	0x1400dbe6e	0x14052a640	1	4	0x1400db6de	0x1400db6e9	0x14052a614
0x1400dbe6e	0x1400dbeb8	0x14052a650	1	4	0x1400db640	0x1400db6de	0x14052a600
0x1400dbeb8	0x1400dbed9	0x14052a660	1	4	0x1400db400	0x1400db640	0x14052a5e4
0x1400dbee0	0x1400dc1f4	0x14053f640	1	0			
0x1400dc200	0x1400dc2c9	0x14053c418	1	0			
0x1400dc2e0	0x1400dc309	0x14052a670	1	3			
0x1400dc309	0x1400dc310	0x14052a688	1	4	0x1400dc2e0	0x1400dc309	0x14052a670
0x1400dc310	0x1400dc4ca	0x14052a69c	1	4	0x1400dc309	0x1400dc310	0x14052a688
0x1400dc4ca	0x1400dcbe0	0x14052a6cc	1	4	0x1400dc310	0x1400dc4ca	0x14052a69c
0x1400dcbe0	0x1400dccbd	0x14052a6e0	1	4	0x1400dc310	0x1400dc4ca	0x14052a69c
0x1400dccbd	0x1400dce0f	0x14052a6f0	1	4	0x1400dc309	0x1400dc310	0x14052a688
0x1400dce0f	0x1400dcf8c	0x14052a710	1	4	0x1400dc2e0	0x1400dc309	0x14052a670
0x1400dcf90	0x1400dd00a	0x14053c418	1	0			
0x1400dd010	0x1400dd0e3	0x140526458	1	0			
0x1400dd0f0	0x1400dd1f9	0x14053c418	1	0			
0x1400dd200	0x1400dd3fa	0x14052a9f8	1	0			
0x1400dd400	0x1400dd4d2	0x140545b9c	1	0			
0x1400dd4e0	0x1400dd69e	0x14052a9f8	1	0			
0x1400dd6a0	0x1400dd761	0x140545b9c	1	0			
0x1400dd770	0x1400dd7e9	0x140528d7c	1	0			
0x1400dd7e9	0x1400dd8e5	0x14052aa14	1	4	0x1400dd770	0x1400dd7e9	0x140528d7c
0x1400dd8e5	0x1400dd932	0x14052aa28	1	4	0x1400dd770	0x1400dd7e9	0x140528d7c
0x1400dd940	0x1400dda1e	0x14053c418	1	0			
0x1400dda20	0x1400ddb70	0x14052aa04	1	0			
0x1400ddb70	0x1400ddc08	0x14053c418	1	0			
0x1400ddc10	0x1400dde5e	0x14053bbc0	1	0			
0x1400dde60	0x1400ddef1	0x14053c418	1	0			
0x1400ddf00	0x1400ddf91	0x14053c418	1	0			
0x1400ddfa0	0x1400de06c	0x14052a8ec	1	0			
0x1400de06c	0x1400de1c8	0x14052a8fc	1	4	0x1400ddfa0	0x1400de06c	0x14052a8ec
0x1400de1c8	0x1400de1d8	0x14052a910	1	4	0x1400ddfa0	0x1400de06c	0x14052a8ec
0x1400de1e0	0x1400de295	0x14055022c	1	0			
0x1400de295	0x1400de2f2	0x14052a920	1	4	0x1400de1e0	0x1400de295	0x14055022c
0x1400de2f2	0x1400de3ef	0x14052a934	1	4	0x1400de1e0	0x1400de295	0x14055022c
0x1400de3ef	0x1400de411	0x14052a94c	1	4	0x1400de1e0	0x1400de295	0x14055022c
0x1400de411	0x1400de419	0x14052a960	1	4	0x1400de1e0	0x1400de295	0x14055022c
0x1400de420	0x1400de4e5	0x14052a9e0	1	0			
0x1400de4f0	0x1400de656	0x14052a9e8	1	0			
0x1400de660	0x1400de717	0x14053c418	1	0			
0x1400de720	0x1400de72d	0x14052a9b0	1	0			
0x1400de72d	0x1400de866	0x14052a9b8	1	4	0x1400de720	0x1400de72d	0x14052a9b0
0x1400de866	0x1400de867	0x14052a9d0	1	4	0x1400de720	0x1400de72d	0x14052a9b0
0x1400de870	0x1400de903	0x14052a9e0	1	0			
0x1400de910	0x1400de920	0x14052a970	1	0			
0x1400de920	0x1400de9c0	0x14052a978	1	4	0x1400de910	0x1400de920	0x14052a970
0x1400de9c0	0x1400de9e1	0x14052a98c	1	4	0x1400de910	0x1400de920	0x14052a970
0x1400de9e1	0x1400de9e2	0x14052a9a0	1	4	0x1400de910	0x1400de920	0x14052a970
0x1400de9f0	0x1400deaa7	0x14053c418	1	0			
0x1400deab0	0x1400deb2a	0x14053c418	1	0			
0x1400deb30	0x1400debf3	0x14053c418	1	0			
0x1400dec00	0x1400decc3	0x14053c418	1	0			
0x1400decd0	0x1400ded7b	0x14053c418	1	0			
0x1400ded80	0x1400dee43	0x14053c418	1	0			
0x1400dee50	0x1400def0f	0x14053c418	1	0			
0x1400def10	0x1400defd3	0x14053c418	1	0			
0x1400defe0	0x1400df0a3	0x14053c418	1	0			
0x1400df0b0	0x1400df16f	0x14053c418	1	0			
0x1400df170	0x1400df233	0x14053c418	1	0			
0x1400df240	0x1400df34d	0x1405463d4	1	0			
0x1400df350	0x1400df466	0x1405463d4	1	0			
0x1400df470	0x1400df52f	0x14053c418	1	0			
0x1400df530	0x1400df643	0x1405463d4	1	0			
0x1400df650	0x1400df724	0x14053c418	1	0			
0x1400df730	0x1400df7f3	0x14053c418	1	0			
0x1400df800	0x1400df8c3	0x14053c418	1	0			
0x1400df8d0	0x1400dfa5f	0x14053bbc0	1	0			
0x1400dfa60	0x1400dfc55	0x14053ce70	1	0			
0x1400dfc60	0x1400dfd78	0x1405463d4	1	0			
0x1400dfd80	0x1400dfe39	0x14053c418	1	0			
0x1400dfe40	0x1400dfeeb	0x14053c418	1	0			
0x1400dfef0	0x1400dffd0	0x14053c418	1	0			
0x1400dffd0	0x1400e00bf	0x140545b9c	1	0			
0x1400e00c0	0x1400e017f	0x14053c418	1	0			
0x1400e0180	0x1400e02c0	0x14054e970	1	0			
0x1400e02c0	0x1400e03af	0x140545b9c	1	0			
0x1400e03b0	0x1400e0473	0x14053c418	1	0			
0x1400e0480	0x1400e05b1	0x14054e970	1	0			
0x1400e05c0	0x1400e069e	0x14054854c	1	0			
0x1400e06a0	0x1400e077c	0x14054854c	1	0			
0x1400e0780	0x1400e08d1	0x140530688	1	0			
0x1400e08e0	0x1400e09a0	0x1405463d4	1	0			
0x1400e09a0	0x1400e0b0f	0x14054e970	1	0			
0x1400e0b10	0x1400e0b6d	0x14053c418	1	0			
0x1400e0b70	0x1400e0c3b	0x1405463d4	1	0			
0x1400e0c40	0x1400e0d43	0x140526458	1	0			
0x1400e0d50	0x1400e0e03	0x14053c418	1	0			
0x1400e0e10	0x1400e0efc	0x14053c418	1	0			
0x1400e0f00	0x1400e0fdf	0x1405463d4	1	0			
0x1400e0fe0	0x1400e10bf	0x1405463d4	1	0			
0x1400e10c0	0x1400e119f	0x1405463d4	1	0			
0x1400e11a0	0x1400e127f	0x1405463d4	1	0			
0x1400e1280	0x1400e135f	0x1405463d4	1	0			
0x1400e1360	0x1400e1412	0x1405463d4	1	0			
0x1400e1420	0x1400e14d7	0x1405463d4	1	0			
0x1400e14e0	0x1400e15e1	0x14052aa70	1	0			
0x1400e1630	0x1400e176e	0x14054fcc4	1	3			
0x1400e1770	0x1400e18c0	0x14054fcc4	1	3			
0x1400e18c0	0x1400e1931	0x14052aa4c	1	0			
0x1400e1940	0x1400e1a9f	0x14052aa38	1	3			
0x1400e1aa0	0x1400e1ac2	0x14052a510	1	3			
0x1400e1ac2	0x1400e1b05	0x14052a520	1	4	0x1400e1aa0	0x1400e1ac2	0x14052a510
0x1400e1b05	0x1400e1b52	0x14052a534	1	4	0x1400e1ac2	0x1400e1b05	0x14052a520
0x1400e1b52	0x1400e1bc8	0x14052a548	1	4	0x1400e1ac2	0x1400e1b05	0x14052a520
0x1400e1bc8	0x1400e1bf2	0x14052a558	1	4	0x1400e1aa0	0x1400e1ac2	0x14052a510
0x1400e1d90	0x1400e1dd2	0x14052aa80	1	2			
0x1400e1de0	0x1400e2005	0x14052aaa8	1	2			
0x1400e2010	0x1400e214d	0x14052aba8	1	3			
0x1400e2190	0x1400e21c4	0x1405463d4	1	0			
0x1400e2200	0x1400e2252	0x14053c418	1	0			
0x1400e2260	0x1400e2454	0x14052abc8	1	3			
0x1400e2460	0x1400e24a2	0x14052ac50	1	3			
0x1400e24a2	0x1400e24bd	0x14052ac6c	1	4	0x1400e2460	0x1400e24a2	0x14052ac50
0x1400e24bd	0x1400e2968	0x14052ac80	1	4	0x1400e24a2	0x1400e24bd	0x14052ac6c
0x1400e2968	0x1400e296d	0x14052ac9c	1	4	0x1400e24a2	0x1400e24bd	0x14052ac6c
0x1400e296d	0x1400e29ac	0x14052acac	1	4	0x1400e2460	0x1400e24a2	0x14052ac50
0x1400e29b0	0x1400e2a1b	0x1405463d4	1	0			
0x1400e2a20	0x1400e2ac5	0x14054e970	1	0			
0x1400e2ad0	0x1400e2bba	0x14054e970	1	0			
0x1400e2bc0	0x1400e2d70	0x14052db10	1	3			
0x1400e2d70	0x1400e3358	0x14052acbc	1	0			
0x1400e3390	0x1400e3551	0x14052ac30	1	3			
0x1400e35a0	0x1400e3624	0x14053c418	1	0			
0x1400e3630	0x1400e3688	0x14053c418	1	0			
0x1400e3710	0x1400e3732	0x140538250	1	0			
0x1400e3740	0x1400e381c	0x14053c418	1	0			
0x1400e3820	0x1400e38f1	0x14052acd4	1	3			
0x1400e3900	0x1400e3bdc	0x14052ad08	1	0			
0x1400e3bdc	0x1400e3c23	0x14052ad1c	1	4	0x1400e3900	0x1400e3bdc	0x14052ad08
0x1400e3c23	0x1400e4146	0x14052ad34	1	4	0x1400e3bdc	0x1400e3c23	0x14052ad1c
0x1400e4146	0x1400e421c	0x14052ad50	1	4	0x1400e3bdc	0x1400e3c23	0x14052ad1c
0x1400e421c	0x1400e4285	0x14052ad64	1	4	0x1400e3bdc	0x1400e3c23	0x14052ad1c
0x1400e4290	0x1400e434b	0x14053c418	1	0			
0x1400e43a0	0x1400e4402	0x1405463d4	1	0			
0x1400e4410	0x1400e4455	0x1405463d4	1	0			
0x1400e4480	0x1400e4661	0x14052ad74	1	0			
0x1400e4661	0x1400e47b3	0x14052ad8c	1	4	0x1400e4480	0x1400e4661	0x14052ad74
0x1400e47b3	0x1400e47ce	0x14052ada8	1	4	0x1400e4480	0x1400e4661	0x14052ad74
0x1400e47d0	0x1400e482f	0x14053c418	1	0			
0x1400e4830	0x1400e494e	0x1405463d4	1	0			
0x1400e4950	0x1400e4a35	0x1405463d4	1	0			
0x1400e4a40	0x1400e4a69	0x140528d7c	1	0			
0x1400e4a69	0x1400e4ad0	0x14052adb8	1	4	0x1400e4a40	0x1400e4a69	0x140528d7c
0x1400e4ad0	0x1400e4b1e	0x14052adcc	1	4	0x1400e4a40	0x1400e4a69	0x140528d7c
0x1400e4b20	0x1400e4bf0	0x14052aed4	1	3			
0x1400e4bf0	0x1400e4c25	0x14052aee8	1	4	0x1400e4b20	0x1400e4bf0	0x14052aed4
0x1400e4c25	0x1400e4cfe	0x14052aefc	1	4	0x1400e4b20	0x1400e4bf0	0x14052aed4
0x1400e4d00	0x1400e4e95	0x14053c418	1	0			
0x1400e4ea0	0x1400e4f61	0x1405255c0	1	0			
0x1400e4f61	0x1400e4ff0	0x14052af84	1	4	0x1400e4ea0	0x1400e4f61	0x1405255c0
0x1400e4ff0	0x1400e5040	0x14052af98	1	4	0x1400e4ea0	0x1400e4f61	0x1405255c0
0x1400e5040	0x1400e50ca	0x140528d7c	1	0			
0x1400e50ca	0x1400e5109	0x14052b060	1	4	0x1400e5040	0x1400e50ca	0x140528d7c
0x1400e5109	0x1400e5121	0x14052b074	1	4	0x1400e5040	0x1400e50ca	0x140528d7c
0x1400e5130	0x1400e516a	0x140540fbc	1	0			
0x1400e516a	0x1400e51f9	0x14052afa8	1	4	0x1400e5130	0x1400e516a	0x140540fbc
0x1400e51f9	0x1400e5230	0x14052afbc	1	4	0x1400e5130	0x1400e516a	0x140540fbc
0x1400e5230	0x1400e526f	0x14052afcc	1	4	0x1400e51f9	0x1400e5230	0x14052afbc
0x1400e526f	0x1400e5287	0x14052afe0	1	4	0x1400e51f9	0x1400e5230	0x14052afbc
0x1400e5290	0x1400e530b	0x140528d7c	1	0			
0x1400e530b	0x1400e534a	0x14052b03c	1	4	0x1400e5290	0x1400e530b	0x140528d7c
0x1400e534a	0x1400e5362	0x14052b050	1	4	0x1400e5290	0x1400e530b	0x140528d7c
0x1400e5370	0x1400e53a6	0x140540fbc	1	0			
0x1400e53a6	0x1400e5439	0x14052af0c	1	4	0x1400e5370	0x1400e53a6	0x140540fbc
0x1400e5439	0x1400e5461	0x14052af20	1	4	0x1400e5370	0x1400e53a6	0x140540fbc
0x1400e5461	0x1400e54a0	0x14052af30	1	4	0x1400e5439	0x1400e5461	0x14052af20
0x1400e54a0	0x1400e54b8	0x14052af44	1	4	0x1400e5439	0x1400e5461	0x14052af20
0x1400e54c0	0x1400e55f8	0x14053c418	1	0			
0x1400e5600	0x1400e576e	0x14053c418	1	0			
0x1400e5770	0x1400e58f2	0x140528d7c	1	0			
0x1400e58f2	0x1400e594d	0x14052addc	1	4	0x1400e5770	0x1400e58f2	0x140528d7c
0x1400e594d	0x1400e595f	0x14052adf0	1	4	0x1400e5770	0x1400e58f2	0x140528d7c
0x1400e5960	0x1400e5ad9	0x140528d7c	1	0			
0x1400e5ad9	0x1400e5b34	0x14052ae00	1	4	0x1400e5960	0x1400e5ad9	0x140528d7c
0x1400e5b34	0x1400e5b46	0x14052ae14	1	4	0x1400e5960	0x1400e5ad9	0x140528d7c
0x1400e5b50	0x1400e5b85	0x140545b9c	1	0			
0x1400e5b85	0x1400e5ba7	0x14052b084	1	4	0x1400e5b50	0x1400e5b85	0x140545b9c
0x1400e5ba7	0x1400e5bbf	0x14052b098	1	4	0x1400e5b50	0x1400e5b85	0x140545b9c
0x1400e5bc0	0x1400e5c0a	0x140545b9c	1	0			
0x1400e5c0a	0x1400e5c2c	0x14052af54	1	4	0x1400e5bc0	0x1400e5c0a	0x140545b9c
0x1400e5c2c	0x1400e5c44	0x14052af68	1	4	0x1400e5bc0	0x1400e5c0a	0x140545b9c
0x1400e5c50	0x1400e5daa	0x14052af78	1	0			
0x1400e5db0	0x1400e5e72	0x14053c418	1	0			
0x1400e5e80	0x1400e5ef6	0x14053c418	1	0			
0x1400e5f00	0x1400e5f73	0x14053c418	1	0			
0x1400e5f80	0x1400e6029	0x14053c418	1	0			
0x1400e6030	0x1400e60be	0x140542038	1	3			
0x1400e60be	0x1400e6181	0x14052ae24	1	4	0x1400e6030	0x1400e60be	0x140542038
0x1400e6181	0x1400e6194	0x14052ae38	1	4	0x1400e6030	0x1400e60be	0x140542038
0x1400e61a0	0x1400e622b	0x14052ae48	1	3			
0x1400e622b	0x1400e6242	0x14052ae5c	1	4	0x1400e61a0	0x1400e622b	0x14052ae48
0x1400e6242	0x1400e6323	0x14052ae74	1	4	0x1400e622b	0x1400e6242	0x14052ae5c
0x1400e6323	0x1400e63d5	0x14052ae90	1	4	0x1400e6242	0x1400e6323	0x14052ae74
0x1400e63d5	0x1400e643c	0x14052aea4	1	4	0x1400e6242	0x1400e6323	0x14052ae74
0x1400e643c	0x1400e6509	0x14052aeb4	1	4	0x1400e622b	0x1400e6242	0x14052ae5c
0x1400e6509	0x1400e6521	0x14052aec4	1	4	0x1400e61a0	0x1400e622b	0x14052ae48
0x1400e6530	0x1400e65e5	0x140540fbc	1	0			
0x1400e65e5	0x1400e667e	0x14052aff0	1	4	0x1400e6530	0x1400e65e5	0x140540fbc
0x1400e667e	0x1400e66ce	0x14052b008	1	4	0x1400e6530	0x1400e65e5	0x140540fbc
0x1400e66d0	0x1400e67be	0x140528d7c	1	0			
0x1400e67be	0x1400e67fd	0x14052b018	1	4	0x1400e66d0	0x1400e67be	0x140528d7c
0x1400e67fd	0x1400e6815	0x14052b02c	1	4	0x1400e66d0	0x1400e67be	0x140528d7c
0x1400e6820	0x1400e687f	0x14052b0a8	1	2			
0x1400e68a0	0x1400e6906	0x1405463d4	1	0			
0x1400e6910	0x1400e6a2c	0x14052b0d0	1	3			
0x1400e6a30	0x1400e6b31	0x14054854c	1	0			
0x1400e6b40	0x1400e6b6b	0x14052b120	1	3			
0x1400e6b6b	0x1400e6c0d	0x14052b134	1	4	0x1400e6b40	0x1400e6b6b	0x14052b120
0x1400e6c0d	0x1400e6c35	0x14052b148	1	4	0x1400e6b6b	0x1400e6c0d	0x14052b134
0x1400e6c35	0x1400e6d8c	0x14052b160	1	4	0x1400e6c0d	0x1400e6c35	0x14052b148
0x1400e6d8c	0x1400e6da6	0x14052b184	1	4	0x1400e6c0d	0x1400e6c35	0x14052b148
0x1400e6da6	0x1400e6dcd	0x14052b194	1	4	0x1400e6b6b	0x1400e6c0d	0x14052b134
0x1400e6dcd	0x1400e6de3	0x14052b1a4	1	4	0x1400e6b40	0x1400e6b6b	0x14052b120
0x1400e6df0	0x1400e6e16	0x14053c418	1	0			
0x1400e6e20	0x1400e6e7f	0x14052b1b4	1	2			
0x1400e6ea0	0x1400e6f06	0x1405463d4	1	0			
0x1400e6f10	0x1400e7049	0x14052b1e0	1	3			
0x1400e7050	0x1400e7117	0x140531758	1	0			
0x1400e7117	0x1400e71f1	0x14052b278	1	4	0x1400e7050	0x1400e7117	0x140531758
0x1400e71f1	0x1400e7209	0x14052b290	1	4	0x1400e7050	0x1400e7117	0x140531758
0x1400e7210	0x1400e7238	0x140528cd4	1	3			
0x1400e7238	0x1400e72a2	0x14052b230	1	4	0x1400e7210	0x1400e7238	0x140528cd4
0x1400e72a2	0x1400e733c	0x14052b244	1	4	0x1400e7238	0x1400e72a2	0x14052b230
0x1400e733c	0x1400e7341	0x14052b258	1	4	0x1400e7238	0x1400e72a2	0x14052b230
0x1400e7341	0x1400e7354	0x14052b268	1	4	0x1400e7210	0x1400e7238	0x140528cd4
0x1400e7360	0x1400e7386	0x14053c418	1	0			
0x1400e73e0	0x1400e74fe	0x140525140	1	3			
0x1400e7500	0x1400e761f	0x140535960	1	3			
0x1400e7620	0x1400e76ac	0x14052b2ec	1	3			
0x1400e76b0	0x1400e7757	0x14052b300	1	3			
0x1400e7760	0x1400e7924	0x14052b2c0	1	3			
0x1400e7930	0x1400e79f4	0x14052b2dc	1	3			
0x1400e7a00	0x1400e7a34	0x1405463d4	1	0			
0x1400e7a40	0x1400e7a8e	0x14053a758	1	0			
0x1400e7ab0	0x1400e7ad3	0x14053c418	1	0			
0x1400e7ae0	0x1400e7c98	0x14052b340	1	3			
0x1400e7ca0	0x1400e7da4	0x14052b354	1	0			
0x1400e7db0	0x1400e7ea4	0x14052b318	1	3			
0x1400e7eb0	0x1400e7f67	0x14052b2b4	1	0			
0x1400e7f70	0x1400e8034	0x14054854c	1	0			
0x1400e8040	0x1400e810a	0x14054854c	1	0			
0x1400e8110	0x1400e8178	0x14052b2a0	1	3			
0x1400e81a0	0x1400e8203	0x14054b888	1	3			
0x1400e8210	0x1400e837e	0x14053e5e8	1	3			
0x1400e8380	0x1400e83d2	0x14054f8f4	1	0			
0x1400e83e0	0x1400e8624	0x14052b36c	1	2			
0x1400e8630	0x1400e876f	0x14052b470	1	3			
0x1400e87b0	0x1400e87e4	0x1405463d4	1	0			
0x1400e8830	0x1400e8882	0x14053c418	1	0			
0x1400e8890	0x1400e8a84	0x14052b490	1	3			
0x1400e8a90	0x1400e8abe	0x14053c3c4	1	0			
0x1400e8abe	0x1400e8ad3	0x14052b500	1	4	0x1400e8a90	0x1400e8abe	0x14053c3c4
0x1400e8ad3	0x1400e8c70	0x14052b514	1	4	0x1400e8abe	0x1400e8ad3	0x14052b500
0x1400e8c70	0x1400e8c75	0x14052b528	1	4	0x1400e8abe	0x1400e8ad3	0x14052b500
0x1400e8c75	0x1400e8cac	0x14052b538	1	4	0x1400e8a90	0x1400e8abe	0x14053c3c4
0x1400e8cb0	0x1400e8d4b	0x1405463d4	1	0			
0x1400e8d50	0x1400e8df5	0x14054e970	1	0			
0x1400e8e00	0x1400e8eea	0x14054e970	1	0			
0x1400e8ef0	0x1400e90e0	0x140545b9c	1	0			
0x1400e90e0	0x1400e99dc	0x14052b548	1	3			
0x1400e9a40	0x1400e9b0a	0x140545b9c	1	0			
0x1400e9b70	0x1400e9bf4	0x14053c418	1	0			
0x1400e9c00	0x1400e9c6c	0x14053c418	1	0			
0x1400e9d70	0x1400e9d9f	0x140545b9c	1	0			
0x1400e9de0	0x1400e9ee9	0x140530260	1	3			
0x1400e9ef0	0x1400e9f2e	0x14053c418	1	0			
0x1400e9f30	0x1400e9f88	0x14053c418	1	0			
0x1400e9f90	0x1400ea282	0x14052b634	1	0			
0x1400ea282	0x1400ea2ca	0x14052b648	1	4	0x1400e9f90	0x1400ea282	0x14052b634
0x1400ea2ca	0x1400ea6b2	0x14052b660	1	4	0x1400ea282	0x1400ea2ca	0x14052b648
0x1400ea6b2	0x1400ea778	0x14052b678	1	4	0x1400ea282	0x1400ea2ca	0x14052b648
0x1400ea778	0x1400ea799	0x14052b68c	1	4	0x1400ea282	0x1400ea2ca	0x14052b648
0x1400ea7a0	0x1400ea8a8	0x14053c418	1	0			
0x1400ea900	0x1400ea962	0x1405463d4	1	0			
0x1400ea970	0x1400ea994	0x14052b57c	1	3			
0x1400ea994	0x1400eaa01	0x14052b594	1	4	0x1400ea970	0x1400ea994	0x14052b57c
0x1400eaa01	0x1400eaa80	0x14052b5ac	1	4	0x1400ea994	0x1400eaa01	0x14052b594
0x1400eaa80	0x1400eabb6	0x14052b5c0	1	4	0x1400ea994	0x1400eaa01	0x14052b594
0x1400eabb6	0x1400eabde	0x14052b5d0	1	4	0x1400ea970	0x1400ea994	0x14052b57c
0x1400eabe0	0x1400eacd6	0x14052b61c	1	3			
0x1400eace0	0x1400eafb0	0x14052b5e0	1	3			
0x1400eafb0	0x1400eb264	0x14052b5fc	1	3			
0x1400eb270	0x1400eb2b5	0x1405463d4	1	0			
0x1400eb310	0x1400eb3f9	0x14052b69c	1	0			
0x1400eb3f9	0x1400eb41d	0x14052b6b0	1	4	0x1400eb310	0x1400eb3f9	0x14052b69c
0x1400eb41d	0x1400eb4a3	0x14052b6c4	1	4	0x1400eb3f9	0x1400eb41d	0x14052b6b0
0x1400eb4a3	0x1400eb4ec	0x14052b6d8	1	4	0x1400eb3f9	0x1400eb41d	0x14052b6b0
0x1400eb4ec	0x1400eb501	0x14052b6e8	1	4	0x1400eb310	0x1400eb3f9	0x14052b69c
0x1400eb510	0x1400eb5b7	0x14053c418	1	0			
0x1400eb5c0	0x1400eb73a	0x140543e9c	1	3			
0x1400eb740	0x1400eb83b	0x140545b9c	1	0			
0x1400eb840	0x1400eb8d6	0x14053c418	1	0			
0x1400eb8e0	0x1400eb938	0x14052b788	1	0			
0x1400eb938	0x1400eb9b5	0x14052b794	1	4	0x1400eb8e0	0x1400eb938	0x14052b788
0x1400eb9b5	0x1400eb9ef	0x14052b7a8	1	4	0x1400eb8e0	0x1400eb938	0x14052b788
0x1400eb9f0	0x1400ebb1f	0x14053c418	1	0			
0x1400ebb20	0x1400ebcc4	0x14053c418	1	0			
0x1400ebcd0	0x1400ebd6e	0x14053c418	1	0			
0x1400ebd6e	0x1400ebde5	0x14052b7b8	1	4	0x1400ebcd0	0x1400ebd6e	0x14053c418
0x1400ebde5	0x1400ebe68	0x14052b7cc	1	4	0x1400ebcd0	0x1400ebd6e	0x14053c418
0x1400ebe70	0x1400ebf7e	0x14053c418	1	0			
0x1400ebf80	0x1400ec067	0x14053c418	1	0			
0x1400ec070	0x1400ec19f	0x140533e98	1	3			
0x1400ec1a0	0x1400ec226	0x14053c418	1	0			
0x1400ec230	0x1400ec314	0x140523c40	1	0			
0x1400ec314	0x1400ec38e	0x14052b750	1	4	0x1400ec230	0x1400ec314	0x140523c40
0x1400ec38e	0x1400ec3d7	0x14052b764	1	4	0x1400ec230	0x1400ec314	0x140523c40
0x1400ec3d7	0x1400ec3e2	0x14052b778	1	4	0x1400ec230	0x1400ec314	0x140523c40
0x1400ec3f0	0x1400ec48f	0x14052b6f8	1	0			
0x1400ec48f	0x1400ec4de	0x14052b704	1	4	0x1400ec3f0	0x1400ec48f	0x14052b6f8
0x1400ec4de	0x1400ec561	0x14052b718	1	4	0x1400ec3f0	0x1400ec48f	0x14052b6f8
0x1400ec570	0x1400ec67f	0x14053c418	1	0			
0x1400ec680	0x1400ec75d	0x14053c418	1	0			
0x1400ec760	0x1400ec848	0x14053c418	1	0			
0x1400ec850	0x1400eca5f	0x14054e970	1	0			
0x1400eca5f	0x1400ecaeb	0x14052b728	1	4	0x1400ec850	0x1400eca5f	0x14054e970
0x1400ecaeb	0x1400ecaf1	0x14052b740	1	4	0x1400ec850	0x1400eca5f	0x14054e970
0x1400ecb00	0x1400ecd22	0x14052b7dc	1	2			
0x1400ecd30	0x1400ece50	0x14052b8d8	1	3			
0x1400ece90	0x1400ecec4	0x1405463d4	1	0			
0x1400eced0	0x1400ed136	0x14052b9f8	1	0			
0x1400ed136	0x1400ed18f	0x14052ba14	1	4	0x1400eced0	0x1400ed136	0x14052b9f8
0x1400ed18f	0x1400ed19a	0x14052ba28	1	4	0x1400ed136	0x1400ed18f	0x14052ba14
0x1400ed19a	0x1400ed62d	0x14052ba3c	1	4	0x1400ed18f	0x1400ed19a	0x14052ba28
0x1400ed62d	0x1400ed849	0x14052ba54	1	4	0x1400ed18f	0x1400ed19a	0x14052ba28
0x1400ed849	0x1400ed8e4	0x14052ba68	1	4	0x1400ed136	0x1400ed18f	0x14052ba14
0x1400ed8e4	0x1400ed964	0x14052ba78	1	4	0x1400eced0	0x1400ed136	0x14052b9f8
0x1400ed970	0x1400ed9c2	0x14053c418	1	0			
0x1400ed9d0	0x1400edbc4	0x14052b8f8	1	3			
0x1400edbd0	0x1400edbfe	0x14054174c	1	0			
0x1400edbfe	0x1400edc1a	0x14052b960	1	4	0x1400edbd0	0x1400edbfe	0x14054174c
0x1400edc1a	0x1400edf98	0x14052b974	1	4	0x1400edbfe	0x1400edc1a	0x14052b960
0x1400edf98	0x1400edf9d	0x14052b988	1	4	0x1400edbfe	0x1400edc1a	0x14052b960
0x1400edf9d	0x1400edfb3	0x14052b998	1	4	0x1400edbd0	0x1400edbfe	0x14054174c
0x1400edfb3	0x1400edff8	0x14052b9a8	1	4	0x1400edbd0	0x1400edbfe	0x14054174c
0x1400ee000	0x1400ee08b	0x1405463d4	1	0			
0x1400ee090	0x1400ee12a	0x14054e970	1	0			
0x1400ee130	0x1400ee23e	0x14054e970	1	0			
0x1400ee240	0x1400ee2bf	0x14052bb2c	1	3			
0x1400ee2bf	0x1400ee2ce	0x14052bb44	1	4	0x1400ee240	0x1400ee2bf	0x14052bb2c
0x1400ee2ce	0x1400ee593	0x14052bb58	1	4	0x1400ee2bf	0x1400ee2ce	0x14052bb44
0x1400ee593	0x1400ee5db	0x14052bb7c	1	4	0x1400ee2bf	0x1400ee2ce	0x14052bb44
0x1400ee5db	0x1400ee6a4	0x14052bb8c	1	4	0x1400ee240	0x1400ee2bf	0x14052bb2c
0x1400ee6b0	0x1400ee795	0x14052ba88	1	0			
0x1400ee795	0x1400ee7a1	0x14052ba94	1	4	0x1400ee6b0	0x1400ee795	0x14052ba88
0x1400ee7a1	0x1400ee966	0x14052baa8	1	4	0x1400ee795	0x1400ee7a1	0x14052ba94
0x1400ee966	0x1400eeaee	0x14052bac4	1	4	0x1400ee7a1	0x1400ee966	0x14052baa8
0x1400eeaee	0x1400eeb5c	0x14052bae0	1	4	0x1400ee7a1	0x1400ee966	0x14052baa8
0x1400eeb5c	0x1400eeba2	0x14052baf0	1	4	0x1400ee795	0x1400ee7a1	0x14052ba94
0x1400eeba2	0x1400eebdc	0x14052bb08	1	4	0x1400ee795	0x1400ee7a1	0x14052ba94
0x1400eebdc	0x1400eec24	0x14052bb1c	1	4	0x1400ee6b0	0x1400ee795	0x14052ba88
0x1400eec30	0x1400eed27	0x140545b9c	1	0			
0x1400eeef0	0x1400eef1e	0x14053c418	1	0			
0x1400eef1e	0x1400eef84	0x14052b9c0	1	4	0x1400eeef0	0x1400eef1e	0x14053c418
0x1400eef84	0x1400eefd2	0x14052b9d4	1	4	0x1400eeef0	0x1400eef1e	0x14053c418
0x1400eefd2	0x1400ef020	0x14052b9d4	1	4	0x1400eeef0	0x1400eef1e	0x14053c418
0x1400ef020	0x1400ef06e	0x14052b9d4	1	4	0x1400eeef0	0x1400eef1e	0x14053c418
0x1400ef06e	0x1400ef0bc	0x14052b9d4	1	4	0x1400eeef0	0x1400eef1e	0x14053c418
0x1400ef0bc	0x1400ef104	0x14052b9d4	1	4	0x1400eeef0	0x1400eef1e	0x14053c418
0x1400ef104	0x1400ef124	0x14052b9e8	1	4	0x1400eeef0	0x1400eef1e	0x14053c418
0x1400ef140	0x1400ef204	0x14053c418	1	0			
0x1400ef210	0x1400ef2af	0x14053c418	1	0			
0x1400ef2b0	0x1400ef31e	0x14054854c	1	0			
0x1400ef330	0x1400ef50e	0x1405245f0	1	0			
0x1400ef5b0	0x1400ef727	0x1405463d4	1	0			
0x1400ef860	0x1400ef887	0x14054f8f4	1	0			
0x1400efa70	0x1400efa91	0x140528d7c	1	0			
0x1400efa91	0x1400efb1f	0x14052bb9c	1	4	0x1400efa70	0x1400efa91	0x140528d7c
0x1400efb1f	0x1400efb40	0x14052bbb0	1	4	0x1400efa70	0x1400efa91	0x140528d7c
0x1400efc50	0x1400eff22	0x14053c418	1	0			
0x1400eff30	0x1400eff83	0x14053bbc0	1	0			
0x1400eff83	0x1400f000c	0x14052bc40	1	4	0x1400eff30	0x1400eff83	0x14053bbc0
0x1400f000c	0x1400f011c	0x14052bc54	1	4	0x1400eff30	0x1400eff83	0x14053bbc0
0x1400f0120	0x1400f0174	0x14052bbcc	1	0			
0x1400f0174	0x1400f01bf	0x14052bbdc	1	4	0x1400f0120	0x1400f0174	0x14052bbcc
0x1400f01bf	0x1400f058d	0x14052bbf0	1	4	0x1400f0120	0x1400f0174	0x14052bbcc
0x1400f0590	0x1400f0711	0x14052bce4	1	0			
0x1400f0711	0x1400f07ed	0x14052bcfc	1	4	0x1400f0590	0x1400f0711	0x14052bce4
0x1400f07ed	0x1400f0805	0x14052bd10	1	4	0x1400f0590	0x1400f0711	0x14052bce4
0x1400f0810	0x1400f0a59	0x14052bc00	1	3			
0x1400f0a60	0x1400f0a93	0x14052bc64	1	0			
0x1400f0a93	0x1400f0b28	0x14052bc74	1	4	0x1400f0a60	0x1400f0a93	0x14052bc64
0x1400f0b28	0x1400f0b95	0x14052bc88	1	4	0x1400f0a93	0x1400f0b28	0x14052bc74
0x1400f0b95	0x1400f0bf8	0x14052bc9c	1	4	0x1400f0a93	0x1400f0b28	0x14052bc74
0x1400f0bf8	0x1400f0c17	0x14052bcac	1	4	0x1400f0a60	0x1400f0a93	0x14052bc64
0x1400f0c17	0x1400f0d2c	0x14052bcc0	1	4	0x1400f0a60	0x1400f0a93	0x14052bc64
0x1400f0d2c	0x1400f0e6b	0x14052bcd0	1	4	0x1400f0c17	0x1400f0d2c	0x14052bcc0
0x1400f0e70	0x1400f0f39	0x14054f378	1	0			
0x1400f0f39	0x1400f0fbe	0x14052bd20	1	4	0x1400f0e70	0x1400f0f39	0x14054f378
0x1400f0fbe	0x1400f1056	0x14052bd40	1	4	0x1400f0e70	0x1400f0f39	0x14054f378
0x1400f1060	0x1400f10a5	0x1405463d4	1	0			
0x1400f10e0	0x1400f113b	0x14052bbc0	1	0			
0x1400f1270	0x1400f12d5	0x1405463d4	1	0			
0x1400f12e0	0x1400f1453	0x14052bd5c	1	3			
0x1400f1520	0x1400f1620	0x14052bda8	1	0			
0x1400f1620	0x1400f18ae	0x14052bdbc	1	4	0x1400f1520	0x1400f1620	0x14052bda8
0x1400f18ae	0x1400f1989	0x14052bdd0	1	4	0x1400f1620	0x1400f18ae	0x14052bdbc
0x1400f1989	0x1400f1b2c	0x14052bdec	1	4	0x1400f1620	0x1400f18ae	0x14052bdbc
0x1400f1b30	0x1400f1b6b	0x14053c418	1	0			
0x1400f1b90	0x1400f1bca	0x14053c418	1	0			
0x1400f1bca	0x1400f1c2a	0x14052bdfc	1	4	0x1400f1b90	0x1400f1bca	0x14053c418
0x1400f1c2a	0x1400f1d20	0x14052be10	1	4	0x1400f1b90	0x1400f1bca	0x14053c418
0x1400f1d20	0x1400f1dcf	0x14053c418	1	0			
0x1400f1dd0	0x1400f1f81	0x140521b68	1	0			
0x1400f1f90	0x1400f22bc	0x14052d8f8	1	3			
0x1400f22c0	0x1400f22fc	0x14052be20	1	0			
0x1400f22fc	0x1400f254f	0x14052be30	1	4	0x1400f22c0	0x1400f22fc	0x14052be20
0x1400f254f	0x1400f2578	0x14052be44	1	4	0x1400f22c0	0x1400f22fc	0x14052be20
0x1400f2580	0x1400f25c7	0x140538250	1	0			
0x1400f25d0	0x1400f26c2	0x1405463d4	1	0			
0x1400f26d0	0x1400f272f	0x14052be54	1	2			
0x1400f2750	0x1400f27b6	0x1405463d4	1	0			
0x1400f27c0	0x1400f28f0	0x14052be80	1	3			
0x1400f28f0	0x1400f29e5	0x14054854c	1	0			
0x1400f29f0	0x1400f2ae9	0x14053c418	1	0			
0x1400f2b20	0x1400f2b44	0x14053c418	1	0			
0x1400f2b44	0x1400f2ba4	0x14052bf08	1	4	0x1400f2b20	0x1400f2b44	0x14053c418
0x1400f2ba4	0x1400f2c5c	0x14052bf1c	1	4	0x1400f2b20	0x1400f2b44	0x14053c418
0x1400f2c60	0x1400f2ca7	0x140538250	1	0			
0x1400f2cb0	0x1400f2d06	0x14053c418	1	0			
0x1400f2d06	0x1400f2d85	0x14052bf50	1	4	0x1400f2cb0	0x1400f2d06	0x14053c418
0x1400f2d85	0x1400f2e08	0x14052bf64	1	4	0x1400f2cb0	0x1400f2d06	0x14053c418
0x1400f2e10	0x1400f2eeb	0x140540fbc	1	0			
0x1400f2eeb	0x1400f2f26	0x14052bf74	1	4	0x1400f2e10	0x1400f2eeb	0x140540fbc
0x1400f2f26	0x1400f2fc7	0x14052bf88	1	4	0x1400f2e10	0x1400f2eeb	0x140540fbc
0x1400f2fd0	0x1400f3007	0x140545b9c	1	0			
0x1400f3007	0x1400f30a5	0x14052bf98	1	4	0x1400f2fd0	0x1400f3007	0x140545b9c
0x1400f30a5	0x1400f3115	0x14052bfac	1	4	0x1400f2fd0	0x1400f3007	0x140545b9c
0x1400f3120	0x1400f31e7	0x140536ae4	1	0			
0x1400f31e7	0x1400f325d	0x14052bf2c	1	4	0x1400f3120	0x1400f31e7	0x140536ae4
0x1400f325d	0x1400f3296	0x14052bf40	1	4	0x1400f3120	0x1400f31e7	0x140536ae4
0x1400f32a0	0x1400f32ca	0x140532a4c	1	0			
0x1400f32ca	0x1400f3326	0x14052bed0	1	4	0x1400f32a0	0x1400f32ca	0x140532a4c
0x1400f3326	0x1400f339c	0x14052bee4	1	4	0x1400f32a0	0x1400f32ca	0x140532a4c
0x1400f339c	0x1400f33a7	0x14052bef8	1	4	0x1400f32a0	0x1400f32ca	0x140532a4c
0x1400f33b0	0x1400f3409	0x14053e794	1	3			
0x1400f3409	0x1400f3451	0x14052c0c0	1	4	0x1400f33b0	0x1400f3409	0x14053e794
0x1400f3451	0x1400f346b	0x14052c0d4	1	4	0x1400f33b0	0x1400f3409	0x14053e794
0x1400f3510	0x1400f3583	0x140532a4c	1	0			
0x1400f3583	0x1400f3604	0x14052c030	1	4	0x1400f3510	0x1400f3583	0x140532a4c
0x1400f3604	0x1400f36b0	0x14052c044	1	4	0x1400f3510	0x1400f3583	0x140532a4c
0x1400f36b0	0x1400f37c0	0x14052bff4	1	3			
0x1400f37c0	0x1400f3832	0x14052c00c	1	4	0x1400f36b0	0x1400f37c0	0x14052bff4
0x1400f3832	0x1400f3984	0x14052c020	1	4	0x1400f36b0	0x1400f37c0	0x14052bff4
0x1400f3990	0x1400f3b18	0x14052c054	1	3			
0x1400f3b18	0x1400f3b52	0x14052c06c	1	4	0x1400f3990	0x1400f3b18	0x14052c054
0x1400f3b52	0x1400f3c66	0x14052c084	1	4	0x1400f3b18	0x1400f3b52	0x14052c06c
0x1400f3c66	0x1400f3c9d	0x14052c0a0	1	4	0x1400f3b18	0x1400f3b52	0x14052c06c
0x1400f3c9d	0x1400f3d4e	0x14052c0b0	1	4	0x1400f3990	0x1400f3b18	0x14052c054
0x1400f3d50	0x1400f3d7a	0x140532a4c	1	0			
0x1400f3d7a	0x1400f3dd6	0x14052bfbc	1	4	0x1400f3d50	0x1400f3d7a	0x140532a4c
0x1400f3dd6	0x1400f3e4c	0x14052bfd0	1	4	0x1400f3d50	0x1400f3d7a	0x140532a4c
0x1400f3e4c	0x1400f3e57	0x14052bfe4	1	4	0x1400f3d50	0x1400f3d7a	0x140532a4c
0x1400f3e60	0x1400f3ebf	0x14052c0e4	1	2			
0x1400f3ee0	0x1400f3f46	0x1405463d4	1	0			
0x1400f3f50	0x1400f4080	0x14052c110	1	3			
0x1400f4080	0x1400f423e	0x14052c1ac	1	3			
0x1400f423e	0x1400f4327	0x14052c1c0	1	4	0x1400f4080	0x1400f423e	0x14052c1ac
0x1400f4327	0x1400f4345	0x14052c1d8	1	4	0x1400f4080	0x1400f423e	0x14052c1ac
0x1400f4350	0x1400f4375	0x140542038	1	3			
0x1400f4375	0x1400f43d1	0x14052c160	1	4	0x1400f4350	0x1400f4375	0x140542038
0x1400f43d1	0x1400f46ee	0x14052c178	1	4	0x1400f4375	0x1400f43d1	0x14052c160
0x1400f46ee	0x1400f46f8	0x14052c18c	1	4	0x1400f4375	0x1400f43d1	0x14052c160
0x1400f46f8	0x1400f470b	0x14052c19c	1	4	0x1400f4350	0x1400f4375	0x140542038
0x1400f4730	0x1400f4828	0x14053c418	1	0			
0x1400f4830	0x1400f48dc	0x14052c20c	1	3			
0x1400f48dc	0x1400f49e0	0x14052c224	1	4	0x1400f4830	0x1400f48dc	0x14052c20c
0x1400f49e0	0x1400f4a6b	0x14052c238	1	4	0x1400f4830	0x1400f48dc	0x14052c20c
0x1400f4a70	0x1400f4b80	0x14052bff4	1	3			
0x1400f4b80	0x1400f4bf2	0x14052c1e8	1	4	0x1400f4a70	0x1400f4b80	0x14052bff4
0x1400f4bf2	0x1400f4d44	0x14052c1fc	1	4	0x1400f4a70	0x1400f4b80	0x14052bff4
0x1400f4d50	0x1400f4f46	0x14052c248	1	3			
0x1400f4f50	0x1400f4faa	0x14053c418	1	0			
0x1400f4fb0	0x1400f4ff7	0x14052c288	1	3			
0x1400f4ff7	0x1400f5006	0x14052c29c	1	4	0x1400f4fb0	0x1400f4ff7	0x14052c288
0x1400f5006	0x1400f5076	0x14052c2b0	1	4	0x1400f4ff7	0x1400f5006	0x14052c29c
0x1400f5076	0x1400f50ca	0x14052c2d0	1	4	0x1400f4ff7	0x1400f5006	0x14052c29c
0x1400f50ca	0x1400f50e0	0x14052c2ec	1	4	0x1400f4fb0	0x1400f4ff7	0x14052c288
0x1400f50e0	0x1400f529d	0x140521b68	1	0			
0x1400f52a0	0x1400f52ff	0x14052c2fc	1	2			
0x1400f5320	0x1400f5386	0x1405463d4	1	0			
0x1400f5390	0x1400f54ab	0x14052c328	1	3			
0x1400f54b0	0x1400f55fd	0x14052c3a4	1	3			
0x1400f55fd	0x1400f56e4	0x14052c3bc	1	4	0x1400f54b0	0x1400f55fd	0x14052c3a4
0x1400f56e4	0x1400f570a	0x14052c3d0	1	4	0x1400f54b0	0x1400f55fd	0x14052c3a4
0x1400f5710	0x1400f5735	0x14052d9ec	1	3			
0x1400f5735	0x1400f5889	0x14052c378	1	4	0x1400f5710	0x1400f5735	0x14052d9ec
0x1400f5889	0x1400f589c	0x14052c394	1	4	0x1400f5710	0x1400f5735	0x14052d9ec
0x1400f58a0	0x1400f58c6	0x14053c418	1	0			
0x1400f58d0	0x1400f5934	0x14053c418	1	0			
0x1400f5970	0x1400f59f1	0x1405463d4	1	0			
0x1400f5a00	0x1400f5bf4	0x14052c3e0	1	3			
0x1400f5c00	0x1400f5c95	0x14053c418	1	0			
0x1400f5ca0	0x1400f5cae	0x14053c418	1	0			
0x1400f5cae	0x1400f5d2d	0x14052c450	1	4	0x1400f5ca0	0x1400f5cae	0x14053c418
0x1400f5d2d	0x1400f5d45	0x14052c464	1	4	0x1400f5ca0	0x1400f5cae	0x14053c418
0x1400f5d50	0x1400f5ff8	0x14053c418	1	0			
0x1400f6020	0x1400f610c	0x14053c418	1	0			
0x1400f6110	0x1400f616a	0x14052c4f0	1	3			
0x1400f616a	0x1400f61c6	0x14052c508	1	4	0x1400f6110	0x1400f616a	0x14052c4f0
0x1400f61c6	0x1400f631f	0x14052c520	1	4	0x1400f616a	0x1400f61c6	0x14052c508
0x1400f631f	0x1400f657a	0x14052c534	1	4	0x1400f616a	0x1400f61c6	0x14052c508
0x1400f657a	0x1400f6794	0x14052c544	1	4	0x1400f631f	0x1400f657a	0x14052c534
0x1400f6794	0x1400f67a4	0x14052c558	1	4	0x1400f631f	0x1400f657a	0x14052c534
0x1400f67a4	0x1400f67c1	0x14052c568	1	4	0x1400f6110	0x1400f616a	0x14052c4f0
0x1400f67c1	0x1400f67df	0x14052c578	1	4	0x1400f6110	0x1400f616a	0x14052c4f0
0x1400f67df	0x1400f68c0	0x14052c594	1	4	0x1400f6110	0x1400f616a	0x14052c4f0
0x1400f68c0	0x1400f6a83	0x14052c4ac	1	3			
0x1400f6a83	0x1400f6bcd	0x14052c4cc	1	4	0x1400f68c0	0x1400f6a83	0x14052c4ac
0x1400f6bcd	0x1400f6bf3	0x14052c4e0	1	4	0x1400f68c0	0x1400f6a83	0x14052c4ac
0x1400f6c00	0x1400f6c2a	0x140532a4c	1	0			
0x1400f6c2a	0x1400f6c86	0x14052c474	1	4	0x1400f6c00	0x1400f6c2a	0x140532a4c
0x1400f6c86	0x1400f6cfc	0x14052c488	1	4	0x1400f6c00	0x1400f6c2a	0x140532a4c
0x1400f6cfc	0x1400f6d07	0x14052c49c	1	4	0x1400f6c00	0x1400f6c2a	0x140532a4c
0x1400f6d30	0x1400f6d39	0x14053c418	1	0			
0x1400f6d39	0x1400f6dd2	0x14052c5e4	1	4	0x1400f6d30	0x1400f6d39	0x14053c418
0x1400f6dd2	0x1400f6ef8	0x14052c5f8	1	4	0x1400f6d30	0x1400f6d39	0x14053c418
0x1400f6f00	0x1400f6fda	0x14052c640	1	0			
0x1400f6fe0	0x1400f7152	0x14052c608	1	0			
0x1400f7152	0x1400f7211	0x14052c61c	1	4	0x1400f6fe0	0x1400f7152	0x14052c608
0x1400f7211	0x1400f7224	0x14052c630	1	4	0x1400f6fe0	0x1400f7152	0x14052c608
0x1400f7230	0x1400f725a	0x140532a4c	1	0			
0x1400f725a	0x1400f72b6	0x14052c5ac	1	4	0x1400f7230	0x1400f725a	0x140532a4c
0x1400f72b6	0x1400f732c	0x14052c5c0	1	4	0x1400f7230	0x1400f725a	0x140532a4c
0x1400f732c	0x1400f7337	0x14052c5d4	1	4	0x1400f7230	0x1400f725a	0x140532a4c
0x1400f7340	0x1400f73a9	0x14052c650	1	2			
0x1400f73d0	0x1400f7436	0x1405463d4	1	0			
0x1400f7440	0x1400f7570	0x14052c678	1	3			
0x1400f7570	0x1400f7731	0x14052c708	1	0			
0x1400f7740	0x1400f7756	0x14054e970	1	0			
0x1400f7756	0x1400f77fe	0x14052c6c8	1	4	0x1400f7740	0x1400f7756	0x14054e970
0x1400f77fe	0x1400f7804	0x14052c6e0	1	4	0x1400f7740	0x1400f7756	0x14054e970
0x1400f7804	0x1400f7920	0x14052c6f0	1	4	0x1400f7740	0x1400f7756	0x14054e970
0x1400f7920	0x1400f79e9	0x14052d4ac	1	2			
0x1400f79f0	0x1400f7ab9	0x14052d4e0	1	2			
0x1400f7ac0	0x1400f7b02	0x14052c720	1	2			
0x1400f7b10	0x1400f7d74	0x14052c750	1	2			
0x1400f7d80	0x1400f7fe6	0x14052d0c4	1	2			
0x1400f8030	0x1400f8192	0x14052c868	1	3			
0x1400f81a0	0x1400f8306	0x14052d1c8	1	3			
0x1400f83a0	0x1400f83cb	0x14053c418	1	0			
0x1400f83d0	0x1400f8419	0x1405463d4	1	0			
0x1400f8420	0x1400f8454	0x1405463d4	1	0			
0x1400f8460	0x1400f8494	0x1405463d4	1	0			
0x1400f84a0	0x1400f84cb	0x14053c418	1	0			
0x1400f8530	0x1400f85a0	0x14053c418	1	0			
0x1400f85a0	0x1400f8607	0x14053d770	1	0			
0x1400f8607	0x1400f86e8	0x14052cac4	1	4	0x1400f85a0	0x1400f8607	0x14053d770
0x1400f86e8	0x1400f86ee	0x14052cadc	1	4	0x1400f85a0	0x1400f8607	0x14053d770
0x1400f86f0	0x1400f871f	0x14052ca68	1	3			
0x1400f871f	0x1400f87e9	0x14052ca78	1	4	0x1400f86f0	0x1400f871f	0x14052ca68
0x1400f87e9	0x1400f8866	0x14052ca8c	1	4	0x1400f871f	0x1400f87e9	0x14052ca78
0x1400f8866	0x1400f886e	0x14052caa4	1	4	0x1400f871f	0x1400f87e9	0x14052ca78
0x1400f886e	0x1400f8884	0x14052cab4	1	4	0x1400f86f0	0x1400f871f	0x14052ca68
0x1400f8890	0x1400f88a6	0x14054e970	1	0			
0x1400f88a6	0x1400f8975	0x14052caec	1	4	0x1400f8890	0x1400f88a6	0x14054e970
0x1400f8975	0x1400f897c	0x14052cb00	1	4	0x1400f8890	0x1400f88a6	0x14054e970
0x1400f897c	0x1400f89d5	0x14052cb10	1	4	0x1400f8975	0x1400f897c	0x14052cb00
0x1400f89d5	0x1400f8a01	0x14052cb24	1	4	0x1400f897c	0x1400f89d5	0x14052cb10
0x1400f8a01	0x1400f8a06	0x14052cb38	1	4	0x1400f897c	0x1400f89d5	0x14052cb10
0x1400f8a06	0x1400f8a0c	0x14052cb48	1	4	0x1400f8975	0x1400f897c	0x14052cb00
0x1400f8a10	0x1400f8a5f	0x14054854c	1	0			
0x1400f8a70	0x1400f8aaa	0x14053c418	1	0			
0x1400f8ac0	0x1400f8b43	0x14052d03c	1	3			
0x1400f8b43	0x1400f8bd7	0x14052d050	1	4	0x1400f8ac0	0x1400f8b43	0x14052d03c
0x1400f8bd7	0x1400f8c51	0x14052d064	1	4	0x1400f8b43	0x1400f8bd7	0x14052d050
0x1400f8c51	0x1400f8c7a	0x14052d080	1	4	0x1400f8b43	0x1400f8bd7	0x14052d050
0x1400f8c7a	0x1400f8d77	0x14052d090	1	4	0x1400f8ac0	0x1400f8b43	0x14052d03c
0x1400f8d80	0x1400f8f3b	0x14052d2e8	1	0			
0x1400f8f40	0x1400f8f67	0x14053c418	1	0			
0x1400f8f67	0x1400f8f79	0x14052cd34	1	4	0x1400f8f40	0x1400f8f67	0x14053c418
0x1400f8f79	0x1400f8fc9	0x14052cd48	1	4	0x1400f8f67	0x1400f8f79	0x14052cd34
0x1400f8fc9	0x1400f8fce	0x14052cd60	1	4	0x1400f8f67	0x1400f8f79	0x14052cd34
0x1400f8fce	0x1400f90e8	0x14052cd70	1	4	0x1400f8f40	0x1400f8f67	0x14053c418
0x1400f9120	0x1400f9220	0x14053c418	1	0			
0x1400f9220	0x1400f9301	0x14053c418	1	0			
0x1400f9310	0x1400f942c	0x14053c418	1	0			
0x1400f9440	0x1400f9936	0x14052c888	1	3			
0x1400f9940	0x1400f9b61	0x14052d1e8	1	3			
0x1400f9b70	0x1400f9c09	0x14052cf3c	1	0			
0x1400f9c09	0x1400f9def	0x14052cf58	1	4	0x1400f9b70	0x1400f9c09	0x14052cf3c
0x1400f9def	0x1400f9e0e	0x14052cf78	1	4	0x1400f9b70	0x1400f9c09	0x14052cf3c
0x1400f9e10	0x1400f9e8f	0x14052cf88	1	0			
0x1400f9e8f	0x1400fa06f	0x14052cf9c	1	4	0x1400f9e10	0x1400f9e8f	0x14052cf88
0x1400fa06f	0x1400fa08a	0x14052cfbc	1	4	0x1400f9e10	0x1400f9e8f	0x14052cf88
0x1400fa090	0x1400fa0ec	0x14052cfcc	1	0			
0x1400fa0ec	0x1400fa23d	0x14052cfdc	1	4	0x1400fa090	0x1400fa0ec	0x14052cfcc
0x1400fa23d	0x1400fa24e	0x14052cff4	1	4	0x1400fa090	0x1400fa0ec	0x14052cfcc
0x1400fa250	0x1400fa2c3	0x14052d004	1	0			
0x1400fa2c3	0x1400fa394	0x14052d018	1	4	0x1400fa250	0x1400fa2c3	0x14052d004
0x1400fa394	0x1400fa3ac	0x14052d02c	1	4	0x1400fa250	0x1400fa2c3	0x14052d004
0x1400fa3b0	0x1400fa40f	0x14053c418	1	0			
0x1400fa410	0x1400fa45a	0x14052cd80	1	3			
0x1400fa45a	0x1400fa684	0x14052cd98	1	4	0x1400fa410	0x1400fa45a	0x14052cd80
0x1400fa684	0x1400fa6a0	0x14052cdac	1	4	0x1400fa410	0x1400fa45a	0x14052cd80
0x1400fa6a0	0x1400fa6f4	0x14052d3f8	1	3			
0x1400fa6f4	0x1400fab01	0x14052d414	1	4	0x1400fa6a0	0x1400fa6f4	0x14052d3f8
0x1400fab01	0x1400fabce	0x14052d42c	1	4	0x1400fa6a0	0x1400fa6f4	0x14052d3f8
0x1400fabd0	0x1400fac8b	0x140545b9c	1	0			
0x1400fac90	0x1400fad32	0x140526458	1	0			
0x1400fad40	0x1400fad98	0x1405463d4	1	0			
0x1400fada0	0x1400fae11	0x14053c418	1	0			
0x1400fae20	0x1400fae3e	0x14052d334	1	3			
0x1400fae3e	0x1400fae67	0x14052d348	1	4	0x1400fae20	0x1400fae3e	0x14052d334
0x1400fae67	0x1400faebd	0x14052d360	1	4	0x1400fae3e	0x1400fae67	0x14052d348
0x1400faebd	0x1400faf67	0x14052d374	1	4	0x1400fae3e	0x1400fae67	0x14052d348
0x1400faf67	0x1400fb0ab	0x14052d384	1	4	0x1400fae20	0x1400fae3e	0x14052d334
0x1400fb0b0	0x1400fb0f5	0x14053ce70	1	0			
0x1400fb0f5	0x1400fb1e2	0x14052d0a0	1	4	0x1400fb0b0	0x1400fb0f5	0x14053ce70
0x1400fb1e2	0x1400fb2f0	0x14052d0b4	1	4	0x1400fb0b0	0x1400fb0f5	0x14053ce70
0x1400fb2f0	0x1400fb30b	0x14053c418	1	0			
0x1400fb310	0x1400fb600	0x14052cc24	1	3			
0x1400fb600	0x1400fb683	0x14052d2f8	1	3			
0x1400fb683	0x1400fb6e5	0x14052d310	1	4	0x1400fb600	0x1400fb683	0x14052d2f8
0x1400fb6e5	0x1400fb756	0x14052d324	1	4	0x1400fb600	0x1400fb683	0x14052d2f8
0x1400fb760	0x1400fb786	0x14052d394	1	3			
0x1400fb786	0x1400fb7b7	0x14052d3a8	1	4	0x1400fb760	0x1400fb786	0x14052d394
0x1400fb7b7	0x1400fb80d	0x14052d3c4	1	4	0x1400fb786	0x1400fb7b7	0x14052d3a8
0x1400fb80d	0x1400fb985	0x14052d3d8	1	4	0x1400fb786	0x1400fb7b7	0x14052d3a8
0x1400fb985	0x1400fb9d3	0x14052d3e8	1	4	0x1400fb760	0x1400fb786	0x14052d394
0x1400fb9e0	0x1400fb9fe	0x14052cc48	1	3			
0x1400fb9fe	0x1400fba05	0x14052cc5c	1	4	0x1400fb9e0	0x1400fb9fe	0x14052cc48
0x1400fba05	0x1400fba09	0x14052cc70	1	4	0x1400fb9fe	0x1400fba05	0x14052cc5c
0x1400fba09	0x1400fba38	0x14052cc84	1	4	0x1400fba05	0x1400fba09	0x14052cc70
0x1400fba38	0x1400fba97	0x14052cc98	1	4	0x1400fba09	0x1400fba38	0x14052cc84
0x1400fba97	0x1400fbb1b	0x14052ccac	1	4	0x1400fba09	0x1400fba38	0x14052cc84
0x1400fbb1b	0x1400fbbd7	0x14052ccbc	1	4	0x1400fba05	0x1400fba09	0x14052cc70
0x1400fbbd7	0x1400fbd9b	0x14052cccc	1	4	0x1400fb9fe	0x1400fba05	0x14052cc5c
0x1400fbd9b	0x1400fbdcd	0x14052ccdc	1	4	0x1400fb9e0	0x1400fb9fe	0x14052cc48
0x1400fbdd0	0x1400fbdf5	0x14054e5d0	1	0			
0x1400fbdf5	0x1400fbe96	0x14052cde0	1	4	0x1400fbdd0	0x1400fbdf5	0x14054e5d0
0x1400fbe96	0x1400fbea6	0x14052cdf4	1	4	0x1400fbdd0	0x1400fbdf5	0x14054e5d0
0x1400fbec0	0x1400fbee5	0x14054e5d0	1	0			
0x1400fbee5	0x1400fbf7c	0x14052d43c	1	4	0x1400fbec0	0x1400fbee5	0x14054e5d0
0x1400fbf7c	0x1400fbf8c	0x14052d450	1	4	0x1400fbec0	0x1400fbee5	0x14054e5d0
0x1400fbfa0	0x1400fc029	0x1405463d4	1	0			
0x1400fc030	0x1400fc360	0x140533eac	1	0			
0x1400fc4d0	0x1400fc5e5	0x1405245f0	1	0			
0x1400fc5f0	0x1400fc61f	0x140532c6c	1	0			
0x1400fc620	0x1400fc791	0x1405255c0	1	0			
0x1400fc7a0	0x1400fc83a	0x14053c418	1	0			
0x1400fc8b0	0x1400fca4e	0x14052c920	1	3			
0x1400fca4e	0x1400fcbdb	0x14052c93c	1	4	0x1400fc8b0	0x1400fca4e	0x14052c920
0x1400fcbdb	0x1400fcccf	0x14052c950	1	4	0x1400fca4e	0x1400fcbdb	0x14052c93c
0x1400fcccf	0x1400fcd01	0x14052c970	1	4	0x1400fcbdb	0x1400fcccf	0x14052c950
0x1400fcd01	0x1400fcf0e	0x14052c98c	1	4	0x1400fcccf	0x1400fcd01	0x14052c970
0x1400fcf0e	0x1400fdb05	0x14052c9a4	1	4	0x1400fcccf	0x1400fcd01	0x14052c970
0x1400fdb05	0x1400fdb42	0x14052c9b4	1	4	0x1400fcbdb	0x1400fcccf	0x14052c950
0x1400fdb42	0x1400fdb71	0x14052c9e4	1	4	0x1400fca4e	0x1400fcbdb	0x14052c93c
0x1400fdb71	0x1400fdb7c	0x14052c9c4	1	4	0x1400fca4e	0x1400fcbdb	0x14052c93c
0x1400fdb7c	0x1400fdb87	0x14052c9e4	1	4	0x1400fca4e	0x1400fcbdb	0x14052c93c
0x1400fdb90	0x1400fdc6a	0x14052d240	1	0			
0x1400fdc6a	0x1400fe289	0x14052d250	1	4	0x1400fdb90	0x1400fdc6a	0x14052d240
0x1400fe289	0x1400fe29b	0x14052d270	1	4	0x1400fdb90	0x1400fdc6a	0x14052d240
0x1400fe300	0x1400fe328	0x1405211bc	1	0			
0x1400fe328	0x1400fe36b	0x14052cdbc	1	4	0x1400fe300	0x1400fe328	0x1405211bc
0x1400fe36b	0x1400fe3b1	0x14052cdd0	1	4	0x1400fe300	0x1400fe328	0x1405211bc
0x1400fe400	0x1400fe480	0x14052c9f4	1	0			
0x1400fe480	0x1400fe675	0x14052ca04	1	4	0x1400fe400	0x1400fe480	0x14052c9f4
0x1400fe675	0x1400fe746	0x14052ca24	1	4	0x1400fe400	0x1400fe480	0x14052c9f4
0x1400fe746	0x1400fe787	0x14052ca40	1	4	0x1400fe400	0x1400fe480	0x14052c9f4
0x1400fe787	0x1400fe7b2	0x14052ca58	1	4	0x1400fe400	0x1400fe480	0x14052c9f4
0x1400fe7c0	0x1400fea6b	0x1405255c0	1	0			
0x1400feae0	0x1400feb12	0x14052cf00	1	0			
0x1400feb12	0x1400febe6	0x14052cf10	1	4	0x1400feae0	0x1400feb12	0x14052cf00
0x1400febe6	0x1400febf6	0x14052cf2c	1	4	0x1400feae0	0x1400feb12	0x14052cf00
0x1400fec00	0x1400fec29	0x14053c418	1	0			
0x1400fec29	0x1400fecd0	0x14052ccec	1	4	0x1400fec00	0x1400fec29	0x14053c418
0x1400fecd0	0x1400feceb	0x14052cd00	1	4	0x1400fec00	0x1400fec29	0x14053c418
0x1400fed00	0x1400fed2f	0x14052d280	1	3			
0x1400fed2f	0x1400fef78	0x14052d298	1	4	0x1400fed00	0x1400fed2f	0x14052d280
0x1400fef78	0x1400ff1a8	0x14052d2b0	1	4	0x1400fed2f	0x1400fef78	0x14052d298
0x1400ff1a8	0x1400ff212	0x14052d2c8	1	4	0x1400fed2f	0x1400fef78	0x14052d298
0x1400ff212	0x1400ff251	0x14052d2d8	1	4	0x1400fed00	0x1400fed2f	0x14052d280
0x1400ff260	0x1400ff2e0	0x140545b9c	1	0			
0x1400ff2e0	0x1400ff32b	0x140523c40	1	0			
0x1400ff32b	0x1400ff357	0x14052cd10	1	4	0x1400ff2e0	0x1400ff32b	0x140523c40
0x1400ff357	0x1400ff362	0x14052cd24	1	4	0x1400ff2e0	0x1400ff32b	0x140523c40
0x1400ff370	0x1400ff478	0x140523c40	1	0			
0x1400ff478	0x1400ff4a4	0x14052cb94	1	4	0x1400ff370	0x1400ff478	0x140523c40
0x1400ff4a4	0x1400ff4af	0x14052cba8	1	4	0x1400ff370	0x1400ff478	0x140523c40
0x1400ff4b0	0x1400ff4f8	0x14053c418	1	0			
0x1400ff500	0x1400ff548	0x14053c418	1	0			
0x1400ff550	0x1400ff65c	0x140523c40	1	0			
0x1400ff65c	0x1400ff688	0x14052cc00	1	4	0x1400ff550	0x1400ff65c	0x140523c40
0x1400ff688	0x1400ff693	0x14052cc14	1	4	0x1400ff550	0x1400ff65c	0x140523c40
0x1400ff6a0	0x1400ff6e8	0x14053c418	1	0			
0x1400ff6f0	0x1400ff793	0x14052cb58	1	3			
0x1400ff793	0x1400ff881	0x14052cb70	1	4	0x1400ff6f0	0x1400ff793	0x14052cb58
0x1400ff881	0x1400ff8a0	0x14052cb84	1	4	0x1400ff6f0	0x1400ff793	0x14052cb58
0x1400ff8a0	0x1400ff943	0x14052cb58	1	3			
0x1400ff943	0x1400ffa31	0x14052cbb8	1	4	0x1400ff8a0	0x1400ff943	0x14052cb58
0x1400ffa31	0x1400ffa50	0x14052cbcc	1	4	0x1400ff8a0	0x1400ff943	0x14052cb58
0x1400ffa50	0x1400ffaf3	0x14052cb58	1	3			
0x1400ffaf3	0x1400ffbec	0x14052cbdc	1	4	0x1400ffa50	0x1400ffaf3	0x14052cb58
0x1400ffbec	0x1400ffc0b	0x14052cbf0	1	4	0x1400ffa50	0x1400ffaf3	0x14052cb58
0x1400ffc10	0x1400ffd43	0x14052a738	1	0			
0x1400ffd50	0x1400ffea5	0x140526458	1	0			
0x1400fff40	0x1401000a0	0x14054854c	1	0			
0x1401000d0	0x140100177	0x140521b2c	1	3			
0x140100180	0x140100214	0x14052d460	1	3			
0x140100214	0x1401002ae	0x14052d470	1	4	0x140100180	0x140100214	0x14052d460
0x1401002ae	0x140100469	0x14052d488	1	4	0x140100180	0x140100214	0x14052d460
0x140100469	0x1401004b4	0x14052d49c	1	4	0x140100180	0x140100214	0x14052d460
0x1401004c0	0x14010054b	0x14052ce04	1	3			
0x14010054b	0x140100553	0x14052ce1c	1	4	0x1401004c0	0x14010054b	0x14052ce04
0x140100553	0x14010091a	0x14052ce30	1	4	0x14010054b	0x140100553	0x14052ce1c
0x14010091a	0x140100975	0x14052ce60	1	4	0x140100553	0x14010091a	0x14052ce30
0x140100975	0x140100c80	0x14052ce78	1	4	0x14010091a	0x140100975	0x14052ce60
0x140100c80	0x140100ca4	0x14052ce94	1	4	0x14010091a	0x140100975	0x14052ce60
0x140100ca4	0x140100e35	0x14052cea4	1	4	0x14010054b	0x140100553	0x14052ce1c
0x140100e35	0x140100edd	0x14052ced8	1	4	0x14010054b	0x140100553	0x14052ce1c
0x140100edd	0x140100f77	0x14052cef0	1	4	0x1401004c0	0x14010054b	0x14052ce04
0x140101040	0x1401010a3	0x14052d518	1	2			
0x1401010c0	0x140101126	0x1405463d4	1	0			
0x140101130	0x1401012dc	0x14052d540	1	3			
0x140101320	0x140101556	0x14052db10	1	3			
0x140101560	0x1401016fc	0x140533464	1	3			
0x1401016fc	0x140101771	0x14052d59c	1	4	0x140101560	0x1401016fc	0x140533464
0x140101771	0x140101782	0x14052d5b0	1	4	0x1401016fc	0x140101771	0x14052d59c
0x140101782	0x1401017fe	0x14052d5c4	1	4	0x140101771	0x140101782	0x14052d5b0
0x1401017fe	0x140101872	0x14052d5d8	1	4	0x140101771	0x140101782	0x14052d5b0
0x140101872	0x14010187a	0x14052d5e8	1	4	0x1401016fc	0x140101771	0x14052d59c
0x14010187a	0x140101893	0x14052d5f8	1	4	0x140101560	0x1401016fc	0x140533464
0x1401018a0	0x140101936	0x140545b9c	1	0			
0x140101940	0x140101aa9	0x14052d590	1	0			
0x140101ab0	0x140101b09	0x14053c418	1	0			
0x140101b10	0x140101b3b	0x14053c418	1	0			
0x140101b40	0x140101b6d	0x14052d608	1	3			
0x140101b6d	0x140101d7d	0x14052d624	1	4	0x140101b40	0x140101b6d	0x14052d608
0x140101d7d	0x140101e2b	0x14052d638	1	4	0x140101b40	0x140101b6d	0x14052d608
0x140101e2b	0x140101ee1	0x14052d648	1	4	0x140101d7d	0x140101e2b	0x14052d638
0x140101ee1	0x140101f6a	0x14052d65c	1	4	0x140101d7d	0x140101e2b	0x14052d638
0x140101f70	0x140101f96	0x140528944	1	3			
0x140101f96	0x140101f9b	0x14052d66c	1	4	0x140101f70	0x140101f96	0x140528944
0x140101f9b	0x1401020e0	0x14052d680	1	4	0x140101f96	0x140101f9b	0x14052d66c
0x1401020e0	0x140102199	0x14052d694	1	4	0x140101f96	0x140101f9b	0x14052d66c
0x140102199	0x14010223d	0x14052d6a4	1	4	0x140101f70	0x140101f96	0x140528944
0x140102240	0x1401022a3	0x14052d6b4	1	2			
0x1401022c0	0x140102326	0x1405463d4	1	0			
0x140102330	0x1401024cb	0x14052d6e0	1	3			
0x1401024e0	0x140102537	0x14052d77c	1	3			
0x140102537	0x140102600	0x14052d790	1	4	0x1401024e0	0x140102537	0x14052d77c
0x140102600	0x14010275b	0x14052d7a8	1	4	0x140102537	0x140102600	0x14052d790
0x14010275b	0x140102779	0x14052d7bc	1	4	0x140102537	0x140102600	0x14052d790
0x140102779	0x14010278e	0x14052d7cc	1	4	0x1401024e0	0x140102537	0x14052d77c
0x1401027d0	0x140102849	0x14052dba0	1	3			
0x140102849	0x140102a2b	0x14052d730	1	4	0x1401027d0	0x140102849	0x14052dba0
0x140102a2b	0x140102a4c	0x14052d744	1	4	0x1401027d0	0x140102849	0x14052dba0
0x140102a50	0x140102c16	0x14053dd90	1	0			
0x140102c90	0x140102d1c	0x14054e970	1	0			
0x140102d1c	0x140102d61	0x14052d754	1	4	0x140102c90	0x140102d1c	0x14054e970
0x140102d61	0x140102e19	0x14052d768	1	4	0x140102c90	0x140102d1c	0x14054e970
0x140102e20	0x140102e79	0x14053c418	1	0			
0x140102e80	0x140102ec5	0x14053c418	1	0			
0x140102ed0	0x140103050	0x1405463d4	1	0			
0x140103050	0x1401030b3	0x14052d7dc	1	2			
0x1401030d0	0x140103136	0x1405463d4	1	0			
0x140103140	0x1401032c0	0x14052d808	1	3			
0x1401032c0	0x14010355f	0x14052d8f8	1	3			
0x140103560	0x1401037b0	0x140532364	1	3			
0x1401037b0	0x14010384f	0x14052d858	1	3			
0x14010384f	0x140103a3f	0x14052d870	1	4	0x1401037b0	0x14010384f	0x14052d858
0x140103a3f	0x140103a60	0x14052d888	1	4	0x1401037b0	0x14010384f	0x14052d858
0x140103a60	0x140103afb	0x14052d898	1	3			
0x140103afb	0x140103b0a	0x14052d8b0	1	4	0x140103a60	0x140103afb	0x14052d898
0x140103b0a	0x140103cad	0x14052d8c4	1	4	0x140103afb	0x140103b0a	0x14052d8b0
0x140103cad	0x140103e40	0x14052d8d8	1	4	0x140103afb	0x140103b0a	0x14052d8b0
0x140103e40	0x140103e61	0x14052d8e8	1	4	0x140103a60	0x140103afb	0x14052d898
0x140103e70	0x140103eec	0x14053c418	1	0			
0x140103ef0	0x14010404a	0x140545b9c	1	0			
0x140104050	0x1401040a9	0x14053c418	1	0			
0x1401040b0	0x140104120	0x14053c418	1	0			
0x140104120	0x1401042b1	0x140545b9c	1	0			
0x1401042c0	0x140104323	0x14052d914	1	2			
0x140104340	0x1401043a6	0x1405463d4	1	0			
0x1401043b0	0x14010454b	0x14052d940	1	3			
0x140104550	0x1401045fd	0x14053c418	1	0			
0x140104600	0x1401046a8	0x14052d990	1	3			
0x1401046a8	0x140104923	0x14052d9a8	1	4	0x140104600	0x1401046a8	0x14052d990
0x140104923	0x140104944	0x14052d9c0	1	4	0x140104600	0x1401046a8	0x14052d990
0x140104950	0x1401049e5	0x14052d9ec	1	3			
0x1401049e5	0x140104aec	0x14052d9fc	1	4	0x140104950	0x1401049e5	0x14052d9ec
0x140104aec	0x140104c05	0x14052da14	1	4	0x140104950	0x1401049e5	0x14052d9ec
0x140104c10	0x140104db5	0x14052d9d0	1	3			
0x140104dc0	0x140104e9e	0x14053c418	1	0			
0x140104ee0	0x140104f31	0x14053c418	1	0			
0x140104f40	0x140105010	0x14052da24	1	3			
0x140105010	0x140105039	0x14052da3c	1	4	0x140104f40	0x140105010	0x14052da24
0x140105039	0x1401051b9	0x14052da54	1	4	0x140105010	0x140105039	0x14052da3c
0x1401051b9	0x14010526b	0x14052da70	1	4	0x140105010	0x140105039	0x14052da3c
0x14010526b	0x1401052ce	0x14052da80	1	4	0x140104f40	0x140105010	0x14052da24
0x1401052d0	0x140105333	0x14052da90	1	2			
0x140105350	0x1401053b6	0x1405463d4	1	0			
0x1401053c0	0x140105561	0x14052dab8	1	3			
0x1401055e0	0x14010576f	0x14052db10	1	3			
0x1401057f0	0x1401058d4	0x14053c418	1	0			
0x1401058e0	0x140105939	0x14053c418	1	0			
0x140105940	0x14010596b	0x14053c418	1	0			
0x140105970	0x140105be9	0x1405412a8	1	3			
0x140105bf0	0x140105c53	0x14052db28	1	2			
0x140105c70	0x140105cd6	0x1405463d4	1	0			
0x140105ce0	0x140105e6a	0x14052db50	1	3			
0x140105ea0	0x140105f29	0x14052dba0	1	3			
0x140105f29	0x14010609b	0x14052dbb8	1	4	0x140105ea0	0x140105f29	0x14052dba0
0x14010609b	0x1401060bc	0x14052dbcc	1	4	0x140105ea0	0x140105f29	0x14052dba0
0x140106140	0x140106224	0x14053c418	1	0			
0x140106230	0x140106289	0x14053c418	1	0			
0x140106290	0x1401062bb	0x14053c418	1	0			
0x1401062c0	0x1401064f0	0x14052dbdc	1	0			
0x1401064f0	0x1401065b9	0x14052e60c	1	2			
0x1401065c0	0x140106b4a	0x14052dbf0	1	2			
0x140106b50	0x140106e3c	0x14052de20	1	3			
0x140106e80	0x140106eb4	0x1405463d4	1	0			
0x140106ec0	0x140106f17	0x140528270	1	3			
0x140106f17	0x1401070d2	0x14052e30c	1	4	0x140106ec0	0x140106f17	0x140528270
0x1401070d2	0x140107102	0x14052e328	1	4	0x140106ec0	0x140106f17	0x140528270
0x140107110	0x140107284	0x140530260	1	3			
0x140107290	0x14010734f	0x14052e1b8	1	3			
0x14010734f	0x1401082c7	0x14052e1d0	1	4	0x140107290	0x14010734f	0x14052e1b8
0x1401082c7	0x140108300	0x14052e204	1	4	0x140107290	0x14010734f	0x14052e1b8
0x140108300	0x140108321	0x14052e148	1	3			
0x140108321	0x1401083c0	0x14052e164	1	4	0x140108300	0x140108321	0x14052e148
0x1401083c0	0x1401083ee	0x14052e178	1	4	0x140108300	0x140108321	0x14052e148
0x1401083ee	0x1401084e2	0x14052e188	1	4	0x1401083c0	0x1401083ee	0x14052e178
0x1401084e2	0x14010853f	0x14052e1a8	1	4	0x1401083c0	0x1401083ee	0x14052e178
0x140108540	0x1401085f0	0x14053c418	1	0			
0x1401085f0	0x14010895a	0x14052db10	1	3			
0x140108960	0x1401089a7	0x14052e214	1	3			
0x1401089a7	0x1401089d3	0x14052e228	1	4	0x140108960	0x1401089a7	0x14052e214
0x1401089d3	0x140108dc8	0x14052e23c	1	4	0x1401089a7	0x1401089d3	0x14052e228
0x140108dc8	0x140108fd8	0x14052e250	1	4	0x1401089d3	0x140108dc8	0x14052e23c
0x140108fd8	0x140109238	0x14052e270	1	4	0x1401089d3	0x140108dc8	0x14052e23c
0x140109238	0x140109313	0x14052e280	1	4	0x140108fd8	0x140109238	0x14052e270
0x140109313	0x14010931b	0x14052e294	1	4	0x140108fd8	0x140109238	0x14052e270
0x14010931b	0x14010932f	0x14052e2a4	1	4	0x1401089a7	0x1401089d3	0x14052e228
0x14010932f	0x140109390	0x14052e2b4	1	4	0x140108960	0x1401089a7	0x14052e214
0x140109390	0x140109402	0x140526458	1	0			
0x140109410	0x1401094c7	0x14053c418	1	0			
0x1401094d0	0x140109515	0x14053c418	1	0			
0x140109520	0x140109836	0x14052db10	1	3			
0x140109840	0x1401098d4	0x1405463d4	1	0			
0x1401098e0	0x14010999a	0x140526458	1	0			
0x1401099a0	0x140109a5f	0x14053c418	1	0			
0x140109a60	0x140109ac0	0x140545b9c	1	0			
0x140109ac0	0x140109b3b	0x14052e2c4	1	4	0x140109a60	0x140109ac0	0x140545b9c
0x140109b3b	0x140109b7f	0x14052e2d8	1	4	0x140109a60	0x140109ac0	0x140545b9c
0x140109b80	0x140109bcd	0x14053c418	1	0			
0x140109bd0	0x140109f3b	0x14052db10	1	3			
0x140109f40	0x14010a117	0x14052e4c4	1	3			
0x14010a120	0x14010a32c	0x14052e42c	1	0			
0x14010a330	0x14010a481	0x14052e4e4	1	3			
0x14010a490	0x14010a670	0x1405251f0	1	3			
0x14010a670	0x14010a6a3	0x14054e5d0	1	0			
0x14010a6a3	0x14010a75f	0x14052e2e8	1	4	0x14010a670	0x14010a6a3	0x14054e5d0
0x14010a75f	0x14010a76f	0x14052e2fc	1	4	0x14010a670	0x14010a6a3	0x14054e5d0
0x14010a770	0x14010a843	0x14053c418	1	0			
0x14010a960	0x14010a98f	0x14052e448	1	3			
0x14010a98f	0x14010ab09	0x14052e45c	1	4	0x14010a960	0x14010a98f	0x14052e448
0x14010ab09	0x14010ab94	0x14052e474	1	4	0x14010a960	0x14010a98f	0x14052e448
0x14010aba0	0x14010abd1	0x14053c418	1	0			
0x14010abe0	0x14010acd9	0x140530260	1	3			
0x14010ace0	0x14010add9	0x140530260	1	3			
0x14010ae30	0x14010aefb	0x14053c418	1	0			
0x14010af10	0x14010b2fa	0x14052de48	1	3			
0x14010b300	0x14010b631	0x14052e500	1	3			
0x14010b640	0x14010b78b	0x14054854c	1	0			
0x14010b790	0x14010b8eb	0x14052e5f8	1	0			
0x14010b8f0	0x14010b938	0x14052e538	1	3			
0x14010b938	0x14010b9ef	0x14052e554	1	4	0x14010b8f0	0x14010b938	0x14052e538
0x14010b9ef	0x14010ba13	0x14052e578	1	4	0x14010b938	0x14010b9ef	0x14052e554
0x14010ba13	0x14010cccb	0x14052e590	1	4	0x14010b9ef	0x14010ba13	0x14052e578
0x14010cccb	0x14010d1e4	0x14052e5a4	1	4	0x14010b9ef	0x14010ba13	0x14052e578
0x14010d1e4	0x14010d25c	0x14052e5b4	1	4	0x14010b938	0x14010b9ef	0x14052e554
0x14010d25c	0x14010d330	0x14052e5c4	1	4	0x14010b8f0	0x14010b938	0x14052e538
0x14010d330	0x14010d428	0x14052dfe0	1	3			
0x14010d428	0x14010d626	0x14052dff8	1	4	0x14010d330	0x14010d428	0x14052dfe0
0x14010d626	0x14010d713	0x14052e014	1	4	0x14010d330	0x14010d428	0x14052dfe0
0x14010d720	0x14010d87b	0x1405251f0	1	3			
0x14010d880	0x14010d969	0x1405463d4	1	0			
0x14010d970	0x14010d9b6	0x1405463d4	1	0			
0x14010d9c0	0x14010db92	0x140535960	1	3			
0x14010dba0	0x14010dd58	0x1405463d4	1	0			
0x14010dd60	0x14010e029	0x140545fec	1	0			
0x14010e080	0x14010e1aa	0x140528cd4	1	3			
0x14010e1b0	0x14010e24b	0x1405463d4	1	0			
0x14010e250	0x14010e30f	0x140545b9c	1	0			
0x14010e310	0x14010e352	0x140534080	1	0			
0x14010e352	0x14010e3d0	0x14052df30	1	4	0x14010e310	0x14010e352	0x140534080
0x14010e3d0	0x14010e495	0x14052df4c	1	4	0x14010e310	0x14010e352	0x140534080
0x14010e4c0	0x14010e571	0x1405463d4	1	0			
0x14010e580	0x14010e64c	0x14053c418	1	0			
0x14010e650	0x14010e75e	0x1405463d4	1	0			
0x14010e760	0x14010e885	0x14052df5c	1	3			
0x14010e885	0x14010e973	0x14052df78	1	4	0x14010e760	0x14010e885	0x14052df5c
0x14010e973	0x14010ec59	0x14052df90	1	4	0x14010e885	0x14010e973	0x14052df78
0x14010ec59	0x14010ec6a	0x14052dfa8	1	4	0x14010e885	0x14010e973	0x14052df78
0x14010ec6a	0x14010ec8a	0x14052dfb8	1	4	0x14010e760	0x14010e885	0x14052df5c
0x14010ecb0	0x14010ed18	0x14054f8f4	1	0			
0x14010ed60	0x14010ee04	0x1405463d4	1	0			
0x14010ee10	0x14010eeaf	0x14053c418	1	0			
0x14010eeb0	0x14010efc8	0x140530260	1	3			
0x14010efd0	0x14010efee	0x14052e338	1	3			
0x14010efee	0x14010f376	0x14052e34c	1	4	0x14010efd0	0x14010efee	0x14052e338
0x14010f376	0x14010f583	0x14052e368	1	4	0x14010efee	0x14010f376	0x14052e34c
0x14010f583	0x14010f5a7	0x14052e384	1	4	0x14010efee	0x14010f376	0x14052e34c
0x14010f5a7	0x14010f5ca	0x14052e394	1	4	0x14010efd0	0x14010efee	0x14052e338
0x14010f5d0	0x14010f6da	0x14053c418	1	0			
0x14010f6e0	0x14010fab4	0x14052e5d4	1	3			
0x14010fac0	0x14011140d	0x14052decc	1	3			
0x140111410	0x140111663	0x14052e3a4	1	0			
0x140111670	0x140112e90	0x14052defc	1	0			
0x140112e90	0x1401130ee	0x14052e410	1	3			
0x1401130f0	0x140113154	0x14053c418	1	0			
0x140113160	0x14011321a	0x14053bbc0	1	0			
0x140113260	0x1401138ed	0x14052e3c0	1	3			
0x1401138f0	0x140113906	0x14052129c	1	0			
0x140113906	0x14011399e	0x14052dea0	1	4	0x1401138f0	0x140113906	0x14052129c
0x14011399e	0x1401139a4	0x14052debc	1	4	0x1401138f0	0x140113906	0x14052129c
0x1401139b0	0x1401139ce	0x14052e050	1	3			
0x1401139ce	0x140113d5a	0x14052e0ec	1	4	0x1401139b0	0x1401139ce	0x14052e050
0x140113d5a	0x140113fb0	0x14052e114	1	4	0x1401139ce	0x140113d5a	0x14052e0ec
0x140113fb0	0x14011447a	0x14052e128	1	4	0x1401139ce	0x140113d5a	0x14052e0ec
0x14011447a	0x1401144c0	0x14052e138	1	4	0x1401139b0	0x1401139ce	0x14052e050
0x1401144c0	0x14011471e	0x14052e0c0	1	0			
0x140114720	0x14011473e	0x14052e050	1	3			
0x14011473e	0x140114aca	0x14052e064	1	4	0x140114720	0x14011473e	0x14052e050
0x140114aca	0x140114d20	0x14052e08c	1	4	0x14011473e	0x140114aca	0x14052e064
0x140114d20	0x1401151ea	0x14052e0a0	1	4	0x14011473e	0x140114aca	0x14052e064
0x1401151ea	0x140115230	0x14052e0b0	1	4	0x140114720	0x14011473e	0x14052e050
0x140115230	0x14011548c	0x14052e024	1	0			
0x140115490	0x1401154de	0x14053c418	1	0			
0x1401154e0	0x14011551e	0x14052e484	1	3			
0x14011551e	0x1401155eb	0x14052e4a0	1	4	0x1401154e0	0x14011551e	0x14052e484
0x1401155eb	0x1401157e0	0x14052e4b4	1	4	0x1401154e0	0x14011551e	0x14052e484
0x1401157f0	0x140115871	0x14054854c	1	0			
0x140115880	0x140115a3c	0x140530260	1	3			
0x140115a40	0x140115ab8	0x14053c418	1	0			
0x140115ac0	0x140115b38	0x14053c418	1	0			
0x140115b40	0x140115bb2	0x1405463d4	1	0			
0x140115bc0	0x140115d87	0x14052dfc8	1	3			
0x140115d90	0x140115df1	0x14053c418	1	0			
0x140115ff0	0x1401160eb	0x14052e648	1	2			
0x140116110	0x140116182	0x1405463d4	1	0			
0x140116190	0x140116215	0x140526458	1	0			
0x140116220	0x14011636c	0x14052e688	1	3			
0x140116370	0x140116561	0x14052e740	1	3			
0x140116570	0x140116806	0x140530688	1	0			
0x140116810	0x1401168ad	0x140526458	1	0			
0x1401168b0	0x1401168f6	0x14053c418	1	0			
0x140116900	0x1401169ab	0x14053c418	1	0			
0x1401169c0	0x140116c2d	0x14052e6d8	1	0			
0x140116c30	0x140116ccc	0x14052e6e4	1	3			
0x140116ccc	0x140116d3a	0x14052e6f8	1	4	0x140116c30	0x140116ccc	0x14052e6e4
0x140116d3a	0x140116d93	0x14052e70c	1	4	0x140116c30	0x140116ccc	0x14052e6e4
0x140116d93	0x140116f65	0x14052e71c	1	4	0x140116d3a	0x140116d93	0x14052e70c
0x140116f65	0x140116fe5	0x14052e730	1	4	0x140116d3a	0x140116d93	0x14052e70c
0x140116ff0	0x1401170ea	0x14052e758	1	2			
0x140117110	0x140117182	0x1405463d4	1	0			
0x140117190	0x1401171e2	0x14053c418	1	0			
0x1401171f0	0x140117346	0x14052e788	1	3			
0x140117350	0x14011741b	0x140528cd4	1	3			
0x140117420	0x14011758c	0x14052e7e0	1	3			
0x14011758c	0x14011759e	0x14052e7f0	1	4	0x140117420	0x14011758c	0x14052e7e0
0x14011759e	0x140117752	0x14052e804	1	4	0x14011758c	0x14011759e	0x14052e7f0
0x140117752	0x1401177d6	0x14052e820	1	4	0x14011758c	0x14011759e	0x14052e7f0
0x1401177e0	0x140117ac4	0x14052e830	1	3			
0x140117ad0	0x140117bc1	0x14053c418	1	0			
0x140117bd0	0x140117c44	0x14053c418	1	0			
0x140117c70	0x140117deb	0x1405251f0	1	3			
0x140117df0	0x140117ea0	0x1405463d4	1	0			
0x140117ea0	0x1401180af	0x14052db10	1	3			
0x1401180b0	0x140118112	0x14052e864	1	2			
0x140118130	0x1401181a2	0x1405463d4	1	0			
0x1401181b0	0x1401182ef	0x14052e898	1	3			
0x1401182f0	0x140118523	0x14052a720	1	3			
0x140118530	0x1401187df	0x14052e8e8	1	3			
0x1401187e0	0x140118974	0x140528cd4	1	3			
0x140118980	0x1401189b7	0x14053c418	1	0			
0x1401189e0	0x140118aac	0x14052f620	1	2			
0x140118ab0	0x140118d82	0x14052e918	1	2			
0x140118d90	0x140118f42	0x14052ead0	1	3			
0x140118f80	0x140118fb4	0x1405463d4	1	0			
0x140118fc0	0x140119021	0x14053c418	1	0			
0x140119021	0x14011907e	0x14052ef20	1	4	0x140118fc0	0x140119021	0x14053c418
0x14011907e	0x14011916d	0x14052ef34	1	4	0x140118fc0	0x140119021	0x14053c418
0x140119170	0x140119297	0x140548c80	1	0			
0x140119297	0x1401192b3	0x14052efd4	1	4	0x140119170	0x140119297	0x140548c80
0x1401192b3	0x1401192ee	0x14052efe8	1	4	0x140119297	0x1401192b3	0x14052efd4
0x1401192ee	0x1401192f3	0x14052effc	1	4	0x140119297	0x1401192b3	0x14052efd4
0x1401192f3	0x140119305	0x14052f00c	1	4	0x140119170	0x140119297	0x140548c80
0x140119310	0x140119437	0x140548c80	1	0			
0x140119437	0x140119453	0x14052ef8c	1	4	0x140119310	0x140119437	0x140548c80
0x140119453	0x14011948e	0x14052efa0	1	4	0x140119437	0x140119453	0x14052ef8c
0x14011948e	0x140119493	0x14052efb4	1	4	0x140119437	0x140119453	0x14052ef8c
0x140119493	0x1401194a5	0x14052efc4	1	4	0x140119310	0x140119437	0x140548c80
0x1401194b0	0x140119589	0x14053bde0	1	0			
0x140119589	0x140119623	0x14052f3a4	1	4	0x1401194b0	0x140119589	0x14053bde0
0x140119623	0x14011962e	0x14052f3b8	1	4	0x1401194b0	0x140119589	0x14053bde0
0x140119630	0x14011964b	0x14052eecc	1	0			
0x14011964b	0x140119714	0x14052ee3c	1	4	0x140119630	0x14011964b	0x14052eecc
0x140119714	0x1401197b1	0x14052ee50	1	4	0x14011964b	0x140119714	0x14052ee3c
0x1401197b1	0x1401197fd	0x14052ee64	1	4	0x14011964b	0x140119714	0x14052ee3c
0x1401197fd	0x140119888	0x14052ee74	1	4	0x140119630	0x14011964b	0x14052eecc
0x140119890	0x140119b0d	0x14052d2e8	1	0			
0x140119b10	0x140119b3a	0x140545b9c	1	0			
0x140119b3a	0x140119b9d	0x14052f164	1	4	0x140119b10	0x140119b3a	0x140545b9c
0x140119b9d	0x140119c00	0x14052f178	1	4	0x140119b10	0x140119b3a	0x140545b9c
0x140119c00	0x140119c22	0x14052f284	1	0			
0x140119c22	0x140119d3d	0x14052f290	1	4	0x140119c00	0x140119c22	0x14052f284
0x140119d3d	0x140119dc7	0x14052f2a4	1	4	0x140119c22	0x140119d3d	0x14052f290
0x140119dc7	0x140119dfa	0x14052f2b8	1	4	0x140119c22	0x140119d3d	0x14052f290
0x140119dfa	0x140119e99	0x14052f2c8	1	4	0x140119c00	0x140119c22	0x14052f284
0x140119ea0	0x140119ec2	0x14052f284	1	0			
0x140119ec2	0x140119fdd	0x14052f23c	1	4	0x140119ea0	0x140119ec2	0x14052f284
0x140119fdd	0x14011a067	0x14052f250	1	4	0x140119ec2	0x140119fdd	0x14052f23c
0x14011a067	0x14011a09a	0x14052f264	1	4	0x140119ec2	0x140119fdd	0x14052f23c
0x14011a09a	0x14011a139	0x14052f274	1	4	0x140119ea0	0x140119ec2	0x14052f284
0x14011a140	0x14011a171	0x14053c418	1	0			
0x14011a171	0x14011a1b3	0x14052f1d0	1	4	0x14011a140	0x14011a171	0x14053c418
0x14011a1b3	0x14011a2b4	0x14052f1e4	1	4	0x14011a140	0x14011a171	0x14053c418
0x14011a2c0	0x14011a2f1	0x14053c418	1	0			
0x14011a2f1	0x14011a333	0x14052f1ac	1	4	0x14011a2c0	0x14011a2f1	0x14053c418
0x14011a333	0x14011a434	0x14052f1c0	1	4	0x14011a2c0	0x14011a2f1	0x14053c418
0x14011a440	0x14011a574	0x14053c418	1	0			
0x14011a580	0x14011a6a7	0x14053c418	1	0			
0x14011a6b0	0x14011a883	0x1405463d4	1	0			
0x14011a890	0x14011aa75	0x1405463d4	1	0			
0x14011aa80	0x14011b04c	0x140545fec	1	0			
0x14011b050	0x14011b083	0x14053c418	1	0			
0x14011b083	0x14011b0b8	0x14052ee04	1	4	0x14011b050	0x14011b083	0x14053c418
0x14011b0b8	0x14011b118	0x14052ee18	1	4	0x14011b050	0x14011b083	0x14053c418
0x14011b118	0x14011b16c	0x14052ee18	1	4	0x14011b050	0x14011b083	0x14053c418
0x14011b16c	0x14011b1df	0x14052ee18	1	4	0x14011b050	0x14011b083	0x14053c418
0x14011b1df	0x14011b25c	0x14052ee18	1	4	0x14011b050	0x14011b083	0x14053c418
0x14011b25c	0x14011b280	0x14052ee18	1	4	0x14011b050	0x14011b083	0x14053c418
0x14011b280	0x14011b2d3	0x14052ee18	1	4	0x14011b050	0x14011b083	0x14053c418
0x14011b2d3	0x14011b3dc	0x14052ee18	1	4	0x14011b050	0x14011b083	0x14053c418
0x14011b3dc	0x14011b465	0x14052ee18	1	4	0x14011b050	0x14011b083	0x14053c418
0x14011b465	0x14011b49c	0x14052ee2c	1	4	0x14011b050	0x14011b083	0x14053c418
0x14011b4a0	0x14011b840	0x14054854c	1	0			
0x14011b840	0x14011b87c	0x14052f12c	1	3			
0x14011b87c	0x14011bd51	0x14052f140	1	4	0x14011b840	0x14011b87c	0x14052f12c
0x14011bd51	0x14011bd9c	0x14052f154	1	4	0x14011b840	0x14011b87c	0x14052f12c
0x14011bda0	0x14011bdce	0x14053c418	1	0			
0x14011bdce	0x14011bea3	0x14052f108	1	4	0x14011bda0	0x14011bdce	0x14053c418
0x14011bea3	0x14011bf48	0x14052f11c	1	4	0x14011bda0	0x14011bdce	0x14053c418
0x14011bf50	0x14011bf7e	0x14053c418	1	0			
0x14011bf7e	0x14011c053	0x14052f0e4	1	4	0x14011bf50	0x14011bf7e	0x14053c418
0x14011c053	0x14011c0f8	0x14052f0f8	1	4	0x14011bf50	0x14011bf7e	0x14053c418
0x14011c100	0x14011c1a3	0x14053c418	1	0			
0x14011c1b0	0x14011c40f	0x14054854c	1	0			
0x14011c410	0x14011c4b4	0x14052f42c	1	3			
0x14011c4b4	0x14011c4f3	0x14052f444	1	4	0x14011c410	0x14011c4b4	0x14052f42c
0x14011c4f3	0x14011c564	0x14052f458	1	4	0x14011c4b4	0x14011c4f3	0x14052f444
0x14011c564	0x14011c5c6	0x14052f46c	1	4	0x14011c4b4	0x14011c4f3	0x14052f444
0x14011c5c6	0x14011c9c0	0x14052f47c	1	4	0x14011c410	0x14011c4b4	0x14052f42c
0x14011c9c0	0x14011cad8	0x14052a2f4	1	3			
0x14011cae0	0x14011cb1e	0x14053c418	1	0			
0x14011cb20	0x14011cb5e	0x14053c418	1	0			
0x14011cb60	0x14011cb9e	0x14053c418	1	0			
0x14011cba0	0x14011cbde	0x14053c418	1	0			
0x14011cbe0	0x14011cf66	0x1405255c0	1	0			
0x14011cf70	0x14011cfae	0x14053c418	1	0			
0x14011cfb0	0x14011d011	0x14053c418	1	0			
0x14011d011	0x14011d06e	0x14052ef44	1	4	0x14011cfb0	0x14011d011	0x14053c418
0x14011d06e	0x14011d15d	0x14052ef58	1	4	0x14011cfb0	0x14011d011	0x14053c418
0x14011d160	0x14011d18a	0x14053c418	1	0			
0x14011d18a	0x14011d1ed	0x14052f0ac	1	4	0x14011d160	0x14011d18a	0x14053c418
0x14011d1ed	0x14011d237	0x14052f0c0	1	4	0x14011d160	0x14011d18a	0x14053c418
0x14011d240	0x14011d370	0x140548c80	1	0			
0x14011d370	0x14011d38c	0x14052f064	1	4	0x14011d240	0x14011d370	0x140548c80
0x14011d38c	0x14011d3c7	0x14052f078	1	4	0x14011d370	0x14011d38c	0x14052f064
0x14011d3c7	0x14011d3cc	0x14052f08c	1	4	0x14011d370	0x14011d38c	0x14052f064
0x14011d3cc	0x14011d3de	0x14052f09c	1	4	0x14011d240	0x14011d370	0x140548c80
0x14011d3e0	0x14011d510	0x140548c80	1	0			
0x14011d510	0x14011d52c	0x14052f01c	1	4	0x14011d3e0	0x14011d510	0x140548c80
0x14011d52c	0x14011d567	0x14052f030	1	4	0x14011d510	0x14011d52c	0x14052f01c
0x14011d567	0x14011d56c	0x14052f044	1	4	0x14011d510	0x14011d52c	0x14052f01c
0x14011d56c	0x14011d57e	0x14052f054	1	4	0x14011d3e0	0x14011d510	0x140548c80
0x14011d580	0x14011d659	0x14053bde0	1	0			
0x14011d659	0x14011d6f3	0x14052f3c8	1	4	0x14011d580	0x14011d659	0x14053bde0
0x14011d6f3	0x14011d6fe	0x14052f3dc	1	4	0x14011d580	0x14011d659	0x14053bde0
0x14011d700	0x14011d71b	0x14052eecc	1	0			
0x14011d71b	0x14011d7e4	0x14052ee84	1	4	0x14011d700	0x14011d71b	0x14052eecc
0x14011d7e4	0x14011d881	0x14052ee98	1	4	0x14011d71b	0x14011d7e4	0x14052ee84
0x14011d881	0x14011d8cd	0x14052eeac	1	4	0x14011d71b	0x14011d7e4	0x14052ee84
0x14011d8cd	0x14011d958	0x14052eebc	1	4	0x14011d700	0x14011d71b	0x14052eecc
0x14011d960	0x14011dbdd	0x14052d2e8	1	0			
0x14011dbe0	0x14011dc0a	0x140545b9c	1	0			
0x14011dc0a	0x14011dc6e	0x14052f188	1	4	0x14011dbe0	0x14011dc0a	0x140545b9c
0x14011dc6e	0x14011dcd1	0x14052f19c	1	4	0x14011dbe0	0x14011dc0a	0x140545b9c
0x14011dce0	0x14011dd02	0x14052f2d8	1	0			
0x14011dd02	0x14011de26	0x14052f344	1	4	0x14011dce0	0x14011dd02	0x14052f2d8
0x14011de26	0x14011deb0	0x14052f35c	1	4	0x14011dd02	0x14011de26	0x14052f344
0x14011deb0	0x14011dee3	0x14052f370	1	4	0x14011dd02	0x14011de26	0x14052f344
0x14011dee3	0x14011df63	0x14052f380	1	4	0x14011dce0	0x14011dd02	0x14052f2d8
0x14011df63	0x14011df7b	0x14052f394	1	4	0x14011dce0	0x14011dd02	0x14052f2d8
0x14011df80	0x14011dfa2	0x14052f2d8	1	0			
0x14011dfa2	0x14011e0c6	0x14052f2e4	1	4	0x14011df80	0x14011dfa2	0x14052f2d8
0x14011e0c6	0x14011e150	0x14052f2fc	1	4	0x14011dfa2	0x14011e0c6	0x14052f2e4
0x14011e150	0x14011e183	0x14052f310	1	4	0x14011dfa2	0x14011e0c6	0x14052f2e4
0x14011e183	0x14011e203	0x14052f320	1	4	0x14011df80	0x14011dfa2	0x14052f2d8
0x14011e203	0x14011e21b	0x14052f334	1	4	0x14011df80	0x14011dfa2	0x14052f2d8
0x14011e220	0x14011e251	0x14053c418	1	0			
0x14011e251	0x14011e293	0x14052f218	1	4	0x14011e220	0x14011e251	0x14053c418
0x14011e293	0x14011e394	0x14052f22c	1	4	0x14011e220	0x14011e251	0x14053c418
0x14011e3a0	0x14011e3d1	0x14053c418	1	0			
0x14011e3d1	0x14011e413	0x14052f1f4	1	4	0x14011e3a0	0x14011e3d1	0x14053c418
0x14011e413	0x14011e514	0x14052f208	1	4	0x14011e3a0	0x14011e3d1	0x14053c418
0x14011e520	0x14011e55e	0x14053c418	1	0			
0x14011e560	0x14011e59e	0x14053c418	1	0			
0x14011e5a0	0x14011e5de	0x14053c418	1	0			
0x14011e5e0	0x14011e61e	0x14053c418	1	0			
0x14011e620	0x14011eb55	0x14052f0d0	1	0			
0x14011eb60	0x14011ec87	0x14053c418	1	0			
0x14011ec87	0x14011ecc2	0x14052ede0	1	4	0x14011eb60	0x14011ec87	0x14053c418
0x14011ecc2	0x14011ecc8	0x14052edf4	1	4	0x14011eb60	0x14011ec87	0x14053c418
0x14011ecd0	0x14011ed31	0x14053c418	1	0			
0x14011ed31	0x14011ed8e	0x14052ef68	1	4	0x14011ecd0	0x14011ed31	0x14053c418
0x14011ed8e	0x14011ee7d	0x14052ef7c	1	4	0x14011ecd0	0x14011ed31	0x14053c418
0x14011ee80	0x14011ee9b	0x14052eecc	1	0			
0x14011ee9b	0x14011ef64	0x14052eed8	1	4	0x14011ee80	0x14011ee9b	0x14052eecc
0x14011ef64	0x14011efd7	0x14052eeec	1	4	0x14011ee9b	0x14011ef64	0x14052eed8
0x14011efd7	0x14011f023	0x14052ef00	1	4	0x14011ee9b	0x14011ef64	0x14052eed8
0x14011f023	0x14011f0ae	0x14052ef10	1	4	0x14011ee80	0x14011ee9b	0x14052eecc
0x14011f0b0	0x14011f32d	0x14052d2e8	1	0			
0x14011f330	0x14011f345	0x140545b9c	1	0			
0x14011f345	0x14011f65c	0x14052f48c	1	4	0x14011f330	0x14011f345	0x140545b9c
0x14011f65c	0x14011f6c0	0x14052f4a8	1	4	0x14011f330	0x14011f345	0x140545b9c
0x14011f6c0	0x14011f6f5	0x14052f4b8	1	3			
0x14011f6f5	0x14011f8b6	0x14052f4d0	1	4	0x14011f6c0	0x14011f6f5	0x14052f4b8
0x14011f8b6	0x14011f94b	0x14052f4e4	1	4	0x14011f6f5	0x14011f8b6	0x14052f4d0
0x14011f94b	0x14011f95e	0x14052f4f8	1	4	0x14011f6f5	0x14011f8b6	0x14052f4d0
0x14011f95e	0x14011f975	0x14052f508	1	4	0x14011f6c0	0x14011f6f5	0x14052f4b8
0x14011fa40	0x14011fc83	0x14054854c	1	0			
0x14011fc90	0x14011fcb5	0x14052ed08	1	3			
0x14011fcb5	0x14011fdf3	0x14052ed18	1	4	0x14011fc90	0x14011fcb5	0x14052ed08
0x14011fdf3	0x14011fe06	0x14052ed3c	1	4	0x14011fc90	0x14011fcb5	0x14052ed08
0x14011ff90	0x140120067	0x1405463d4	1	0			
0x140120070	0x140120140	0x14052c640	1	0			
0x140120140	0x140120177	0x14053c418	1	0			
0x140120180	0x1401201e0	0x14054854c	1	0			
0x1401201e0	0x1401202d2	0x14052d9ec	1	3			
0x1401202e0	0x1401202ed	0x14053e570	1	0			
0x1401202ed	0x140120305	0x14052f518	1	4	0x1401202e0	0x1401202ed	0x14053e570
0x140120305	0x1401203d0	0x14052f52c	1	4	0x1401202ed	0x140120305	0x14052f518
0x1401203d0	0x14012042f	0x14052f540	1	4	0x140120305	0x1401203d0	0x14052f52c
0x14012042f	0x1401208c0	0x14052f554	1	4	0x140120305	0x1401203d0	0x14052f52c
0x1401208c0	0x1401208ce	0x14052f564	1	4	0x1401202ed	0x140120305	0x14052f518
0x1401208ce	0x140120938	0x14052f574	1	4	0x1401202e0	0x1401202ed	0x14053e570
0x140120940	0x140120996	0x14053d770	1	0			
0x140120996	0x140120a15	0x14052ed4c	1	4	0x140120940	0x140120996	0x14053d770
0x140120a15	0x140120a1b	0x14052ed60	1	4	0x140120940	0x140120996	0x14053d770
0x140120ab0	0x140120e81	0x14052eaf8	1	3			
0x140120e90	0x1401213c1	0x14052eba4	1	0			
0x1401213d0	0x140121572	0x1405255c0	1	0			
0x1401215b0	0x14012166b	0x1405463d4	1	0			
0x140121670	0x1401216a1	0x14052f584	1	3			
0x1401216a1	0x140121705	0x14052f598	1	4	0x140121670	0x1401216a1	0x14052f584
0x140121705	0x14012171d	0x14052f5ac	1	4	0x1401216a1	0x140121705	0x14052f598
0x14012171d	0x1401217d5	0x14052f5c8	1	4	0x140121705	0x14012171d	0x14052f5ac
0x1401217d5	0x140121846	0x14052f5dc	1	4	0x140121705	0x14012171d	0x14052f5ac
0x140121846	0x14012184e	0x14052f5ec	1	4	0x1401216a1	0x140121705	0x14052f598
0x14012184e	0x140121865	0x14052f5fc	1	4	0x140121670	0x1401216a1	0x14052f584
0x140121865	0x1401219cf	0x14052f60c	1	4	0x140121670	0x1401216a1	0x14052f584
0x1401219cf	0x140121a80	0x14052f5fc	1	4	0x140121670	0x1401216a1	0x14052f584
0x140121a80	0x140121ad9	0x14053c418	1	0			
0x140121ad9	0x140121af8	0x14052ebe4	1	4	0x140121a80	0x140121ad9	0x14053c418
0x140121af8	0x140121afe	0x14052ebf8	1	4	0x140121a80	0x140121ad9	0x14053c418
0x140121b10	0x140121b23	0x140528d7c	1	0			
0x140121b23	0x140121b5f	0x14052ec78	1	4	0x140121b10	0x140121b23	0x140528d7c
0x140121b5f	0x140121c19	0x14052ec8c	1	4	0x140121b23	0x140121b5f	0x14052ec78
0x140121c19	0x140121c9d	0x14052eca0	1	4	0x140121b23	0x140121b5f	0x14052ec78
0x140121c9d	0x140121cce	0x14052ecb0	1	4	0x140121b10	0x140121b23	0x140528d7c
0x140121d50	0x140121d87	0x14054e970	1	0			
0x140121d87	0x140121e15	0x14052eb80	1	4	0x140121d50	0x140121d87	0x14054e970
0x140121e15	0x140121ebf	0x14052eb94	1	4	0x140121d50	0x140121d87	0x14054e970
0x140121ec0	0x140121efc	0x140545b9c	1	0			
0x140121efc	0x140121f61	0x14052ed90	1	4	0x140121ec0	0x140121efc	0x140545b9c
0x140121f61	0x140121fcc	0x14052edac	1	4	0x140121efc	0x140121f61	0x14052ed90
0x140121fcc	0x140121fe8	0x14052edc0	1	4	0x140121efc	0x140121f61	0x14052ed90
0x140121fe8	0x140122070	0x14052edd0	1	4	0x140121ec0	0x140121efc	0x140545b9c
0x140122070	0x1401220a2	0x14053c418	1	0			
0x1401220a2	0x140122127	0x14052ec50	1	4	0x140122070	0x1401220a2	0x14053c418
0x140122127	0x14012214f	0x14052ec64	1	4	0x140122070	0x1401220a2	0x14053c418
0x14012214f	0x14012218d	0x14052ec64	1	4	0x140122070	0x1401220a2	0x14053c418
0x14012218d	0x1401221aa	0x14052ec64	1	4	0x140122070	0x1401220a2	0x14053c418
0x1401221aa	0x1401221fb	0x14052ec64	1	4	0x140122070	0x1401220a2	0x14053c418
0x1401221fb	0x140122213	0x14052ec64	1	4	0x140122070	0x1401220a2	0x14053c418
0x140122220	0x1401226dd	0x14053c418	1	0			
0x140122960	0x1401229a7	0x1405463d4	1	0			
0x1401229b0	0x140122a34	0x14054f8f4	1	0			
0x140122a60	0x140122c2d	0x14053bde0	1	0			
0x140122c60	0x140122ec6	0x1405235c4	1	0			
0x140122ed0	0x140123bfa	0x14052e3a4	1	0			
0x140123c00	0x140123c7d	0x140528d7c	1	0			
0x140123c7d	0x140123ce5	0x14052ec08	1	4	0x140123c00	0x140123c7d	0x140528d7c
0x140123ce5	0x140123ceb	0x14052ec1c	1	4	0x140123c00	0x140123c7d	0x140528d7c
0x140123d00	0x140123d33	0x140536ae4	1	0			
0x140123d33	0x140123dbf	0x14052ec2c	1	4	0x140123d00	0x140123d33	0x140536ae4
0x140123dbf	0x140123dca	0x14052ec40	1	4	0x140123d00	0x140123d33	0x140536ae4
0x140123de0	0x140123e46	0x14053c418	1	0			
0x140123e50	0x140124375	0x14052ece8	1	3			
0x1401243f0	0x140124c58	0x14052eb68	1	0			
0x140124c60	0x140124d68	0x140535960	1	3			
0x140124da0	0x140124f4f	0x14053af04	1	3			
0x140125190	0x14012525e	0x14053c418	1	0			
0x140125480	0x1401254bd	0x14053c36c	1	0			
0x1401254bd	0x140125667	0x14052ebc0	1	4	0x140125480	0x1401254bd	0x14053c36c
0x140125667	0x1401256a0	0x14052ebd4	1	4	0x140125480	0x1401254bd	0x14053c36c
0x1401256b0	0x140125760	0x140528cd4	1	3			
0x140125770	0x140125861	0x140533a64	1	3			
0x140125870	0x1401258a7	0x140538250	1	0			
0x1401258b0	0x1401259b3	0x1405463d4	1	0			
0x1401259c0	0x140125b5d	0x14053c418	1	0			
0x140125b60	0x140125f88	0x14052ecc0	1	3			
0x140125f90	0x140125fbb	0x14053c418	1	0			
0x140125fc0	0x140126003	0x14053c418	1	0			
0x140126080	0x140126174	0x14053c418	1	0			
0x140126180	0x140126231	0x1405463d4	1	0			
0x140126240	0x14012631f	0x1405463d4	1	0			
0x140126320	0x1401263d2	0x1405235c4	1	0			
0x1401263e0	0x1401265a2	0x14052ed70	1	3			
0x1401265e0	0x140126993	0x14052f3ec	1	3			
0x140126993	0x140126b3a	0x14052f404	1	4	0x1401265e0	0x140126993	0x14052f3ec
0x140126b3a	0x140126d92	0x14052f41c	1	4	0x1401265e0	0x140126993	0x14052f3ec
0x140126da0	0x140126e18	0x1405463d4	1	0			
0x140126e20	0x140126ee7	0x1405463d4	1	0			
0x140126ef0	0x140126f77	0x140538250	1	0			
0x140126f90	0x140127030	0x14053c418	1	0			
0x140127070	0x14012713c	0x14052f874	1	2			
0x140127140	0x1401271e6	0x14052f658	1	2			
0x1401271f0	0x140127284	0x14052f6b8	1	3			
0x1401272b0	0x1401272e4	0x1405463d4	1	0			
0x1401272f0	0x1401272fd	0x14053e570	1	0			
0x1401272fd	0x14012730e	0x14052f7b0	1	4	0x1401272f0	0x1401272fd	0x14053e570
0x14012730e	0x14012745d	0x14052f7c4	1	4	0x1401272fd	0x14012730e	0x14052f7b0
0x14012745d	0x1401274f1	0x14052f7dc	1	4	0x14012730e	0x14012745d	0x14052f7c4
0x1401274f1	0x140127670	0x14052f7f0	1	4	0x14012730e	0x14012745d	0x14052f7c4
0x140127670	0x14012769d	0x14052f800	1	4	0x1401272fd	0x14012730e	0x14052f7b0
0x14012769d	0x1401276e0	0x14052f810	1	4	0x1401272f0	0x1401272fd	0x14053e570
0x1401276e0	0x14012785b	0x14052f760	1	3			
0x14012785b	0x140127913	0x14052f778	1	4	0x1401276e0	0x14012785b	0x14052f760
0x140127913	0x140127934	0x14052f78c	1	4	0x1401276e0	0x14012785b	0x14052f760
0x140127934	0x14012794f	0x14052f79c	1	4	0x1401276e0	0x14012785b	0x14052f760
0x14012794f	0x140127974	0x14052f78c	1	4	0x1401276e0	0x14012785b	0x14052f760
0x140127a60	0x140127c18	0x14052f6d0	1	3			
0x140127c20	0x140127c7b	0x1405463d4	1	0			
0x140127c80	0x140127cb7	0x14054e970	1	0			
0x140127cb7	0x140127d45	0x14052f720	1	4	0x140127c80	0x140127cb7	0x14054e970
0x140127d45	0x140127d4b	0x14052f734	1	4	0x140127c80	0x140127cb7	0x14054e970
0x140127d50	0x140128044	0x14052f744	1	0			
0x1401280b0	0x140128293	0x14054eea0	1	0			
0x140128293	0x140128330	0x14052f840	1	4	0x1401280b0	0x140128293	0x14054eea0
0x140128330	0x1401284e4	0x14052f854	1	4	0x1401280b0	0x140128293	0x14054eea0
0x1401284f0	0x1401285ff	0x1405463d4	1	0			
0x140128600	0x1401286de	0x1405463d4	1	0			
0x140128710	0x1401288b3	0x14053af04	1	3			
0x1401288c0	0x140128979	0x14052f864	1	0			
0x1401289e0	0x140128a45	0x140545b9c	1	0			
0x140128a50	0x140128c1e	0x14052f820	1	3			
0x140128c40	0x140128ca3	0x14052f8a8	1	2			
0x140128cd0	0x140128d44	0x1405463d4	1	0			
0x140128d50	0x140128ecc	0x14052f8d0	1	3			
0x140128ed0	0x140128f37	0x140532c6c	1	0			
0x140128f40	0x14012914b	0x14052f928	1	0			
0x140129150	0x1401291ed	0x140545b9c	1	0			
0x1401291f0	0x140129272	0x140545b9c	1	0			
0x140129280	0x1401293fd	0x140538548	1	0			
0x140129400	0x1401294f4	0x14053c418	1	0			
0x140129500	0x1401295d1	0x140545b9c	1	0			
0x1401295e0	0x14012963a	0x14052f94c	1	3			
0x14012963a	0x140129848	0x14052f968	1	4	0x1401295e0	0x14012963a	0x14052f94c
0x140129848	0x1401299bd	0x14052f97c	1	4	0x14012963a	0x140129848	0x14052f968
0x1401299bd	0x1401299ce	0x14052f99c	1	4	0x14012963a	0x140129848	0x14052f968
0x1401299ce	0x140129a81	0x14052f9ac	1	4	0x1401295e0	0x14012963a	0x14052f94c
0x140129a90	0x140129ab4	0x14052f9bc	1	3			
0x140129ab4	0x140129cfd	0x14052f9d0	1	4	0x140129a90	0x140129ab4	0x14052f9bc
0x140129cfd	0x140129ec0	0x14052f9fc	1	4	0x140129ab4	0x140129cfd	0x14052f9d0
0x140129ec0	0x140129f02	0x14052fa28	1	4	0x140129ab4	0x140129cfd	0x14052f9d0
0x140129f02	0x140129f20	0x14052fa38	1	4	0x140129a90	0x140129ab4	0x14052f9bc
0x140129f20	0x140129fc0	0x14052fa48	1	3			
0x140129fc0	0x14012a01e	0x14052fa64	1	4	0x140129f20	0x140129fc0	0x14052fa48
0x14012a01e	0x14012a1e1	0x14052fa78	1	4	0x140129fc0	0x14012a01e	0x14052fa64
0x14012a1e1	0x14012a1f2	0x14052faac	1	4	0x140129fc0	0x14012a01e	0x14052fa64
0x14012a1f2	0x14012a23e	0x14052fabc	1	4	0x140129f20	0x140129fc0	0x14052fa48
0x14012a240	0x14012a2d9	0x1405463d4	1	0			
0x14012a2e0	0x14012a3a0	0x1405463d4	1	0			
0x14012a3a0	0x14012a3d7	0x14053c418	1	0			
0x14012a3e0	0x14012a5cf	0x1405345d4	1	3			
0x14012a660	0x14012a6c5	0x140545b9c	1	0			
0x14012a6d0	0x14012a76f	0x14052facc	1	2			
0x14012a770	0x14012a7f0	0x1405463d4	1	0			
0x14012a830	0x14012a864	0x1405463d4	1	0			
0x14012a870	0x14012a9f6	0x14052fb18	1	3			
0x14012ab10	0x14012ab90	0x14052fb70	1	0			
0x14012ab90	0x14012ac25	0x14052fb78	1	4	0x14012ab10	0x14012ab90	0x14052fb70
0x14012ac25	0x14012acc9	0x14052fb8c	1	4	0x14012ab10	0x14012ab90	0x14052fb70
0x14012acd0	0x14012ad7c	0x14054f8f4	1	0			
0x14012adc0	0x14012aea3	0x14053c418	1	0			
0x14012aee0	0x14012afac	0x1405304ac	1	2			
0x14012afb0	0x14012b28e	0x14052fb9c	1	2			
0x14012b290	0x14012b486	0x14052fcf0	1	3			
0x14012b4d0	0x14012b504	0x1405463d4	1	0			
0x14012b510	0x14012b54d	0x14053c418	1	0			
0x14012b54d	0x14012b5af	0x14052ffa4	1	4	0x14012b510	0x14012b54d	0x14053c418
0x14012b5af	0x14012b6ae	0x14052ffb8	1	4	0x14012b54d	0x14012b5af	0x14052ffa4
0x14012b6ae	0x14012b6bc	0x14052ffcc	1	4	0x14012b54d	0x14012b5af	0x14052ffa4
0x14012b6bc	0x14012b70a	0x14052ffdc	1	4	0x14012b510	0x14012b54d	0x14053c418
0x14012b710	0x14012b940	0x1405300a8	1	3			
0x14012b940	0x14012ba46	0x1405300d4	1	4	0x14012b710	0x14012b940	0x1405300a8
0x14012ba46	0x14012bba9	0x1405300e8	1	4	0x14012b940	0x14012ba46	0x1405300d4
0x14012bba9	0x14012bbc1	0x1405300fc	1	4	0x14012b940	0x14012ba46	0x1405300d4
0x14012bbc1	0x14012bc36	0x14053010c	1	4	0x14012b710	0x14012b940	0x1405300a8
0x14012bc40	0x14012bd01	0x14053c418	1	0			
0x14012bd01	0x14012bd51	0x14053011c	1	4	0x14012bc40	0x14012bd01	0x14053c418
0x14012bd51	0x14012bd99	0x140530130	1	4	0x14012bc40	0x14012bd01	0x14053c418
0x14012bda0	0x14012bdc3	0x140545b9c	1	0			
0x14012bdc3	0x14012bdde	0x140530140	1	4	0x14012bda0	0x14012bdc3	0x140545b9c
0x14012bdde	0x14012be1d	0x140530154	1	4	0x14012bdc3	0x14012bdde	0x140530140
0x14012be1d	0x14012be75	0x14053016c	1	4	0x14012bdde	0x14012be1d	0x140530154
0x14012be75	0x14012be7f	0x140530180	1	4	0x14012bdde	0x14012be1d	0x140530154
0x14012be7f	0x14012be94	0x140530190	1	4	0x14012bdc3	0x14012bdde	0x140530140
0x14012be94	0x14012becf	0x1405301a0	1	4	0x14012bda0	0x14012bdc3	0x140545b9c
0x14012bed0	0x14012befd	0x1405301b0	1	0			
0x14012befd	0x14012c075	0x1405301c0	1	4	0x14012bed0	0x14012befd	0x1405301b0
0x14012c075	0x14012c12a	0x1405301d8	1	4	0x14012befd	0x14012c075	0x1405301c0
0x14012c12a	0x14012c134	0x1405301ec	1	4	0x14012befd	0x14012c075	0x1405301c0
0x14012c134	0x14012c1d7	0x1405301fc	1	4	0x14012bed0	0x14012befd	0x1405301b0
0x14012c1e0	0x14012c2d5	0x14053006c	1	0			
0x14012c2d5	0x14012c480	0x140530084	1	4	0x14012c1e0	0x14012c2d5	0x14053006c
0x14012c480	0x14012c5d4	0x140530098	1	4	0x14012c1e0	0x14012c2d5	0x14053006c
0x14012c5e0	0x14012c669	0x140530338	1	0			
0x14012c669	0x14012c7d1	0x140530344	1	4	0x14012c5e0	0x14012c669	0x140530338
0x14012c7d1	0x14012c7ee	0x14053035c	1	4	0x14012c5e0	0x14012c669	0x140530338
0x14012c7ee	0x14012c904	0x14053036c	1	4	0x14012c5e0	0x14012c669	0x140530338
0x14012c910	0x14012c9dc	0x140530384	1	3			
0x14012c9dc	0x14012cae4	0x1405303a0	1	4	0x14012c910	0x14012c9dc	0x140530384
0x14012cae4	0x14012cb77	0x1405303b8	1	4	0x14012c910	0x14012c9dc	0x140530384
0x14012cb80	0x14012cc39	0x14053c418	1	0			
0x14012cc40	0x14012cce1	0x14053c418	1	0			
0x14012cce1	0x14012cd5b	0x14052ff38	1	4	0x14012cc40	0x14012cce1	0x14053c418
0x14012cd5b	0x14012cd96	0x14052ff4c	1	4	0x14012cc40	0x14012cce1	0x14053c418
0x14012cda0	0x14012cddd	0x14053c418	1	0			
0x14012cddd	0x14012ce38	0x14052ff5c	1	4	0x14012cda0	0x14012cddd	0x14053c418
0x14012ce38	0x14012cf3e	0x14052ff70	1	4	0x14012cddd	0x14012ce38	0x14052ff5c
0x14012cf3e	0x14012cf4c	0x14052ff84	1	4	0x14012cddd	0x14012ce38	0x14052ff5c
0x14012cf4c	0x14012cf9a	0x14052ff94	1	4	0x14012cda0	0x14012cddd	0x14053c418
0x14012cfa0	0x14012cfdb	0x1405303c8	1	3			
0x14012cfdb	0x14012d12d	0x14053020c	1	4	0x14012cfa0	0x14012cfdb	0x1405303c8
0x14012d12d	0x14012d130	0x14053022c	1	4	0x14012cfa0	0x14012cfdb	0x1405303c8
0x14012d130	0x14012d17b	0x14053023c	1	4	0x14012d12d	0x14012d130	0x14053022c
0x14012d17b	0x14012d1ce	0x140530250	1	4	0x14012d12d	0x14012d130	0x14053022c
0x14012d1d0	0x14012d2a9	0x1405302dc	1	3			
0x14012d2a9	0x14012d2fa	0x1405302f0	1	4	0x14012d1d0	0x14012d2a9	0x1405302dc
0x14012d2fa	0x14012d334	0x140530304	1	4	0x14012d2a9	0x14012d2fa	0x1405302f0
0x14012d334	0x14012d40d	0x140530318	1	4	0x14012d2a9	0x14012d2fa	0x1405302f0
0x14012d40d	0x14012d475	0x140530328	1	4	0x14012d1d0	0x14012d2a9	0x1405302dc
0x14012d480	0x14012d4bb	0x1405303c8	1	3			
0x14012d4bb	0x14012d60d	0x1405303e0	1	4	0x14012d480	0x14012d4bb	0x1405303c8
0x14012d60d	0x14012d610	0x140530400	1	4	0x14012d480	0x14012d4bb	0x1405303c8
0x14012d610	0x14012d682	0x140530410	1	4	0x14012d60d	0x14012d610	0x140530400
0x14012d682	0x14012d6d5	0x140530424	1	4	0x14012d60d	0x14012d610	0x140530400
0x14012d6e0	0x14012d719	0x140530260	1	3			
0x14012d719	0x14012d797	0x140530270	1	4	0x14012d6e0	0x14012d719	0x140530260
0x14012d797	0x14012d7ff	0x140530284	1	4	0x14012d6e0	0x14012d719	0x140530260
0x14012d800	0x14012d919	0x14053c418	1	0			
0x14012d920	0x14012d9dd	0x14053c418	1	0			
0x14012d9dd	0x14012da57	0x140530010	1	4	0x14012d920	0x14012d9dd	0x14053c418
0x14012da57	0x14012da92	0x140530024	1	4	0x14012d920	0x14012d9dd	0x14053c418
0x14012daa0	0x14012db5d	0x14053c418	1	0			
0x14012db5d	0x14012dbd7	0x14052ffec	1	4	0x14012daa0	0x14012db5d	0x14053c418
0x14012dbd7	0x14012dc12	0x140530000	1	4	0x14012daa0	0x14012db5d	0x14053c418
0x14012dc20	0x14012dc63	0x140528cd4	1	3			
0x14012dc63	0x14012dccc	0x140530294	1	4	0x14012dc20	0x14012dc63	0x140528cd4
0x14012dccc	0x14012de02	0x1405302a8	1	4	0x14012dc63	0x14012dccc	0x140530294
0x14012de02	0x14012de17	0x1405302bc	1	4	0x14012dc63	0x14012dccc	0x140530294
0x14012de17	0x14012de60	0x1405302cc	1	4	0x14012dc20	0x14012dc63	0x140528cd4
0x14012de60	0x14012de7d	0x14054e970	1	0			
0x14012de7d	0x14012e479	0x140530034	1	4	0x14012de60	0x14012de7d	0x14054e970
0x14012e479	0x14012e4b4	0x14053005c	1	4	0x14012de60	0x14012de7d	0x14054e970
0x14012e4c0	0x14012e5ea	0x140535d70	1	3			
0x14012e5f0	0x14012e791	0x140530494	1	0			
0x14012e7b0	0x14012e8dc	0x14052d9ec	1	3			
0x14012e9e0	0x14012ea7f	0x14053c418	1	0			
0x14012ea80	0x14012ed09	0x14052fd10	1	3			
0x14012ed10	0x14012ede9	0x14053c418	1	0			
0x14012edf0	0x14012ee8c	0x1405463d4	1	0			
0x14012ee90	0x14012ef48	0x14053bbc0	1	0			
0x14012ef50	0x14012f007	0x14053bbc0	1	0			
0x14012f010	0x14012f0d2	0x140543e9c	1	3			
0x14012f0e0	0x14012f1c2	0x14053c418	1	0			
0x14012f1d0	0x14012f3f8	0x14052fe80	1	3			
0x14012f400	0x14012f517	0x140545b9c	1	0			
0x14012f520	0x14012f5b7	0x14054f5b0	1	3			
0x14012f670	0x14012f788	0x14052ff18	1	0			
0x14012f790	0x14012f8f9	0x14052feb8	1	0			
0x14012f8f9	0x14012fa0a	0x14052fec4	1	4	0x14012f790	0x14012f8f9	0x14052feb8
0x14012fa0a	0x14012fa15	0x14052fed8	1	4	0x14012f790	0x14012f8f9	0x14052feb8
0x14012fa20	0x14012fa7c	0x140543c90	1	0			
0x14012fa7c	0x14012fb2e	0x14052fee8	1	4	0x14012fa20	0x14012fa7c	0x140543c90
0x14012fb2e	0x14012fb36	0x14052ff08	1	4	0x14012fa20	0x14012fa7c	0x140543c90
0x14012fbf0	0x14012fc45	0x14054854c	1	0			
0x14012fc50	0x14012fe9c	0x14052fd68	1	0			
0x14012fea0	0x14012ffef	0x140526458	1	0			
0x140130010	0x140130203	0x14052fd84	1	3			
0x140130230	0x1401302ad	0x140530488	1	0			
0x1401302b0	0x140130467	0x14053047c	1	0			
0x140130480	0x140130786	0x14052fda4	1	3			
0x140130786	0x1401307cc	0x14052fdc4	1	4	0x140130480	0x140130786	0x14052fda4
0x1401307cc	0x140130842	0x14052fdd8	1	4	0x140130786	0x1401307cc	0x14052fdc4
0x140130842	0x14013147b	0x14052fdec	1	4	0x1401307cc	0x140130842	0x14052fdd8
0x14013147b	0x1401314fe	0x14052fe0c	1	4	0x1401307cc	0x140130842	0x14052fdd8
0x1401314fe	0x140131506	0x14052fe1c	1	4	0x140130786	0x1401307cc	0x14052fdc4
0x140131506	0x14013152b	0x14052fe2c	1	4	0x140130480	0x140130786	0x14052fda4
0x140131720	0x1401317f6	0x140538778	1	0			
0x140131810	0x140131cf0	0x14054f6d0	1	0			
0x140131cf0	0x140132819	0x14052fe3c	1	3			
0x140132850	0x140132923	0x14052fe70	1	0			
0x140132930	0x140132a2e	0x140526458	1	0			
0x140132a30	0x140132b9b	0x1405463d4	1	0			
0x140132ba0	0x140132c23	0x14053c418	1	0			
0x140132c30	0x140132da6	0x14052db10	1	3			
0x140132dc0	0x140133117	0x140530458	1	3			
0x140133120	0x140133270	0x1405347d8	1	3			
0x140133270	0x140133484	0x140530434	1	3			
0x140133490	0x1401336b8	0x140530434	1	3			
0x1401336c0	0x140133894	0x14052890c	1	3			
0x1401338d0	0x14013393b	0x1405304e0	1	2			
0x140133960	0x1401339d4	0x1405463d4	1	0			
0x1401339e0	0x140133b60	0x140530510	1	3			
0x140133b60	0x140133bd0	0x140530560	1	0			
0x140133bd0	0x140133c7f	0x1405307e0	1	3			
0x140133c80	0x140133cb1	0x1405306a0	1	0			
0x140133cb1	0x140133d93	0x1405306b0	1	4	0x140133c80	0x140133cb1	0x1405306a0
0x140133d93	0x140133db3	0x1405306c8	1	4	0x140133c80	0x140133cb1	0x1405306a0
0x140133db3	0x140133ddd	0x1405306dc	1	4	0x140133c80	0x140133cb1	0x1405306a0
0x140133de0	0x140133e11	0x140530574	1	0			
0x140133e11	0x140133eca	0x140530584	1	4	0x140133de0	0x140133e11	0x140530574
0x140133eca	0x140133ef4	0x140530598	1	4	0x140133de0	0x140133e11	0x140530574
0x140133f00	0x140133fb3	0x1405305d4	1	0			
0x1401340a0	0x1401341d2	0x140533eac	1	0			
0x1401341d2	0x1401343eb	0x1405305e4	1	4	0x1401340a0	0x1401341d2	0x140533eac
0x1401343eb	0x140134400	0x1405305f8	1	4	0x1401340a0	0x1401341d2	0x140533eac
0x140134400	0x14013451d	0x140543e9c	1	3			
0x140134520	0x140134635	0x140535db4	1	3			
0x140134640	0x14013467a	0x14053c418	1	0			
0x140134680	0x1401347dc	0x140545b9c	1	0			
0x1401347e0	0x140134907	0x140530650	1	0			
0x140134907	0x1401349ec	0x140530664	1	4	0x1401347e0	0x140134907	0x140530650
0x1401349ec	0x140134a03	0x140530678	1	4	0x1401347e0	0x140134907	0x140530650
0x140134a10	0x140134ab0	0x1405463d4	1	0			
0x140134ab0	0x140134b62	0x14053c418	1	0			
0x140134b70	0x140134c1c	0x14053c418	1	0			
0x140134c20	0x140134cf8	0x1405463d4	1	0			
0x140134d00	0x140134d8e	0x140526458	1	0			
0x140134d90	0x140134e4b	0x1405247cc	1	0			
0x140134e50	0x140134fb9	0x140530688	1	0			
0x140134fc0	0x1401350bd	0x1405305c0	1	0			
0x1401350c0	0x140135220	0x140530688	1	0			
0x140135220	0x140135398	0x1405305a8	1	3			
0x1401353a0	0x14013541e	0x14053c418	1	0			
0x140135420	0x140135541	0x1405463d4	1	0			
0x140135550	0x140135556	0x140528d7c	1	0			
0x140135556	0x14013558f	0x140530608	1	4	0x140135550	0x140135556	0x140528d7c
0x14013558f	0x140135642	0x14053061c	1	4	0x140135556	0x14013558f	0x140530608
0x140135642	0x140135659	0x140530630	1	4	0x140135556	0x14013558f	0x140530608
0x140135659	0x140135675	0x140530640	1	4	0x140135550	0x140135556	0x140528d7c
0x140135690	0x140135797	0x14053ad6c	1	0			
0x1401357a0	0x140135819	0x1405306ec	1	2			
0x140135840	0x1401358a6	0x1405463d4	1	0			
0x1401358b0	0x1401359f6	0x140530718	1	3			
0x140135a20	0x140135aa2	0x140545b9c	1	0			
0x140135ab0	0x140135d31	0x1405255c0	1	0			
0x140135d40	0x140135d7a	0x14053c418	1	0			
0x140135d80	0x140135dfb	0x14053c418	1	0			
0x140135e00	0x140135fc9	0x14052f744	1	0			
0x140135fd0	0x14013604d	0x140530768	1	2			
0x140136070	0x1401360d6	0x1405463d4	1	0			
0x1401360e0	0x140136211	0x140530790	1	3			
0x140136220	0x1401362ab	0x1405307e0	1	3			
0x1401362b0	0x140136334	0x1405307f0	1	3			
0x140136334	0x140136495	0x140530800	1	4	0x1401362b0	0x140136334	0x1405307f0
0x140136495	0x1401364a8	0x14053081c	1	4	0x1401362b0	0x140136334	0x1405307f0
0x1401364b0	0x14013654e	0x14054e970	1	0			
0x14013654e	0x1401365e8	0x14053082c	1	4	0x1401364b0	0x14013654e	0x14054e970
0x1401365e8	0x1401366d6	0x140530840	1	4	0x1401364b0	0x14013654e	0x14054e970
0x1401366e0	0x140136722	0x14053c418	1	0			
0x140136730	0x14013679c	0x14053c418	1	0			
0x1401367a0	0x140136883	0x140530854	1	0			
0x140136890	0x140136900	0x14053086c	1	2			
0x140136920	0x140136986	0x1405463d4	1	0			
0x140136990	0x140136ac0	0x140530898	1	3			
0x140136ae0	0x140136b39	0x14053c418	1	0			
0x140136b40	0x140136c94	0x1405463d4	1	0			
0x140136ca0	0x140136cda	0x14053c418	1	0			
0x140136ce0	0x140136dc3	0x140530854	1	0			
0x140136dd0	0x140136e4c	0x1405308e8	1	2			
0x140136e70	0x140136ed6	0x1405463d4	1	0			
0x140136ee0	0x140137011	0x140530910	1	3			
0x140137040	0x140137159	0x140530960	1	3			
0x140137160	0x140137306	0x1405255c0	1	0			
0x140137310	0x1401373da	0x140543e9c	1	3			
0x1401373e0	0x14013741a	0x14053c418	1	0			
0x140137420	0x14013748c	0x14053c418	1	0			
0x140137490	0x140137573	0x140530854	1	0			
0x1401375a0	0x140137610	0x140530978	1	2			
0x140137630	0x140137696	0x1405463d4	1	0			
0x1401376a0	0x1401377d0	0x1405309a0	1	3			
0x1401377d0	0x14013784e	0x1405463d4	1	0			
0x140137850	0x140137959	0x14053c418	1	0			
0x140137960	0x14013799a	0x14053c418	1	0			
0x1401379a0	0x1401379fc	0x14053c418	1	0			
0x140137a00	0x140137ae7	0x140530854	1	0			
0x140137af0	0x140137b5a	0x1405309f0	1	2			
0x140137b80	0x140137be6	0x1405463d4	1	0			
0x140137bf0	0x140137d36	0x140530a18	1	3			
0x140137d40	0x140137e2f	0x140533718	1	3			
0x140137e30	0x14013813a	0x14052a720	1	3			
0x140138140	0x140138182	0x14053c418	1	0			
0x1401381a0	0x140138287	0x140530854	1	0			
0x140138290	0x1401382ed	0x140530a68	1	2			
0x140138310	0x140138376	0x1405463d4	1	0			
0x140138380	0x14013849e	0x140545b9c	1	0			
0x1401384a0	0x140138621	0x140530a90	1	3			
0x140138630	0x140138669	0x140530ae8	1	3			
0x140138669	0x140138871	0x140530b00	1	4	0x140138630	0x140138669	0x140530ae8
0x140138871	0x140138aa7	0x140530b18	1	4	0x140138669	0x140138871	0x140530b00
0x140138aa7	0x140138b57	0x140530b2c	1	4	0x140138669	0x140138871	0x140530b00
0x140138b57	0x140138b78	0x140530b3c	1	4	0x140138630	0x140138669	0x140530ae8
0x140138c30	0x140138d4e	0x140526458	1	0			
0x140138d50	0x140138f04	0x140530b70	1	3			
0x140138f10	0x140138f47	0x14053c418	1	0			
0x140138f50	0x140138fd9	0x140530b9c	1	0			
0x140138fd9	0x1401390e1	0x140530bb0	1	4	0x140138f50	0x140138fd9	0x140530b9c
0x1401390e1	0x1401390f4	0x140530bc4	1	4	0x140138f50	0x140138fd9	0x140530b9c
0x140139100	0x140139175	0x140526458	1	0			
0x140139180	0x140139202	0x14054e970	1	0			
0x140139202	0x140139260	0x140530b4c	1	4	0x140139180	0x140139202	0x14054e970
0x140139260	0x140139297	0x140530b60	1	4	0x140139180	0x140139202	0x14054e970
0x1401392a0	0x14013940f	0x140535960	1	3			
0x140139410	0x1401394a4	0x14053c418	1	0			
0x1401394b0	0x140139613	0x14053ad6c	1	0			
0x1401396b0	0x140139a3a	0x140530bd4	1	2			
0x140139a40	0x140139c55	0x140530de0	1	3			
0x140139ca0	0x140139cd4	0x1405463d4	1	0			
0x140139ce0	0x140139e17	0x140528d7c	1	0			
0x140139e17	0x140139e6e	0x140530f64	1	4	0x140139ce0	0x140139e17	0x140528d7c
0x140139e6e	0x140139ee6	0x140530f78	1	4	0x140139ce0	0x140139e17	0x140528d7c
0x140139ef0	0x14013a42e	0x140530e08	1	3			
0x14013a430	0x14013a45d	0x14053ce70	1	0			
0x14013a45d	0x14013a540	0x140530f2c	1	4	0x14013a430	0x14013a45d	0x14053ce70
0x14013a540	0x14013a555	0x140530f40	1	4	0x14013a430	0x14013a45d	0x14053ce70
0x14013a555	0x14013a6da	0x140530f50	1	4	0x14013a430	0x14013a45d	0x14053ce70
0x14013a6e0	0x14013a7f9	0x140530494	1	0			
0x14013a800	0x14013a830	0x14054fa50	1	0			
0x14013a830	0x14013a860	0x14054fa50	1	0			
0x14013a860	0x14013abea	0x140525f58	1	0			
0x14013abf0	0x14013b39e	0x140531068	1	0			
0x14013b400	0x14013b47a	0x14053c418	1	0			
0x14013b480	0x14013b53f	0x14054854c	1	0			
0x14013b550	0x14013b6b0	0x14054854c	1	0			
0x14013b6b0	0x14013b8d1	0x140530f10	1	3			
0x14013b940	0x14013b9ac	0x1405463d4	1	0			
0x14013b9b0	0x14013b9f6	0x14053c418	1	0			
0x14013ba00	0x14013c036	0x140530fb0	1	0			
0x14013c036	0x14013c11a	0x140530fc0	1	4	0x14013ba00	0x14013c036	0x140530fb0
0x14013c11a	0x14013ca8a	0x140530fd8	1	4	0x14013c036	0x14013c11a	0x140530fc0
0x14013ca8a	0x14013cc46	0x140530ff0	1	4	0x14013c11a	0x14013ca8a	0x140530fd8
0x14013cc46	0x14013cc50	0x140531004	1	4	0x14013c11a	0x14013ca8a	0x140530fd8
0x14013cc50	0x14013cc6d	0x140531014	1	4	0x14013c036	0x14013c11a	0x140530fc0
0x14013cc6d	0x14013cd9d	0x140531024	1	4	0x14013ba00	0x14013c036	0x140530fb0
0x14013cd9d	0x14013cda4	0x140531048	1	4	0x14013ba00	0x14013c036	0x140530fb0
0x14013cf50	0x14013d0ce	0x140526458	1	0			
0x14013d0d0	0x14013d198	0x1405463d4	1	0			
0x14013d1a0	0x14013d33f	0x1405463d4	1	0			
0x14013d340	0x14013d3cb	0x1405463d4	1	0			
0x14013d3d0	0x14013d470	0x1405463d4	1	0			
0x14013d470	0x14013d497	0x14053a254	1	0			
0x14013d497	0x14013d59c	0x140530f88	1	4	0x14013d470	0x14013d497	0x14053a254
0x14013d59c	0x14013d5a7	0x140530fa0	1	4	0x14013d470	0x14013d497	0x14053a254
0x14013d5d0	0x14013d634	0x14053c418	1	0			
0x14013d670	0x14013d6f1	0x1405463d4	1	0			
0x14013d700	0x14013d9b6	0x140531088	1	3			
0x14013d9c0	0x14013dc67	0x140531134	1	0			
0x14013dc70	0x14013dceb	0x1405463d4	1	0			
0x14013dcf0	0x14013dd07	0x14052129c	1	0			
0x14013dd07	0x14013dd3b	0x1405312d0	1	4	0x14013dcf0	0x14013dd07	0x14052129c
0x14013dd3b	0x14013dd74	0x1405312e4	1	4	0x14013dd07	0x14013dd3b	0x1405312d0
0x14013dd74	0x14013de73	0x1405312f8	1	4	0x14013dd07	0x14013dd3b	0x1405312d0
0x14013de73	0x14013de8d	0x140531308	1	4	0x14013dcf0	0x14013dd07	0x14052129c
0x14013de90	0x14013e1ac	0x140531154	1	0			
0x14013e1ac	0x14013e80f	0x140531164	1	4	0x14013de90	0x14013e1ac	0x140531154
0x14013e810	0x14013e942	0x140540fbc	1	0			
0x14013e942	0x14013e9dd	0x140531180	1	4	0x14013e810	0x14013e942	0x140540fbc
0x14013e9dd	0x14013ea16	0x140531194	1	4	0x14013e942	0x14013e9dd	0x140531180
0x14013ea16	0x14013ea62	0x1405311a8	1	4	0x14013e942	0x14013e9dd	0x140531180
0x14013ea62	0x14013ec34	0x1405311b8	1	4	0x14013e810	0x14013e942	0x140540fbc
0x14013ec40	0x14013ed56	0x14053c418	1	0			
0x14013ed60	0x14013eddd	0x14054854c	1	0			
0x14013eec0	0x14013eef4	0x140531100	1	3			
0x14013eef4	0x14013efa3	0x140531110	1	4	0x14013eec0	0x14013eef4	0x140531100
0x14013efa3	0x14013efda	0x140531124	1	4	0x14013eec0	0x14013eef4	0x140531100
0x14013efe0	0x14013f171	0x14054854c	1	0			
0x14013f180	0x14013f301	0x14054854c	1	0			
0x14013f310	0x14013f3b1	0x140540fbc	1	0			
0x14013f3b1	0x14013f3fa	0x140531200	1	4	0x14013f310	0x14013f3b1	0x140540fbc
0x14013f3fa	0x14013f583	0x140531214	1	4	0x14013f310	0x14013f3b1	0x140540fbc
0x14013f590	0x14013f667	0x140540fbc	1	0			
0x14013f667	0x14013f6b0	0x140531224	1	4	0x14013f590	0x14013f667	0x140540fbc
0x14013f6b0	0x14013f75d	0x140531238	1	4	0x14013f590	0x14013f667	0x140540fbc
0x14013f760	0x14013f7f3	0x1405311c8	1	0			
0x14013f7f3	0x14013fc10	0x1405311d4	1	4	0x14013f760	0x14013f7f3	0x1405311c8
0x14013fc10	0x14013fc44	0x1405311f0	1	4	0x14013f760	0x14013f7f3	0x1405311c8
0x14013fc50	0x14013fd38	0x140540fbc	1	0			
0x14013fd38	0x14013fd40	0x140531288	1	4	0x14013fc50	0x14013fd38	0x140540fbc
0x14013fd40	0x14013fdf3	0x14053129c	1	4	0x14013fd38	0x14013fd40	0x140531288
0x14013fdf3	0x14013fe5c	0x1405312b0	1	4	0x14013fd38	0x14013fd40	0x140531288
0x14013fe5c	0x14013fe7b	0x1405312c0	1	4	0x14013fc50	0x14013fd38	0x140540fbc
0x14013fe80	0x140140047	0x140531248	1	0			
0x140140047	0x14014012f	0x140531254	1	4	0x14013fe80	0x140140047	0x140531248
0x14014012f	0x140140137	0x140531278	1	4	0x14013fe80	0x140140047	0x140531248
0x140140140	0x1401402a2	0x1405463d4	1	0			
0x1401402b0	0x14014030c	0x14053c418	1	0			
0x140140310	0x14014038b	0x14053c418	1	0			
0x140140390	0x140140419	0x14053c418	1	0			
0x140140420	0x140140674	0x1405255c0	1	0			
0x140140680	0x140140708	0x14053c418	1	0			
0x140140710	0x14014076b	0x14053d770	1	0			
0x14014076b	0x14014078e	0x140531318	1	4	0x140140710	0x14014076b	0x14053d770
0x14014078e	0x1401408d8	0x14053132c	1	4	0x140140710	0x14014076b	0x14053d770
0x1401408d8	0x14014092b	0x14053133c	1	4	0x14014078e	0x1401408d8	0x14053132c
0x14014092b	0x140140931	0x140531350	1	4	0x14014078e	0x1401408d8	0x14053132c
0x140140940	0x140140adc	0x140545b9c	1	0			
0x140140ae0	0x140140b75	0x140545b9c	1	0			
0x140140b80	0x140140c27	0x14053c418	1	0			
0x140140c30	0x140140d0e	0x140545b9c	1	0			
0x140140d10	0x140140df5	0x14053c418	1	0			
0x140140e00	0x140140e74	0x14053c418	1	0			
0x140140e80	0x140140f8e	0x140545b9c	1	0			
0x140140f90	0x140140fde	0x140545b9c	1	0			
0x140140fde	0x140141031	0x140531424	1	4	0x140140f90	0x140140fde	0x140545b9c
0x140141031	0x140141092	0x14053143c	1	4	0x140140fde	0x140141031	0x140531424
0x140141092	0x1401410b7	0x140531450	1	4	0x140140fde	0x140141031	0x140531424
0x1401410b7	0x14014110b	0x140531460	1	4	0x140140f90	0x140140fde	0x140545b9c
0x140141110	0x140141192	0x14053c418	1	0			
0x1401411a0	0x140141228	0x14053c418	1	0			
0x140141230	0x140141323	0x14053c418	1	0			
0x140141330	0x1401413b0	0x140531470	1	0			
0x1401413b0	0x14014143e	0x14053147c	1	4	0x140141330	0x1401413b0	0x140531470
0x14014143e	0x14014181c	0x14053149c	1	4	0x140141330	0x1401413b0	0x140531470
0x140141820	0x1401419a3	0x1405313bc	1	3			
0x1401419a3	0x1401419df	0x1405313d0	1	4	0x140141820	0x1401419a3	0x1405313bc
0x1401419df	0x140141a7d	0x1405313e4	1	4	0x1401419a3	0x1401419df	0x1405313d0
0x140141a7d	0x140141aae	0x140531404	1	4	0x1401419a3	0x1401419df	0x1405313d0
0x140141aae	0x140141c14	0x140531414	1	4	0x140141820	0x1401419a3	0x1405313bc
0x140141c20	0x140141de7	0x1405255c0	1	0			
0x140141df0	0x140141e9c	0x140545b9c	1	0			
0x140141ea0	0x140141eeb	0x140545b9c	1	0			
0x140141eeb	0x140141f32	0x1405314ac	1	4	0x140141ea0	0x140141eeb	0x140545b9c
0x140141f32	0x140141f93	0x1405314c0	1	4	0x140141eeb	0x140141f32	0x1405314ac
0x140141f93	0x140141fa8	0x1405314d4	1	4	0x140141eeb	0x140141f32	0x1405314ac
0x140141fa8	0x140141fc0	0x1405314e4	1	4	0x140141ea0	0x140141eeb	0x140545b9c
0x140141fc0	0x140142044	0x140531574	1	3			
0x140142044	0x14014212e	0x140531588	1	4	0x140141fc0	0x140142044	0x140531574
0x14014212e	0x140142188	0x14053159c	1	4	0x140141fc0	0x140142044	0x140531574
0x140142190	0x140142214	0x140531574	1	3			
0x140142214	0x1401422fe	0x140531550	1	4	0x140142190	0x140142214	0x140531574
0x1401422fe	0x140142358	0x140531564	1	4	0x140142190	0x140142214	0x140531574
0x140142360	0x140142388	0x140545b9c	1	0			
0x140142388	0x1401423ea	0x140531360	1	4	0x140142360	0x140142388	0x140545b9c
0x1401423ea	0x14014241d	0x140531374	1	4	0x140142360	0x140142388	0x140545b9c
0x14014241d	0x14014249a	0x140531384	1	4	0x1401423ea	0x14014241d	0x140531374
0x14014249a	0x1401424c9	0x140531398	1	4	0x1401423ea	0x14014241d	0x140531374
0x1401424c9	0x1401424e1	0x140531398	1	4	0x1401423ea	0x14014241d	0x140531374
0x1401424e1	0x14014252d	0x140531398	1	4	0x1401423ea	0x14014241d	0x140531374
0x14014252d	0x140142544	0x140531398	1	4	0x1401423ea	0x14014241d	0x140531374
0x140142544	0x14014254a	0x1405313ac	1	4	0x1401423ea	0x14014241d	0x140531374
0x140142550	0x14014263d	0x14053c418	1	0			
0x140142640	0x14014272d	0x14053c418	1	0			
0x140142730	0x1401427ad	0x14053c418	1	0			
0x1401427b0	0x140142942	0x14053c418	1	0			
0x140142950	0x1401429d7	0x14053c418	1	0			
0x1401429e0	0x140142a13	0x140545b9c	1	0			
0x140142a13	0x140142a32	0x1405314f4	1	4	0x1401429e0	0x140142a13	0x140545b9c
0x140142a32	0x140142b1b	0x140531508	1	4	0x140142a13	0x140142a32	0x1405314f4
0x140142b1b	0x140142b30	0x14053151c	1	4	0x140142a13	0x140142a32	0x1405314f4
0x140142b30	0x140142be3	0x14053152c	1	4	0x1401429e0	0x140142a13	0x140545b9c
0x140142be3	0x140142c90	0x14053152c	1	4	0x1401429e0	0x140142a13	0x140545b9c
0x140142c90	0x140142cb4	0x140531540	1	4	0x1401429e0	0x140142a13	0x140545b9c
0x140142cc0	0x140142e8e	0x14052d9ec	1	3			
0x140142e90	0x140142f09	0x1405315ac	1	2			
0x140142f30	0x140142fae	0x1405463d4	1	0			
0x140142fb0	0x140143137	0x140531600	1	3			
0x140143140	0x140143253	0x140531658	1	0			
0x140143253	0x1401432c5	0x140531664	1	4	0x140143140	0x140143253	0x140531658
0x1401432c5	0x14014340c	0x14053167c	1	4	0x140143253	0x1401432c5	0x140531664
0x14014340c	0x140143429	0x140531690	1	4	0x140143253	0x1401432c5	0x140531664
0x140143430	0x140143500	0x14053c418	1	0			
0x140143500	0x140143526	0x14053c418	1	0			
0x140143530	0x140143563	0x14053c418	1	0			
0x140143570	0x140143808	0x14052b61c	1	3			
0x140143810	0x1401439eb	0x140530338	1	0			
0x1401439eb	0x140143a97	0x1405316a0	1	4	0x140143810	0x1401439eb	0x140530338
0x140143a97	0x140143aa2	0x1405316b8	1	4	0x140143810	0x1401439eb	0x140530338
0x140143ab0	0x140143b29	0x1405316c8	1	2			
0x140143b50	0x140143bce	0x1405463d4	1	0			
0x140143bd0	0x140143d57	0x140531700	1	3			
0x140143d60	0x140143d8c	0x14053c418	1	0			
0x140143d90	0x140143eab	0x140531758	1	0			
0x140143eab	0x140144062	0x140531768	1	4	0x140143d90	0x140143eab	0x140531758
0x140144070	0x14014408d	0x14053c418	1	0			
0x14014408d	0x140144232	0x140531780	1	4	0x140144070	0x14014408d	0x14053c418
0x140144232	0x140144238	0x140531794	1	4	0x140144070	0x14014408d	0x14053c418
0x140144240	0x1401443c8	0x140543e9c	1	3			
0x1401443d0	0x140144532	0x140533718	1	3			
0x140144540	0x1401445f5	0x140545b9c	1	0			
0x1401445f5	0x14014462b	0x1405317a4	1	4	0x140144540	0x1401445f5	0x140545b9c
0x14014462b	0x140144637	0x1405317b8	1	4	0x1401445f5	0x14014462b	0x1405317a4
0x140144637	0x140144691	0x1405317cc	1	4	0x14014462b	0x140144637	0x1405317b8
0x140144691	0x14014469d	0x1405317e0	1	4	0x14014462b	0x140144637	0x1405317b8
0x14014469d	0x1401446b7	0x1405317f0	1	4	0x1401445f5	0x14014462b	0x1405317a4
0x1401446b7	0x1401446ca	0x140531800	1	4	0x140144540	0x1401445f5	0x140545b9c
0x1401446d0	0x14014479e	0x140545b9c	1	0			
0x1401447a0	0x140144826	0x140531810	1	2			
0x140144830	0x140144899	0x14053c418	1	0			
0x1401448c0	0x1401448f4	0x1405463d4	1	0			
0x140144900	0x140144a87	0x140531870	1	3			
0x140144ab0	0x140144c16	0x1405318c8	1	0			
0x140144c16	0x140144e08	0x1405318d4	1	4	0x140144ab0	0x140144c16	0x1405318c8
0x140144e08	0x140144e1c	0x1405318f0	1	4	0x140144ab0	0x140144c16	0x1405318c8
0x140144e20	0x140144f09	0x14053c418	1	0			
0x140144f10	0x140144f36	0x14053c418	1	0			
0x140144f60	0x14014510d	0x140523f4c	1	3			
0x140145110	0x14014529c	0x140543e9c	1	3			
0x1401452a0	0x140145467	0x14053193c	1	3			
0x140145470	0x1401454cc	0x140531900	1	3			
0x1401454cc	0x14014552e	0x140531914	1	4	0x140145470	0x1401454cc	0x140531900
0x14014552e	0x140145663	0x14053192c	1	4	0x140145470	0x1401454cc	0x140531900
0x140145670	0x1401456ca	0x140545b9c	1	0			
0x1401456d0	0x14014572e	0x140531958	1	2			
0x140145750	0x1401457b6	0x1405463d4	1	0			
0x1401457c0	0x140145947	0x140531980	1	3			
0x140145950	0x140145a85	0x1405463d4	1	0			
0x140145a90	0x140145bf3	0x14053c418	1	0			
0x140145c00	0x140145c26	0x14053c418	1	0			
0x140145c30	0x140145cff	0x14053bbc0	1	0			
0x140145d00	0x140145dc9	0x14053bbc0	1	0			
0x140145dd0	0x140146000	0x140531b10	1	0			
0x140146000	0x1401461bd	0x140531a50	1	3			
0x1401461bd	0x1401461d2	0x140531ab0	1	4	0x140146000	0x1401461bd	0x140531a50
0x1401461d2	0x140146395	0x140531ac4	1	4	0x1401461bd	0x1401461d2	0x140531ab0
0x140146395	0x14014639d	0x140531af0	1	4	0x1401461bd	0x1401461d2	0x140531ab0
0x14014639d	0x1401463c2	0x140531b00	1	4	0x140146000	0x1401461bd	0x140531a50
0x1401463d0	0x14014660c	0x1405333d0	1	3			
0x140146610	0x140146733	0x140531a50	1	3			
0x140146733	0x140146970	0x140531a6c	1	4	0x140146610	0x140146733	0x140531a50
0x140146970	0x140146995	0x140531aa0	1	4	0x140146610	0x140146733	0x140531a50
0x1401469a0	0x140146ac2	0x1405319f0	1	3			
0x140146ac2	0x140146ca0	0x140531a10	1	4	0x1401469a0	0x140146ac2	0x1405319f0
0x140146ca0	0x140146cca	0x140531a40	1	4	0x1401469a0	0x140146ac2	0x1405319f0
0x140146cd0	0x140146e44	0x1405255c0	1	0			
0x140146e50	0x140146eae	0x140531b20	1	2			
0x140146ed0	0x140146f36	0x1405463d4	1	0			
0x140146f40	0x1401470c7	0x140531b48	1	3			
0x1401470d0	0x140147262	0x14053ce70	1	0			
0x140147270	0x140147327	0x14053c418	1	0			
0x140147330	0x140147362	0x14053c418	1	0			
0x1401473e0	0x140147488	0x14053c418	1	0			
0x140147490	0x1401475c7	0x140531be8	1	0			
0x1401475d0	0x140147762	0x14054e970	1	0			
0x140147770	0x14014794e	0x140531ba0	1	3			
0x14014794e	0x140147ac8	0x140531bc4	1	4	0x140147770	0x14014794e	0x140531ba0
0x140147ac8	0x140147d4c	0x140531bd8	1	4	0x140147770	0x14014794e	0x140531ba0
0x140147d50	0x140147f6c	0x14053c7e4	1	0			
0x140147f6c	0x14014803a	0x140531bf4	1	4	0x140147d50	0x140147f6c	0x14053c7e4
0x14014803a	0x1401480b2	0x140531c08	1	4	0x140147d50	0x140147f6c	0x14053c7e4
0x1401480c0	0x140148264	0x140545b9c	1	0			
0x140148270	0x1401482e9	0x140531c18	1	2			
0x140148310	0x14014838e	0x1405463d4	1	0			
0x140148390	0x140148517	0x140531c50	1	3			
0x140148520	0x140148586	0x140531ca8	1	0			
0x140148586	0x14014870c	0x140531cb4	1	4	0x140148520	0x140148586	0x140531ca8
0x14014870c	0x140148720	0x140531cd0	1	4	0x140148520	0x140148586	0x140531ca8
0x140148720	0x14014882e	0x14053c418	1	0			
0x140148830	0x140148bcc	0x140531ce0	1	2			
0x140148bd0	0x140148dbd	0x140531f10	1	3			
0x140148e00	0x140148e34	0x1405463d4	1	0			
0x140148e40	0x140148edd	0x14053ed60	1	0			
0x140148edd	0x140148fff	0x140532140	1	4	0x140148e40	0x140148edd	0x14053ed60
0x140148fff	0x140149018	0x140532158	1	4	0x140148e40	0x140148edd	0x14053ed60
0x140149020	0x14014903f	0x14054eea0	1	0			
0x14014903f	0x140149391	0x1405320ac	1	4	0x140149020	0x14014903f	0x14054eea0
0x140149391	0x1401494b4	0x1405320c0	1	4	0x140149020	0x14014903f	0x14054eea0
0x1401494c0	0x140149526	0x14053c418	1	0			
0x140149530	0x14014988a	0x14053bbc0	1	0			
0x140149890	0x140149a29	0x14053dc0c	1	0			
0x140149a29	0x140149acf	0x140532118	1	4	0x140149890	0x140149a29	0x14053dc0c
0x140149acf	0x140149b42	0x140532130	1	4	0x140149890	0x140149a29	0x14053dc0c
0x140149b50	0x140149bfe	0x14053c418	1	0			
0x140149c00	0x140149c15	0x1405321b0	1	3			
0x140149c15	0x140149e43	0x1405321c0	1	4	0x140149c00	0x140149c15	0x1405321b0
0x140149e43	0x140149e8e	0x1405321e4	1	4	0x140149c00	0x140149c15	0x1405321b0
0x140149e8e	0x140149f3f	0x1405321f8	1	4	0x140149c00	0x140149c15	0x1405321b0
0x140149f40	0x14014a115	0x1405255c0	1	0			
0x14014a120	0x14014a14f	0x14053c418	1	0			
0x14014a14f	0x14014a1c3	0x140532208	1	4	0x14014a120	0x14014a14f	0x14053c418
0x14014a1c3	0x14014a1e7	0x14053221c	1	4	0x14014a120	0x14014a14f	0x14053c418
0x14014a1f0	0x14014a256	0x14053c418	1	0			
0x14014a260	0x14014a2a7	0x140532a4c	1	0			
0x14014a2a7	0x14014a3d6	0x1405322b4	1	4	0x14014a260	0x14014a2a7	0x140532a4c
0x14014a3d6	0x14014a4a5	0x1405322c8	1	4	0x14014a260	0x14014a2a7	0x140532a4c
0x14014a4b0	0x14014a525	0x14053c418	1	0			
0x14014a530	0x14014a5e7	0x14052eecc	1	0			
0x14014a5e7	0x14014a6ae	0x1405322d8	1	4	0x14014a530	0x14014a5e7	0x14052eecc
0x14014a6ae	0x14014a6de	0x1405322ec	1	4	0x14014a530	0x14014a5e7	0x14052eecc
0x14014a6e0	0x14014a82b	0x140545b9c	1	0			
0x14014a830	0x14014a874	0x14053c418	1	0			
0x14014a874	0x14014a8cb	0x1405320d0	1	4	0x14014a830	0x14014a874	0x14053c418
0x14014a8cb	0x14014a8f6	0x1405320e4	1	4	0x14014a830	0x14014a874	0x14053c418
0x14014a900	0x14014a944	0x14053c418	1	0			
0x14014a944	0x14014a995	0x1405320f4	1	4	0x14014a900	0x14014a944	0x14053c418
0x14014a995	0x14014aa21	0x140532108	1	4	0x14014a900	0x14014a944	0x14053c418
0x14014aa30	0x14014abbe	0x1405463d4	1	0			
0x14014abc0	0x14014ac07	0x140532a4c	1	0			
0x14014ac07	0x14014acca	0x14053226c	1	4	0x14014abc0	0x14014ac07	0x140532a4c
0x14014acca	0x14014ae54	0x140532280	1	4	0x14014abc0	0x14014ac07	0x140532a4c
0x14014ae60	0x14014ae6d	0x14053bde0	1	0			
0x14014ae6d	0x14014af6d	0x14053218c	1	4	0x14014ae60	0x14014ae6d	0x14053bde0
0x14014af6d	0x14014b022	0x1405321a0	1	4	0x14014ae60	0x14014ae6d	0x14053bde0
0x14014b030	0x14014b31c	0x1405255c0	1	0			
0x14014b320	0x14014b367	0x140532a4c	1	0			
0x14014b367	0x14014b43c	0x140532168	1	4	0x14014b320	0x14014b367	0x140532a4c
0x14014b43c	0x14014b5c6	0x14053217c	1	4	0x14014b320	0x14014b367	0x140532a4c
0x14014b5d0	0x14014b617	0x140532a4c	1	0			
0x14014b617	0x14014b6da	0x140532290	1	4	0x14014b5d0	0x14014b617	0x140532a4c
0x14014b6da	0x14014b864	0x1405322a4	1	4	0x14014b5d0	0x14014b617	0x140532a4c
0x14014b870	0x14014b9f3	0x1405463d4	1	0			
0x14014ba00	0x14014bbba	0x1405463d4	1	0			
0x14014bbc0	0x14014bcf5	0x1405463d4	1	0			
0x14014bd00	0x14014bd27	0x14053222c	1	3			
0x14014bd27	0x14014c4ab	0x14053223c	1	4	0x14014bd00	0x14014bd27	0x14053222c
0x14014c4ab	0x14014c4e4	0x14053225c	1	4	0x14014bd00	0x14014bd27	0x14053222c
0x14014c4f0	0x14014c618	0x140532300	1	3			
0x14014c620	0x14014c76d	0x140532390	1	3			
0x14014c770	0x14014c7ab	0x14053c418	1	0			
0x14014c7b0	0x14014cafa	0x140531f38	1	3			
0x14014cb00	0x14014cf0b	0x14053208c	1	0			
0x14014cf10	0x14014cfcb	0x1405463d4	1	0			
0x14014d050	0x14014d1b7	0x140545b9c	1	0			
0x14014d1c0	0x14014d287	0x140525f58	1	0			
0x14014d290	0x14014d2c1	0x14053c418	1	0			
0x14014d310	0x14014d38a	0x140532378	1	0			
0x14014d3e0	0x14014d45e	0x140526458	1	0			
0x14014d470	0x14014d496	0x140530260	1	3			
0x14014d496	0x14014d50f	0x140532318	1	4	0x14014d470	0x14014d496	0x140530260
0x14014d50f	0x14014d5ad	0x14053232c	1	4	0x14014d470	0x14014d496	0x140530260
0x14014d5ad	0x14014d78f	0x140532340	1	4	0x14014d50f	0x14014d5ad	0x14053232c
0x14014d78f	0x14014d7f0	0x140532354	1	4	0x14014d470	0x14014d496	0x140530260
0x14014d7f0	0x14014d895	0x140532080	1	0			
0x14014d8b0	0x14014da5b	0x140531fec	1	3			
0x14014da5b	0x14014dd41	0x140532008	1	4	0x14014d8b0	0x14014da5b	0x140531fec
0x14014dd41	0x14014e7e5	0x140532024	1	4	0x14014da5b	0x14014dd41	0x140532008
0x14014e7e5	0x14014e884	0x140532040	1	4	0x14014da5b	0x14014dd41	0x140532008
0x14014e884	0x14014e89f	0x140532050	1	4	0x14014d8b0	0x14014da5b	0x140531fec
0x14014e8a0	0x14014f0f4	0x140532060	1	3			
0x14014f100	0x14014f164	0x14053c418	1	0			
0x14014f170	0x14014f1f1	0x14053c418	1	0			
0x14014f2b0	0x14014f650	0x14054854c	1	0			
0x14014f650	0x14014f693	0x14054854c	1	0			
0x14014f6b0	0x14014f71f	0x14053c418	1	0			
0x14014f720	0x14014fa60	0x140532364	1	3			
0x14014fa60	0x14014fc4e	0x140531fd0	1	3			
0x14014fc50	0x14014fcb4	0x1405323a8	1	2			
0x14014fcd0	0x14014fd36	0x1405463d4	1	0			
0x14014fd40	0x14014fe8c	0x1405323d0	1	3			
0x14014fe90	0x140150126	0x140532420	1	3			
0x140150130	0x14015017a	0x140532440	1	3			
0x14015017a	0x14015045a	0x140532454	1	4	0x140150130	0x14015017a	0x140532440
0x14015045a	0x140150472	0x14053246c	1	4	0x140150130	0x14015017a	0x140532440
0x140150480	0x14015050c	0x14053c418	1	0			
0x140150510	0x1401506a3	0x140535960	1	3			
0x1401506b0	0x1401507fb	0x14053247c	1	2			
0x140150800	0x1401508a0	0x140532500	1	3			
0x1401508c0	0x1401508f4	0x1405463d4	1	0			
0x140150900	0x140150a41	0x14052129c	1	0			
0x140150a41	0x140150b96	0x140532720	1	4	0x140150900	0x140150a41	0x14052129c
0x140150b96	0x140150bbb	0x140532738	1	4	0x140150900	0x140150a41	0x14052129c
0x140150bc0	0x140150bff	0x14054eea0	1	0			
0x140150bff	0x140150d43	0x1405326fc	1	4	0x140150bc0	0x140150bff	0x14054eea0
0x140150d43	0x140150ed6	0x140532710	1	4	0x140150bc0	0x140150bff	0x14054eea0
0x140150ee0	0x140151120	0x140532518	1	3			
0x140151120	0x1401511ec	0x1405325c8	1	3			
0x1401511ec	0x14015143a	0x1405325e4	1	4	0x140151120	0x1401511ec	0x1405325c8
0x14015143a	0x1401515f0	0x1405325fc	1	4	0x1401511ec	0x14015143a	0x1405325e4
0x1401515f0	0x140151811	0x140532614	1	4	0x1401511ec	0x14015143a	0x1405325e4
0x140151811	0x140151832	0x140532624	1	4	0x140151120	0x1401511ec	0x1405325c8
0x140151840	0x1401518cb	0x1405463d4	1	0			
0x1401518d0	0x140151a37	0x140522834	1	3			
0x140151a40	0x140151b0a	0x140533718	1	3			
0x140151b10	0x140151c2a	0x140532634	1	0			
0x140151c2a	0x140151c98	0x140532644	1	4	0x140151b10	0x140151c2a	0x140532634
0x140151c98	0x140151e84	0x140532658	1	4	0x140151c2a	0x140151c98	0x140532644
0x140151e84	0x1401521b2	0x14053266c	1	4	0x140151c2a	0x140151c98	0x140532644
0x1401521c0	0x14015221d	0x1405326c8	1	0			
0x14015221d	0x140152359	0x1405326d4	1	4	0x1401521c0	0x14015221d	0x1405326c8
0x140152359	0x140152382	0x1405326ec	1	4	0x1401521c0	0x14015221d	0x1405326c8
0x140152390	0x14015282c	0x14053267c	1	3			
0x140152830	0x140152884	0x14053c418	1	0			
0x140152980	0x1401529da	0x140532590	1	3			
0x1401529da	0x140152a35	0x1405325a4	1	4	0x140152980	0x1401529da	0x140532590
0x140152a35	0x140152a9d	0x1405325b8	1	4	0x140152980	0x1401529da	0x140532590
0x140152aa0	0x140152b6c	0x140532d2c	1	2			
0x140152b70	0x140152e03	0x140532748	1	2			
0x140152e10	0x140152f9c	0x140532888	1	3			
0x140152fe0	0x140153014	0x1405463d4	1	0			
0x140153020	0x1401531d3	0x140526458	1	0			
0x1401531e0	0x140153324	0x140532c34	1	3			
0x140153330	0x1401533e5	0x14053c418	1	0			
0x1401533e5	0x14015342a	0x140532ba4	1	4	0x140153330	0x1401533e5	0x14053c418
0x14015342a	0x140153446	0x140532bb8	1	4	0x140153330	0x1401533e5	0x14053c418
0x140153450	0x14015358a	0x14053bde0	1	0			
0x14015358a	0x1401535ca	0x140532b80	1	4	0x140153450	0x14015358a	0x14053bde0
0x1401535ca	0x140153676	0x140532b94	1	4	0x140153450	0x14015358a	0x14053bde0
0x140153680	0x140153735	0x14053c418	1	0			
0x140153735	0x14015377a	0x140532bc8	1	4	0x140153680	0x140153735	0x14053c418
0x14015377a	0x140153796	0x140532bdc	1	4	0x140153680	0x140153735	0x14053c418
0x1401537a0	0x140153855	0x14053c418	1	0			
0x140153855	0x14015389a	0x140532bec	1	4	0x1401537a0	0x140153855	0x14053c418
0x14015389a	0x1401538b6	0x140532c00	1	4	0x1401537a0	0x140153855	0x14053c418
0x1401538c0	0x1401538ed	0x14053c418	1	0			
0x1401538ed	0x1401539b2	0x140532aa8	1	4	0x1401538c0	0x1401538ed	0x14053c418
0x1401539b2	0x140153a0b	0x140532ac0	1	4	0x1401538c0	0x1401538ed	0x14053c418
0x140153a10	0x140153a3d	0x14053c418	1	0			
0x140153a3d	0x140153ac6	0x140532af4	1	4	0x140153a10	0x140153a3d	0x14053c418
0x140153ac6	0x140153b1c	0x140532b08	1	4	0x140153a10	0x140153a3d	0x14053c418
0x140153b20	0x140153b4d	0x14053c418	1	0			
0x140153b4d	0x140153bd6	0x140532ad0	1	4	0x140153b20	0x140153b4d	0x14053c418
0x140153bd6	0x140153c2c	0x140532ae4	1	4	0x140153b20	0x140153b4d	0x14053c418
0x140153c30	0x140153e45	0x14053c418	1	0			
0x140153e50	0x14015404a	0x14054854c	1	0			
0x140154050	0x140154284	0x1405463d4	1	0			
0x140154290	0x1401542d9	0x140532b28	1	0			
0x1401542d9	0x140154404	0x140532b38	1	4	0x140154290	0x1401542d9	0x140532b28
0x140154404	0x1401545dc	0x140532b4c	1	4	0x140154290	0x1401542d9	0x140532b28
0x1401545dc	0x14015467f	0x140532b5c	1	4	0x140154404	0x1401545dc	0x140532b4c
0x14015467f	0x1401547e3	0x140532b70	1	4	0x140154404	0x1401545dc	0x140532b4c
0x1401547f0	0x140154801	0x140545b9c	1	0			
0x140154801	0x140154dc4	0x140532a20	1	4	0x1401547f0	0x140154801	0x140545b9c
0x140154dc4	0x140154e04	0x140532a3c	1	4	0x1401547f0	0x140154801	0x140545b9c
0x140154e10	0x140154ee6	0x14053c418	1	0			
0x140154ee6	0x140154f39	0x1405329fc	1	4	0x140154e10	0x140154ee6	0x14053c418
0x140154f39	0x140154f5a	0x140532a10	1	4	0x140154e10	0x140154ee6	0x14053c418
0x140154f60	0x140154fdd	0x14053c418	1	0			
0x140154fdd	0x14015501f	0x1405329d8	1	4	0x140154f60	0x140154fdd	0x14053c418
0x14015501f	0x140155025	0x1405329ec	1	4	0x140154f60	0x140154fdd	0x14053c418
0x140155030	0x1401552e9	0x140532a4c	1	0			
0x1401552e9	0x1401553cc	0x140532c10	1	4	0x140155030	0x1401552e9	0x140532a4c
0x1401553cc	0x140155401	0x140532c24	1	4	0x140155030	0x1401552e9	0x140532a4c
0x140155410	0x140155474	0x14053c418	1	0			
0x140155480	0x1401554d3	0x14053c418	1	0			
0x1401554e0	0x14015568a	0x140532a4c	1	0			
0x140155690	0x14015580f	0x14054854c	1	0			
0x140155810	0x140155821	0x140545b9c	1	0			
0x140155821	0x140155834	0x140532a58	1	4	0x140155810	0x140155821	0x140545b9c
0x140155834	0x140155bb8	0x140532a6c	1	4	0x140155821	0x140155834	0x140532a58
0x140155bb8	0x140155c2f	0x140532a84	1	4	0x140155821	0x140155834	0x140532a58
0x140155c2f	0x140155c4b	0x140532a98	1	4	0x140155810	0x140155821	0x140545b9c
0x140155c50	0x140155e78	0x14054854c	1	0			
0x140155e80	0x140155f09	0x14053c418	1	0			
0x140155f09	0x140155f50	0x1405329b4	1	4	0x140155e80	0x140155f09	0x14053c418
0x140155f50	0x14015602b	0x1405329c8	1	4	0x140155e80	0x140155f09	0x14053c418
0x140156030	0x140156233	0x1405463d4	1	0			
0x1401562e0	0x1401565ff	0x140532b18	1	0			
0x140156600	0x1401566bd	0x14053c418	1	0			
0x1401566bd	0x1401566ff	0x140532990	1	4	0x140156600	0x1401566bd	0x14053c418
0x1401566ff	0x140156705	0x1405329a4	1	4	0x140156600	0x1401566bd	0x14053c418
0x140156710	0x14015677b	0x14053c418	1	0			
0x1401567e0	0x140156923	0x1405463d4	1	0			
0x140156930	0x140156952	0x140528d7c	1	0			
0x140156952	0x140156988	0x140532c44	1	4	0x140156930	0x140156952	0x140528d7c
0x140156988	0x140156ade	0x140532c58	1	4	0x140156930	0x140156952	0x140528d7c
0x140156ade	0x140156b28	0x140532c58	1	4	0x140156930	0x140156952	0x140528d7c
0x140156b28	0x140156b6c	0x140532c58	1	4	0x140156930	0x140156952	0x140528d7c
0x140156b6c	0x140156b99	0x140532c58	1	4	0x140156930	0x140156952	0x140528d7c
0x140156b99	0x140156bd2	0x140532c58	1	4	0x140156930	0x140156952	0x140528d7c
0x140156bd2	0x140156c05	0x140532c58	1	4	0x140156930	0x140156952	0x140528d7c
0x140156c05	0x140156c22	0x140532c58	1	4	0x140156930	0x140156952	0x140528d7c
0x140156c22	0x140156c2f	0x140532c58	1	4	0x140156930	0x140156952	0x140528d7c
0x140156cf0	0x140156dc7	0x1405463d4	1	0			
0x140156dd0	0x140156e07	0x14053c418	1	0			
0x140156e10	0x140156e70	0x14054854c	1	0			
0x140156e70	0x140156f55	0x14052d9ec	1	3			
0x140156f60	0x14015719b	0x1405328b0	1	3			
0x1401571a0	0x1401572b1	0x140525f58	1	0			
0x1401572c0	0x1401572fa	0x1405463d4	1	0			
0x140157300	0x1401573ff	0x140532c74	1	3			
0x140157400	0x1401574b5	0x140526458	1	0			
0x1401574c0	0x140157502	0x14053c418	1	0			
0x140157502	0x140157521	0x140532948	1	4	0x1401574c0	0x140157502	0x14053c418
0x140157521	0x140157527	0x14053295c	1	4	0x1401574c0	0x140157502	0x14053c418
0x140157540	0x140157609	0x1405255c0	1	0			
0x140157610	0x1401576a2	0x14053c418	1	0			
0x1401576b0	0x1401576db	0x14053c418	1	0			
0x1401576e0	0x140157746	0x14053c418	1	0			
0x140157750	0x140157787	0x14054e970	1	0			
0x140157787	0x140157815	0x140532924	1	4	0x140157750	0x140157787	0x14054e970
0x140157815	0x140157851	0x140532938	1	4	0x140157750	0x140157787	0x14054e970
0x140157860	0x1401578a7	0x1405463d4	1	0			
0x1401578d0	0x14015791e	0x14053c418	1	0			
0x140157920	0x140157979	0x14053c418	1	0			
0x140157980	0x1401579d9	0x14053c418	1	0			
0x140157a10	0x14015852e	0x14052e3a4	1	0			
0x140158570	0x1401585a1	0x140536ae4	1	0			
0x1401585a1	0x140158626	0x14053296c	1	4	0x140158570	0x1401585a1	0x140536ae4
0x140158626	0x140158631	0x140532980	1	4	0x140158570	0x1401585a1	0x140536ae4
0x140158640	0x140158a1a	0x14053bde0	1	0			
0x140158a90	0x14015926c	0x140532908	1	0			
0x140159270	0x140159378	0x140535960	1	3			
0x1401593b0	0x14015955f	0x14053af04	1	3			
0x140159560	0x140159622	0x140532cec	1	3			
0x140159622	0x14015968e	0x140532d08	1	4	0x140159560	0x140159622	0x140532cec
0x14015968e	0x140159848	0x140532d1c	1	4	0x140159560	0x140159622	0x140532cec
0x140159870	0x1401598fe	0x14054f8f4	1	0			
0x140159900	0x1401599d1	0x14054854c	1	0			
0x1401599e0	0x140159b27	0x14053c418	1	0			
0x140159dd0	0x140159e18	0x140545b9c	1	0			
0x140159e20	0x140159e5a	0x140538250	1	0			
0x140159e60	0x140159f50	0x140533a64	1	3			
0x140159f50	0x140159fb3	0x14053c418	1	0			
0x140159fc0	0x14015a025	0x14053c418	1	0			
0x14015a030	0x14015a169	0x140532364	1	3			
0x14015a170	0x14015a1cd	0x1405463d4	1	0			
0x14015a250	0x14015a27b	0x14053c418	1	0			
0x14015a27b	0x14015a2d4	0x140532cbc	1	4	0x14015a250	0x14015a27b	0x14053c418
0x14015a2d4	0x14015a3aa	0x140532cd4	1	4	0x14015a250	0x14015a27b	0x14053c418
0x14015a3aa	0x14015a3cc	0x140532cd4	1	4	0x14015a250	0x14015a27b	0x14053c418
0x14015a3cc	0x14015a3ee	0x140532cd4	1	4	0x14015a250	0x14015a27b	0x14053c418
0x14015a3ee	0x14015a414	0x140532cd4	1	4	0x14015a250	0x14015a27b	0x14053c418
0x14015a420	0x14015a88c	0x140532c88	1	0			
0x14015a8b0	0x14015a912	0x140532c6c	1	0			
0x14015a920	0x14015a983	0x140532d60	1	2			
0x14015a9b0	0x14015aa24	0x1405463d4	1	0			
0x14015aa30	0x14015aba0	0x140532d90	1	3			
0x14015aba0	0x14015acef	0x140532de8	1	3			
0x14015ad40	0x14015ad9d	0x14053c418	1	0			
0x14015ada0	0x14015adfd	0x14053c418	1	0			
0x14015ae00	0x14015ae0e	0x14054f8f4	1	0			
0x14015ae0e	0x14015ae3c	0x140532f0c	1	4	0x14015ae00	0x14015ae0e	0x14054f8f4
0x14015ae3c	0x14015ae41	0x140532f24	1	4	0x14015ae00	0x14015ae0e	0x14054f8f4
0x14015ae50	0x14015ae9f	0x14053c418	1	0			
0x14015aea0	0x14015af07	0x140532c6c	1	0			
0x14015af10	0x14015afc6	0x14053bbc0	1	0			
0x14015afd0	0x14015b07c	0x14053bbc0	1	0			
0x14015b080	0x14015b185	0x1405255c0	1	0			
0x14015b190	0x14015b316	0x140532e40	1	0			
0x14015b320	0x14015b438	0x14053c418	1	0			
0x14015b440	0x14015b6c6	0x1405255c0	1	0			
0x14015b6d0	0x14015b8c9	0x140545b9c	1	0			
0x14015b8d0	0x14015ba37	0x140532e50	1	0			
0x14015ba37	0x14015bc13	0x140532e60	1	4	0x14015b8d0	0x14015ba37	0x140532e50
0x14015bc13	0x14015bdee	0x140532e9c	1	4	0x14015b8d0	0x14015ba37	0x140532e50
0x14015bdf0	0x14015bec8	0x140532e50	1	0			
0x14015bec8	0x14015c0ce	0x140532eac	1	4	0x14015bdf0	0x14015bec8	0x140532e50
0x14015c0ce	0x14015c0f1	0x140532ee8	1	4	0x14015bdf0	0x14015bec8	0x140532e50
0x14015c0f1	0x14015c186	0x140532efc	1	4	0x14015bdf0	0x14015bec8	0x140532e50
0x14015c190	0x14015c229	0x14053c418	1	0			
0x14015c230	0x14015c2f0	0x1405463d4	1	0			
0x14015c2f0	0x14015c3b3	0x140530260	1	3			
0x14015c3c0	0x14015c3ce	0x14054f8f4	1	0			
0x14015c3ce	0x14015c3fc	0x140532f34	1	4	0x14015c3c0	0x14015c3ce	0x14054f8f4
0x14015c3fc	0x14015c401	0x140532f4c	1	4	0x14015c3c0	0x14015c3ce	0x14054f8f4
0x14015c410	0x14015c447	0x14053c418	1	0			
0x14015c450	0x14015c63f	0x1405345d4	1	3			
0x14015c640	0x14015c70c	0x1405334fc	1	2			
0x14015c710	0x14015c9a0	0x140532f94	1	2			
0x14015c9c0	0x14015cb50	0x1405330b8	1	3			
0x14015cba0	0x14015cbe9	0x1405463d4	1	0			
0x14015cbf0	0x14015cc24	0x1405463d4	1	0			
0x14015cc30	0x14015cc53	0x14052129c	1	0			
0x14015cc53	0x14015cc6e	0x140533338	1	4	0x14015cc30	0x14015cc53	0x14052129c
0x14015cc6e	0x14015cd27	0x14053334c	1	4	0x14015cc53	0x14015cc6e	0x140533338
0x14015cd27	0x14015cd3c	0x140533364	1	4	0x14015cc53	0x14015cc6e	0x140533338
0x14015cd3c	0x14015cd5a	0x140533374	1	4	0x14015cc30	0x14015cc53	0x14052129c
0x14015cd60	0x14015cd83	0x14052129c	1	0			
0x14015cd83	0x14015cd9e	0x140533384	1	4	0x14015cd60	0x14015cd83	0x14052129c
0x14015cd9e	0x14015ce57	0x140533398	1	4	0x14015cd83	0x14015cd9e	0x140533384
0x14015ce57	0x14015ce6c	0x1405333b0	1	4	0x14015cd83	0x14015cd9e	0x140533384
0x14015ce6c	0x14015ce8a	0x1405333c0	1	4	0x14015cd60	0x14015cd83	0x14052129c
0x14015ce90	0x14015ceb3	0x14052129c	1	0			
0x14015ceb3	0x14015cece	0x1405332ec	1	4	0x14015ce90	0x14015ceb3	0x14052129c
0x14015cece	0x14015cf87	0x140533300	1	4	0x14015ceb3	0x14015cece	0x1405332ec
0x14015cf87	0x14015cf9c	0x140533318	1	4	0x14015ceb3	0x14015cece	0x1405332ec
0x14015cf9c	0x14015cfba	0x140533328	1	4	0x14015ce90	0x14015ceb3	0x14052129c
0x14015cfc0	0x14015d20a	0x1405333d0	1	3			
0x14015d210	0x14015d269	0x140545b9c	1	0			
0x14015d270	0x14015d53e	0x1405235c4	1	0			
0x14015d540	0x14015d60e	0x14053c418	1	0			
0x14015d60e	0x14015d61f	0x140533274	1	4	0x14015d540	0x14015d60e	0x14053c418
0x14015d61f	0x14015d751	0x14053328c	1	4	0x14015d60e	0x14015d61f	0x140533274
0x14015d751	0x14015d80b	0x1405332a4	1	4	0x14015d60e	0x14015d61f	0x140533274
0x14015d80b	0x14015d811	0x1405332b8	1	4	0x14015d540	0x14015d60e	0x14053c418
0x14015d820	0x14015d8ad	0x140533234	1	3			
0x14015d8ad	0x14015d9a8	0x140533248	1	4	0x14015d820	0x14015d8ad	0x140533234
0x14015d9a8	0x14015db94	0x140533264	1	4	0x14015d820	0x14015d8ad	0x140533234
0x14015dba0	0x14015dc75	0x140545b9c	1	0			
0x14015dc80	0x14015dcf2	0x140533410	1	0			
0x14015dcf2	0x14015df32	0x14053341c	1	4	0x14015dc80	0x14015dcf2	0x140533410
0x14015df32	0x14015df56	0x140533438	1	4	0x14015dc80	0x14015dcf2	0x140533410
0x14015df60	0x14015e035	0x140545b9c	1	0			
0x14015e040	0x14015e0d4	0x1405482bc	1	0			
0x14015e0d4	0x14015e3bd	0x1405333e8	1	4	0x14015e040	0x14015e0d4	0x1405482bc
0x14015e3bd	0x14015e3e6	0x140533400	1	4	0x14015e040	0x14015e0d4	0x1405482bc
0x14015e3f0	0x14015e490	0x14053c418	1	0			
0x14015e4f0	0x14015e57b	0x14053c418	1	0			
0x14015e580	0x14015e5a0	0x14053c418	1	0			
0x14015e5a0	0x14015e604	0x1405332c8	1	4	0x14015e580	0x14015e5a0	0x14053c418
0x14015e604	0x14015e622	0x1405332dc	1	4	0x14015e580	0x14015e5a0	0x14053c418
0x14015e630	0x14015e6a8	0x14053c418	1	0			
0x14015e6b0	0x14015e705	0x14053c418	1	0			
0x14015e710	0x14015e83a	0x140535d70	1	3			
0x14015e840	0x14015ed69	0x140533218	1	0			
0x14015efa0	0x14015f44d	0x140533448	1	0			
0x14015f450	0x14015f562	0x140538778	1	0			
0x14015f700	0x14015f8f8	0x1405330d8	1	3			
0x14015f900	0x14015f944	0x140532f5c	1	0			
0x14015f944	0x14015fccb	0x140532f70	1	4	0x14015f900	0x14015f944	0x140532f5c
0x14015fccb	0x14015fcfc	0x140532f84	1	4	0x14015f900	0x14015f944	0x140532f5c
0x14015fd00	0x14015fd7c	0x1405463d4	1	0			
0x14015fd80	0x14015fe38	0x14053bbc0	1	0			
0x14015fe40	0x14015fef7	0x14053bbc0	1	0			
0x14015ff00	0x14015ff45	0x14053e570	1	0			
0x14015ff45	0x14015ffe2	0x140533130	1	4	0x14015ff00	0x14015ff45	0x14053e570
0x14015ffe2	0x140160084	0x140533148	1	4	0x14015ff00	0x14015ff45	0x14053e570
0x140160084	0x1401600c5	0x14053315c	1	4	0x14015ff00	0x14015ff45	0x14053e570
0x1401600d0	0x140160228	0x14052a1d4	1	0			
0x140160250	0x14016044c	0x14053316c	1	3			
0x140160470	0x1401604d0	0x14053c418	1	0			
0x1401604d0	0x140160718	0x1405463d4	1	0			
0x140160760	0x1401613d8	0x140533184	1	3			
0x140161530	0x14016183d	0x14054f6d0	1	0			
0x140161840	0x140162008	0x1405331bc	1	3			
0x140162010	0x14016207e	0x140533478	1	3			
0x14016207e	0x1401620f9	0x14053348c	1	4	0x140162010	0x14016207e	0x140533478
0x1401620f9	0x140162114	0x1405334b4	1	4	0x140162010	0x14016207e	0x140533478
0x140162114	0x140162138	0x1405334a0	1	4	0x140162010	0x14016207e	0x140533478
0x140162138	0x14016213c	0x1405334b4	1	4	0x140162010	0x14016207e	0x140533478
0x140162140	0x140162286	0x140533464	1	3			
0x1401622c0	0x1401623bb	0x1405255c0	1	0			
0x1401623c0	0x140162471	0x140526458	1	0			
0x140162480	0x1401624d2	0x14054f6d0	1	0			
0x1401624d2	0x14016264b	0x1405331f4	1	4	0x140162480	0x1401624d2	0x14054f6d0
0x14016264b	0x1401626b9	0x140533208	1	4	0x140162480	0x1401624d2	0x14054f6d0
0x1401626c0	0x140162871	0x1405334c4	1	3			
0x140162890	0x140162951	0x1405334e8	1	3			
0x140162960	0x140162b10	0x140535d70	1	3			
0x140162b10	0x140162b76	0x140530260	1	3			
0x140162b80	0x140162cca	0x14052aa5c	1	3			
0x140162da0	0x140162e19	0x14053c418	1	0			
0x140162e40	0x140162e97	0x1405463d4	1	0			
0x140162ea0	0x14016309c	0x140533580	1	0			
0x1401630a0	0x14016311a	0x14053358c	1	3			
0x14016311a	0x1401632bb	0x1405335a0	1	4	0x1401630a0	0x14016311a	0x14053358c
0x1401632bb	0x1401632d6	0x1405335b4	1	4	0x1401630a0	0x14016311a	0x14053358c
0x140163330	0x140163372	0x14053c418	1	0			
0x140163380	0x1401633d1	0x14053c418	1	0			
0x1401633e0	0x14016354d	0x140533530	1	3			
0x140163560	0x140163666	0x140533a64	1	3			
0x140163670	0x14016373c	0x14053374c	1	2			
0x140163740	0x1401638a4	0x1405335c4	1	2			
0x1401638b0	0x140163937	0x140533638	1	3			
0x140163950	0x140163984	0x1405463d4	1	0			
0x140163990	0x1401639c0	0x140528d7c	1	0			
0x1401639c0	0x1401639ea	0x1405336f4	1	4	0x140163990	0x1401639c0	0x140528d7c
0x1401639ea	0x1401639fd	0x140533708	1	4	0x140163990	0x1401639c0	0x140528d7c
0x140163a00	0x140163a5b	0x1405463d4	1	0			
0x140163a60	0x140163aa9	0x140528d7c	1	0			
0x140163aa9	0x140163ad6	0x1405336d0	1	4	0x140163a60	0x140163aa9	0x140528d7c
0x140163ad6	0x140163b1c	0x1405336e4	1	4	0x140163a60	0x140163aa9	0x140528d7c
0x140163b20	0x140163d0a	0x1405336b8	1	0			
0x140163d10	0x140163ee6	0x140545b9c	1	0			
0x140163ef0	0x140163fb2	0x14053bbc0	1	0			
0x140163fc0	0x1401640c1	0x14053af04	1	3			
0x1401640d0	0x140164133	0x140538660	1	3			
0x140164133	0x1401641a7	0x140533728	1	4	0x1401640d0	0x140164133	0x140538660
0x1401641a7	0x1401641f7	0x14053373c	1	4	0x1401640d0	0x140164133	0x140538660
0x140164200	0x1401642a8	0x140533718	1	3			
0x1401642b0	0x1401642ef	0x14053c418	1	0			
0x1401642f0	0x140164341	0x14053c418	1	0			
0x140164350	0x14016439e	0x140545b9c	1	0			
0x1401643a0	0x1401646bc	0x140533650	1	3			
0x1401646e0	0x1401647b4	0x14053bde0	1	0			
0x1401647c0	0x14016488c	0x140533b8c	1	2			
0x140164890	0x140164af5	0x140533780	1	2			
0x140164b00	0x140164c13	0x140533858	1	3			
0x140164c50	0x140164c84	0x1405463d4	1	0			
0x140164c90	0x140164def	0x140533a64	1	3			
0x140164def	0x140164e72	0x140533a78	1	4	0x140164c90	0x140164def	0x140533a64
0x140164e72	0x140164e8b	0x140533a8c	1	4	0x140164c90	0x140164def	0x140533a64
0x140164e90	0x140164ec2	0x14053dc0c	1	0			
0x140164ec2	0x140164f5a	0x1405339f8	1	4	0x140164e90	0x140164ec2	0x14053dc0c
0x140164f5a	0x1401650bc	0x140533a0c	1	4	0x140164e90	0x140164ec2	0x14053dc0c
0x1401650c0	0x1401650ed	0x140545b9c	1	0			
0x1401650ed	0x1401651aa	0x140533a1c	1	4	0x1401650c0	0x1401650ed	0x140545b9c
0x1401651aa	0x1401651ef	0x140533a30	1	4	0x1401650c0	0x1401650ed	0x140545b9c
0x1401651f0	0x140165225	0x140545b9c	1	0			
0x140165225	0x1401652e2	0x140533a40	1	4	0x1401651f0	0x140165225	0x140545b9c
0x1401652e2	0x140165327	0x140533a54	1	4	0x1401651f0	0x140165225	0x140545b9c
0x140165330	0x140165355	0x140532a4c	1	0			
0x140165355	0x1401653a9	0x1405339d4	1	4	0x140165330	0x140165355	0x140532a4c
0x1401653a9	0x14016547d	0x1405339e8	1	4	0x140165330	0x140165355	0x140532a4c
0x140165480	0x140165563	0x14053c418	1	0			
0x140165570	0x1401655fd	0x14053c418	1	0			
0x140165600	0x1401657d3	0x1405251f0	1	3			
0x1401657e0	0x140165881	0x140533958	1	3			
0x140165881	0x140165889	0x140533970	1	4	0x1401657e0	0x140165881	0x140533958
0x140165889	0x1401659bb	0x140533984	1	4	0x140165881	0x140165889	0x140533970
0x1401659bb	0x1401659e1	0x14053399c	1	4	0x140165881	0x140165889	0x140533970
0x1401659e1	0x140165a12	0x1405339b0	1	4	0x1401657e0	0x140165881	0x140533958
0x140165a12	0x140165a40	0x1405339c4	1	4	0x1401657e0	0x140165881	0x140533958
0x140165bd0	0x140165c58	0x14053c418	1	0			
0x140165ce0	0x140165ed7	0x140533878	1	3			
0x140165ee0	0x140165f4b	0x1405463d4	1	0			
0x140165f50	0x140166008	0x14053bbc0	1	0			
0x140166010	0x1401660c7	0x14053bbc0	1	0			
0x140166100	0x14016622a	0x140545b9c	1	0			
0x140166230	0x1401662f9	0x14053c418	1	0			
0x1401663e0	0x140166531	0x1405338c8	1	0			
0x140166531	0x140166970	0x1405338e0	1	4	0x1401663e0	0x140166531	0x1405338c8
0x140166970	0x14016698a	0x1405338f8	1	4	0x1401663e0	0x140166531	0x1405338c8
0x140166a60	0x140166ae7	0x140533908	1	3			
0x140166ae7	0x140166e9b	0x14053391c	1	4	0x140166a60	0x140166ae7	0x140533908
0x140166e9b	0x140166eda	0x140533934	1	4	0x140166a60	0x140166ae7	0x140533908
0x140166eda	0x140166f20	0x140533948	1	4	0x140166a60	0x140166ae7	0x140533908
0x140166f50	0x140167060	0x140533a9c	1	0			
0x140167060	0x1401670e6	0x14053c418	1	0			
0x1401670f0	0x1401672ff	0x140533b30	1	3			
0x140167300	0x140167385	0x140545b9c	1	0			
0x140167390	0x1401674e2	0x140530688	1	0			
0x1401674f0	0x140167560	0x14053c418	1	0			
0x140167560	0x140167791	0x140533b6c	1	3			
0x1401677a0	0x140167831	0x1405282c4	1	3			
0x140167831	0x1401678de	0x140533ab0	1	4	0x1401677a0	0x140167831	0x1405282c4
0x1401678de	0x1401678f7	0x140533ac4	1	4	0x1401677a0	0x140167831	0x1405282c4
0x140167900	0x140167991	0x1405282c4	1	3			
0x140167991	0x140167a47	0x140533ad4	1	4	0x140167900	0x140167991	0x1405282c4
0x140167a47	0x140167a60	0x140533ae8	1	4	0x140167900	0x140167991	0x1405282c4
0x140167a60	0x140167ae8	0x140533af8	1	3			
0x140167ae8	0x140167b48	0x140533b0c	1	4	0x140167a60	0x140167ae8	0x140533af8
0x140167b48	0x140167b61	0x140533b20	1	4	0x140167a60	0x140167ae8	0x140533af8
0x140167b70	0x140167d02	0x14052db10	1	3			
0x140167d10	0x140167db1	0x1405282c4	1	3			
0x140167db1	0x140167e67	0x140533b48	1	4	0x140167d10	0x140167db1	0x1405282c4
0x140167e67	0x140167e80	0x140533b5c	1	4	0x140167d10	0x140167db1	0x1405282c4
0x140167e80	0x140167ebd	0x14053c418	1	0			
0x140167ec0	0x140167ef3	0x14053c418	1	0			
0x140167f10	0x140168006	0x14053ad6c	1	0			
0x140168010	0x1401680e6	0x14053c418	1	0			
0x1401680f0	0x14016812d	0x14053c418	1	0			
0x140168150	0x140168219	0x140534664	1	2			
0x140168220	0x1401685fd	0x140533bc0	1	2			
0x140168600	0x1401687f9	0x140533e18	1	3			
0x140168840	0x140168874	0x1405463d4	1	0			
0x140168880	0x1401689d6	0x1405345b8	1	3			
0x1401689e0	0x140168b00	0x140535d70	1	3			
0x140168b00	0x140168ec3	0x14053458c	1	3			
0x140168ed0	0x140168f45	0x140533a64	1	3			
0x140168f50	0x140168f86	0x14054300c	1	3			
0x140168f86	0x140168fd1	0x1405345f0	1	4	0x140168f50	0x140168f86	0x14054300c
0x140168fd1	0x14016905e	0x140534608	1	4	0x140168f50	0x140168f86	0x14054300c
0x140169060	0x140169093	0x140533f90	1	3			
0x140169093	0x14016a102	0x140533fa4	1	4	0x140169060	0x140169093	0x140533f90
0x14016a102	0x14016a2b4	0x140533fd0	1	4	0x140169093	0x14016a102	0x140533fa4
0x14016a2b4	0x14016a30c	0x140533ff0	1	4	0x140169093	0x14016a102	0x140533fa4
0x14016a30c	0x14016a404	0x140534000	1	4	0x140169060	0x140169093	0x140533f90
0x14016a410	0x14016a455	0x140534010	1	3			
0x14016a455	0x14016ac28	0x140534028	1	4	0x14016a410	0x14016a455	0x140534010
0x14016ac28	0x14016ad3c	0x14053404c	1	4	0x14016a410	0x14016a455	0x140534010
0x14016ad50	0x14016ae48	0x1405463d4	1	0			
0x14016ae50	0x14016b3bc	0x14053c418	1	0			
0x14016b3c0	0x14016b3ef	0x140534144	1	0			
0x14016b3ef	0x14016b5d5	0x140534150	1	4	0x14016b3c0	0x14016b3ef	0x140534144
0x14016b5d5	0x14016b684	0x14053416c	1	4	0x14016b3ef	0x14016b5d5	0x140534150
0x14016b684	0x14016b69e	0x140534180	1	4	0x14016b3ef	0x14016b5d5	0x140534150
0x14016b69e	0x14016b6a7	0x140534190	1	4	0x14016b3c0	0x14016b3ef	0x140534144
0x14016b6a7	0x14016b7dc	0x1405341b0	1	4	0x14016b3c0	0x14016b3ef	0x140534144
0x14016b7dc	0x14016b81d	0x1405341cc	1	4	0x14016b3c0	0x14016b3ef	0x140534144
0x14016b820	0x14016b96f	0x14053c418	1	0			
0x14016b970	0x14016ba32	0x14053c418	1	0			
0x14016ba40	0x14016ba9b	0x14053c418	1	0			
0x14016ba9b	0x14016bacb	0x140534368	1	4	0x14016ba40	0x14016ba9b	0x14053c418
0x14016bacb	0x14016baf1	0x14053437c	1	4	0x14016ba40	0x14016ba9b	0x14053c418
0x14016bb00	0x14016bbc2	0x14053c418	1	0			
0x14016bbd0	0x14016bc3e	0x14053c418	1	0			
0x14016bc40	0x14016bcae	0x14053c418	1	0			
0x14016bcb0	0x14016bdab	0x140545b9c	1	0			
0x14016bdb0	0x14016bf09	0x14053c418	1	0			
0x14016bf10	0x14016bfac	0x14053c418	1	0			
0x14016bfb0	0x14016c04c	0x14053c418	1	0			
0x14016c050	0x14016c107	0x14053c418	1	0			
0x14016c110	0x14016c1a8	0x14053c418	1	0			
0x14016c1b0	0x14016c200	0x140534144	1	0			
0x14016c200	0x14016c3cc	0x1405340b8	1	4	0x14016c1b0	0x14016c200	0x140534144
0x14016c3cc	0x14016c47b	0x1405340d4	1	4	0x14016c200	0x14016c3cc	0x1405340b8
0x14016c47b	0x14016c495	0x1405340e8	1	4	0x14016c200	0x14016c3cc	0x1405340b8
0x14016c495	0x14016c49e	0x1405340f8	1	4	0x14016c1b0	0x14016c200	0x140534144
0x14016c49e	0x14016c5f8	0x140534118	1	4	0x14016c1b0	0x14016c200	0x140534144
0x14016c5f8	0x14016c639	0x140534134	1	4	0x14016c1b0	0x14016c200	0x140534144
0x14016c640	0x14016c8d9	0x14053449c	1	0			
0x14016c8d9	0x14016c92e	0x1405344b4	1	4	0x14016c640	0x14016c8d9	0x14053449c
0x14016c92e	0x14016ca2d	0x1405344c8	1	4	0x14016c640	0x14016c8d9	0x14053449c
0x14016ca30	0x14016ca60	0x140534280	1	3			
0x14016ca60	0x14016cd5a	0x140534294	1	4	0x14016ca30	0x14016ca60	0x140534280
0x14016cd5a	0x14016cd82	0x1405342b0	1	4	0x14016ca60	0x14016cd5a	0x140534294
0x14016cd82	0x14016ce8c	0x1405342c4	1	4	0x14016cd5a	0x14016cd82	0x1405342b0
0x14016ce8c	0x14016cec8	0x1405342d8	1	4	0x14016cd5a	0x14016cd82	0x1405342b0
0x14016cec8	0x14016ceef	0x1405342e8	1	4	0x14016ce8c	0x14016cec8	0x1405342d8
0x14016ceef	0x14016cf4f	0x1405342fc	1	4	0x14016cec8	0x14016ceef	0x1405342e8
0x14016cf4f	0x14016cf6a	0x140534310	1	4	0x14016cec8	0x14016ceef	0x1405342e8
0x14016cf6a	0x14016cf77	0x140534320	1	4	0x14016ce8c	0x14016cec8	0x1405342d8
0x14016cf77	0x14016cfc8	0x140534338	1	4	0x14016ce8c	0x14016cec8	0x1405342d8
0x14016cfc8	0x14016d171	0x140534348	1	4	0x14016ca60	0x14016cd5a	0x140534294
0x14016d171	0x14016d1a4	0x140534358	1	4	0x14016ca30	0x14016ca60	0x140534280
0x14016d1b0	0x14016d2cd	0x14053c418	1	0			
0x14016d2d0	0x14016d374	0x14053c418	1	0			
0x14016d380	0x14016d3f4	0x14053c418	1	0			
0x14016d400	0x14016d4a4	0x14053c418	1	0			
0x14016d4b0	0x14016d4c8	0x140534958	1	0			
0x14016d4c8	0x14016d526	0x140534240	1	4	0x14016d4b0	0x14016d4c8	0x140534958
0x14016d526	0x14016d5b0	0x140534258	1	4	0x14016d4b0	0x14016d4c8	0x140534958
0x14016d5b0	0x14016d5ce	0x140534258	1	4	0x14016d4b0	0x14016d4c8	0x140534958
0x14016d5ce	0x14016d6d0	0x140534258	1	4	0x14016d4b0	0x14016d4c8	0x140534958
0x14016d6d0	0x14016d75a	0x140534270	1	4	0x14016d4b0	0x14016d4c8	0x140534958
0x14016d760	0x14016d7de	0x140545b9c	1	0			
0x14016d7de	0x14016d851	0x14053438c	1	4	0x14016d760	0x14016d7de	0x140545b9c
0x14016d851	0x14016d86a	0x1405343a4	1	4	0x14016d760	0x14016d7de	0x140545b9c
0x14016d86a	0x14016d8b7	0x1405343bc	1	4	0x14016d851	0x14016d86a	0x1405343a4
0x14016d8b7	0x14016d8c9	0x1405343d0	1	4	0x14016d851	0x14016d86a	0x1405343a4
0x14016d8c9	0x14016d8cf	0x1405343e0	1	4	0x14016d760	0x14016d7de	0x140545b9c
0x14016d8cf	0x14016d8ef	0x1405343a4	1	4	0x14016d760	0x14016d7de	0x140545b9c
0x14016d8ef	0x14016d9cc	0x1405343e0	1	4	0x14016d760	0x14016d7de	0x140545b9c
0x14016d9d0	0x14016daed	0x14053c418	1	0			
0x14016daf0	0x14016db08	0x14054e970	1	0			
0x14016db08	0x14016db54	0x1405341dc	1	4	0x14016daf0	0x14016db08	0x14054e970
0x14016db54	0x14016dbeb	0x1405341f0	1	4	0x14016daf0	0x14016db08	0x14054e970
0x14016dbeb	0x14016dc45	0x1405341f0	1	4	0x14016daf0	0x14016db08	0x14054e970
0x14016dc45	0x14016dcb2	0x140534204	1	4	0x14016dbeb	0x14016dc45	0x1405341f0
0x14016dcb2	0x14016dced	0x14053421c	1	4	0x14016dbeb	0x14016dc45	0x1405341f0
0x14016dced	0x14016dd0d	0x140534230	1	4	0x14016daf0	0x14016db08	0x14054e970
0x14016dd10	0x14016dd28	0x14054e970	1	0			
0x14016dd28	0x14016dd74	0x1405344d8	1	4	0x14016dd10	0x14016dd28	0x14054e970
0x14016dd74	0x14016ddd9	0x1405344ec	1	4	0x14016dd10	0x14016dd28	0x14054e970
0x14016ddd9	0x14016de33	0x1405344ec	1	4	0x14016dd10	0x14016dd28	0x14054e970
0x14016de33	0x14016dea0	0x140534500	1	4	0x14016ddd9	0x14016de33	0x1405344ec
0x14016dea0	0x14016dedb	0x140534518	1	4	0x14016ddd9	0x14016de33	0x1405344ec
0x14016dedb	0x14016defb	0x14053452c	1	4	0x14016dd10	0x14016dd28	0x14054e970
0x14016df00	0x14016e013	0x1405343f0	1	0			
0x14016e013	0x14016e09a	0x1405343fc	1	4	0x14016df00	0x14016e013	0x1405343f0
0x14016e09a	0x14016e218	0x140534418	1	4	0x14016df00	0x14016e013	0x1405343f0
0x14016e220	0x14016e2cf	0x14053c418	1	0			
0x14016e2d0	0x14016e45d	0x140534080	1	0			
0x14016e45d	0x14016e502	0x14053408c	1	4	0x14016e2d0	0x14016e45d	0x140534080
0x14016e502	0x14016e615	0x1405340a8	1	4	0x14016e2d0	0x14016e45d	0x140534080
0x14016e620	0x14016e64c	0x140534428	1	3			
0x14016e64c	0x14016e726	0x140534438	1	4	0x14016e620	0x14016e64c	0x140534428
0x14016e726	0x14016e815	0x140534450	1	4	0x14016e64c	0x14016e726	0x140534438
0x14016e815	0x14016e836	0x140534464	1	4	0x14016e64c	0x14016e726	0x140534438
0x14016e836	0x14016e84c	0x14053448c	1	4	0x14016e620	0x14016e64c	0x140534428
0x14016e84c	0x14016e872	0x140534474	1	4	0x14016e620	0x14016e64c	0x140534428
0x14016e872	0x14016e88e	0x14053448c	1	4	0x14016e620	0x14016e64c	0x140534428
0x14016ea90	0x14016eb78	0x1405463d4	1	0			
0x14016eb80	0x14016ef45	0x140533e40	1	3			
0x14016ef50	0x14016ef96	0x140532f5c	1	0			
0x14016ef96	0x14016f1ed	0x14053405c	1	4	0x14016ef50	0x14016ef96	0x140532f5c
0x14016f1ed	0x14016f203	0x140534070	1	4	0x14016ef50	0x14016ef96	0x140532f5c
0x14016f210	0x14016f2d9	0x1405463d4	1	0			
0x14016f2e0	0x14016f377	0x14053c418	1	0			
0x14016f380	0x14016f5d8	0x140545b9c	1	0			
0x14016f610	0x14016f682	0x140530260	1	3			
0x14016f6b0	0x14016f764	0x140533edc	1	3			
0x14016f780	0x14016f7d4	0x140530260	1	3			
0x14016f7f0	0x14016f85d	0x140533efc	1	0			
0x14016f860	0x14016f8d5	0x140533eac	1	0			
0x14016f8e0	0x14016f92c	0x140534624	1	0			
0x14016f92c	0x14016fa31	0x14053463c	1	4	0x14016f8e0	0x14016f92c	0x140534624
0x14016fa31	0x14016fa4f	0x140534654	1	4	0x14016f8e0	0x14016f92c	0x140534624
0x14016fa50	0x14016fb04	0x140533ec0	1	3			
0x14016fb10	0x14016fbc4	0x140533ec0	1	3			
0x14016fc30	0x14016fc44	0x14054f8f4	1	0			
0x14016fc44	0x14016fc75	0x14053453c	1	4	0x14016fc30	0x14016fc44	0x14054f8f4
0x14016fc75	0x14016fca3	0x140534550	1	4	0x14016fc30	0x14016fc44	0x14054f8f4
0x14016fcb0	0x14016fd1b	0x14054e478	1	0			
0x14016fd1b	0x14016ff36	0x140533f14	1	4	0x14016fcb0	0x14016fd1b	0x14054e478
0x14016ff36	0x14016ff56	0x140533f28	1	4	0x14016fcb0	0x14016fd1b	0x14054e478
0x14016ff60	0x140170356	0x140533f38	1	3			
0x140170356	0x140170e86	0x140533f58	1	4	0x14016ff60	0x140170356	0x140533f38
0x140170e86	0x140170eaa	0x140533f80	1	4	0x14016ff60	0x140170356	0x140533f38
0x140170eb0	0x140170f95	0x1405463d4	1	0			
0x140170fb0	0x1401713eb	0x140530434	1	3			
0x1401713f0	0x14017167b	0x140534560	1	3			
0x140171680	0x1401717da	0x14054854c	1	0			
0x1401717e0	0x140171834	0x14053c418	1	0			
0x140171840	0x1401718f0	0x14053461c	1	0			
0x1401718f0	0x14017192d	0x14053c418	1	0			
0x140171930	0x140171aa5	0x14053c418	1	0			
0x140171ab0	0x140171b17	0x14054854c	1	0			
0x140171b20	0x140171c54	0x1405345d4	1	3			
0x140171c70	0x140171eaf	0x140530960	1	3			
0x140171eb0	0x1401720e5	0x140533e98	1	3			
0x140172150	0x1401721ab	0x140534698	1	2			
0x1401721d0	0x140172236	0x1405463d4	1	0			
0x140172240	0x140172379	0x1405346c0	1	3			
0x140172380	0x140172587	0x140534710	1	3			
0x140172590	0x140172604	0x140534c98	1	3			
0x140172604	0x140172849	0x14053472c	1	4	0x140172590	0x140172604	0x140534c98
0x140172849	0x14017285e	0x140534748	1	4	0x140172590	0x140172604	0x140534c98
0x140172860	0x1401728d7	0x14053c418	1	0			
0x1401728e0	0x14017293b	0x140534758	1	2			
0x140172960	0x1401729c6	0x1405463d4	1	0			
0x1401729d0	0x140172b1e	0x140534780	1	3			
0x140172b20	0x140172bd7	0x140545b9c	1	0			
0x140172be0	0x140172eb6	0x1405347d8	1	3			
0x140172ec0	0x1401730af	0x1405347f8	1	3			
0x1401730af	0x1401730fb	0x14053480c	1	4	0x140172ec0	0x1401730af	0x1405347f8
0x1401730fb	0x14017323d	0x140534824	1	4	0x140172ec0	0x1401730af	0x1405347f8
0x140173240	0x140173402	0x140534834	1	0			
0x140173410	0x140173476	0x14053c418	1	0			
0x140173480	0x1401734b6	0x14053c418	1	0			
0x1401734c0	0x140173542	0x140534848	1	2			
0x140173550	0x1401735b9	0x14053c418	1	0			
0x1401735e0	0x140173614	0x1405463d4	1	0			
0x140173620	0x140173770	0x1405348a8	1	3			
0x140173770	0x1401737d8	0x14053c418	1	0			
0x140173800	0x140173821	0x140534958	1	0			
0x140173821	0x1401738b7	0x140534960	1	4	0x140173800	0x140173821	0x140534958
0x1401738b7	0x1401738f0	0x140534978	1	4	0x140173800	0x140173821	0x140534958
0x1401738f0	0x140173a04	0x140534900	1	3			
0x140173a04	0x140173c3c	0x140534914	1	4	0x1401738f0	0x140173a04	0x140534900
0x140173c3c	0x140173c51	0x140534934	1	4	0x1401738f0	0x140173a04	0x140534900
0x140173c60	0x140173e54	0x140534944	1	3			
0x140173e60	0x140173ed7	0x14053c418	1	0			
0x140173f00	0x140173f7c	0x140534988	1	2			
0x140173f80	0x140173fe9	0x14053c418	1	0			
0x140174010	0x140174044	0x1405463d4	1	0			
0x140174050	0x14017454c	0x140534ad8	1	3			
0x140174550	0x1401745e7	0x14053c418	1	0			
0x1401745f0	0x140174740	0x1405349e8	1	3			
0x140174740	0x14017477a	0x14053c418	1	0			
0x140174790	0x140174854	0x140534a40	1	3			
0x140174854	0x1401748ec	0x140534a54	1	4	0x140174790	0x140174854	0x140534a40
0x1401748ec	0x140174a77	0x140534a68	1	4	0x140174854	0x1401748ec	0x140534a54
0x140174a77	0x140174ace	0x140534a80	1	4	0x140174854	0x1401748ec	0x140534a54
0x140174ace	0x140174cac	0x140534a94	1	4	0x140174854	0x1401748ec	0x140534a54
0x140174cac	0x140174cc0	0x140534aa4	1	4	0x140174790	0x140174854	0x140534a40
0x140174cc0	0x140174d63	0x14054300c	1	3			
0x140174d63	0x140174e1f	0x140534ab4	1	4	0x140174cc0	0x140174d63	0x14054300c
0x140174e1f	0x140174e32	0x140534ac8	1	4	0x140174cc0	0x140174d63	0x14054300c
0x140174e40	0x140174ea6	0x14053c418	1	0			
0x140175010	0x140175056	0x1405463d4	1	0			
0x140175060	0x14017510c	0x140533718	1	3			
0x140175110	0x14017517b	0x140534b1c	1	2			
0x1401751a0	0x140175206	0x1405463d4	1	0			
0x140175210	0x140175351	0x140534b48	1	3			
0x140175360	0x140175394	0x140532c6c	1	0			
0x1401753a0	0x1401753e6	0x140534958	1	0			
0x1401753e6	0x14017547c	0x140534bf4	1	4	0x1401753a0	0x1401753e6	0x140534958
0x14017547c	0x1401754e1	0x140534c0c	1	4	0x1401753a0	0x1401753e6	0x140534958
0x1401754f0	0x1401756d9	0x14053ad6c	1	0			
0x1401756e0	0x140175775	0x140534b98	1	3			
0x140175775	0x140175806	0x140534bac	1	4	0x1401756e0	0x140175775	0x140534b98
0x140175806	0x1401758d2	0x140534bc0	1	4	0x140175775	0x140175806	0x140534bac
0x1401758d2	0x140175972	0x140534bd4	1	4	0x140175775	0x140175806	0x140534bac
0x140175972	0x14017598a	0x140534be4	1	4	0x1401756e0	0x140175775	0x140534b98
0x140175990	0x140175a18	0x14053c418	1	0			
0x140175a20	0x140175a7b	0x140534c1c	1	2			
0x140175aa0	0x140175b06	0x1405463d4	1	0			
0x140175b10	0x140175c49	0x140534c48	1	3			
0x140175cc0	0x140175ec9	0x140534710	1	3			
0x140175ed0	0x140175f44	0x140534c98	1	3			
0x140175f44	0x140176193	0x140534cac	1	4	0x140175ed0	0x140175f44	0x140534c98
0x140176193	0x1401761a8	0x140534cc8	1	4	0x140175ed0	0x140175f44	0x140534c98
0x1401761b0	0x140176227	0x14053c418	1	0			
0x140176230	0x1401762f9	0x140535dec	1	2			
0x140176300	0x140176936	0x140534cd8	1	2			
0x140176940	0x140176ce3	0x140535120	1	3			
0x140176d20	0x140176d54	0x1405463d4	1	0			
0x140176d60	0x140176eff	0x140535d70	1	3			
0x140176f00	0x140176f55	0x14053c418	1	0			
0x140176f60	0x140176fb0	0x14053c418	1	0			
0x140176fb0	0x1401770a5	0x14053bde0	1	0			
0x1401770a5	0x140177123	0x140535d4c	1	4	0x140176fb0	0x1401770a5	0x14053bde0
0x140177123	0x140177174	0x140535d60	1	4	0x140176fb0	0x1401770a5	0x14053bde0
0x140177180	0x14017725d	0x14053c418	1	0			
0x140177290	0x14017735f	0x14053c418	1	0			
0x140177360	0x140177566	0x1405463d4	1	0			
0x1401775d0	0x14017772c	0x140535c44	1	3			
0x14017772c	0x140177c44	0x140535c5c	1	4	0x1401775d0	0x14017772c	0x140535c44
0x140177c44	0x140177cf3	0x140535c70	1	4	0x1401775d0	0x14017772c	0x140535c44
0x140177d00	0x140177d64	0x140535cf0	1	3			
0x140177d64	0x14017857d	0x140535d04	1	4	0x140177d00	0x140177d64	0x140535cf0
0x14017857d	0x14017865b	0x140535d1c	1	4	0x140177d00	0x140177d64	0x140535cf0
0x140178660	0x140178696	0x140535c80	1	3			
0x140178696	0x1401786b2	0x140535c94	1	4	0x140178660	0x140178696	0x140535c80
0x1401786b2	0x140178982	0x140535cac	1	4	0x140178696	0x1401786b2	0x140535c94
0x140178982	0x140178c55	0x140535cc8	1	4	0x140178696	0x1401786b2	0x140535c94
0x140178c55	0x140178c7e	0x140535ce0	1	4	0x140178660	0x140178696	0x140535c80
0x140178c80	0x140178e80	0x14053c418	1	0			
0x140178e80	0x140178f6b	0x1405463d4	1	0			
0x140178f70	0x1401796f8	0x14053c418	1	0			
0x140179700	0x1401797a3	0x14053c418	1	0			
0x1401797b0	0x140179837	0x140535960	1	3			
0x140179837	0x140179920	0x140535aac	1	4	0x1401797b0	0x140179837	0x140535960
0x140179920	0x140179b14	0x140535ac0	1	4	0x1401797b0	0x140179837	0x140535960
0x140179b20	0x140179b52	0x140535bcc	1	3			
0x140179b52	0x140179e14	0x140535bdc	1	4	0x140179b20	0x140179b52	0x140535bcc
0x140179e14	0x140179f21	0x140535bf0	1	4	0x140179b52	0x140179e14	0x140535bdc
0x140179f21	0x140179f70	0x140535c04	1	4	0x140179b52	0x140179e14	0x140535bdc
0x140179f70	0x140179fa4	0x140535c14	1	4	0x140179b20	0x140179b52	0x140535bcc
0x140179fb0	0x14017a05c	0x14053c418	1	0			
0x14017a060	0x14017a0cb	0x14053c418	1	0			
0x14017a0cb	0x14017a0f9	0x140535788	1	4	0x14017a060	0x14017a0cb	0x14053c418
0x14017a0f9	0x14017a193	0x14053579c	1	4	0x14017a060	0x14017a0cb	0x14053c418
0x14017a1a0	0x14017a2af	0x14053c418	1	0			
0x14017a2af	0x14017a2dd	0x1405357ac	1	4	0x14017a1a0	0x14017a2af	0x14053c418
0x14017a2dd	0x14017a328	0x1405357c0	1	4	0x14017a1a0	0x14017a2af	0x14053c418
0x14017a330	0x14017a40b	0x14053c418	1	0			
0x14017a410	0x14017a445	0x1405357d0	1	3			
0x14017a445	0x14017aa5e	0x1405357e4	1	4	0x14017a410	0x14017a445	0x1405357d0
0x14017aa5e	0x14017aaac	0x1405357f8	1	4	0x14017a410	0x14017a445	0x1405357d0
0x14017aab0	0x14017ab12	0x14053c418	1	0			
0x14017ab12	0x14017ab40	0x140535808	1	4	0x14017aab0	0x14017ab12	0x14053c418
0x14017ab40	0x14017aba5	0x14053581c	1	4	0x14017aab0	0x14017ab12	0x14053c418
0x14017abb0	0x14017ac78	0x14053c418	1	0			
0x14017ac80	0x14017ad22	0x14053c418	1	0			
0x14017ad30	0x14017ada9	0x14053c418	1	0			
0x14017adb0	0x14017af1a	0x140545b9c	1	0			
0x14017af1a	0x14017af62	0x14053582c	1	4	0x14017adb0	0x14017af1a	0x140545b9c
0x14017af62	0x14017af91	0x140535840	1	4	0x14017adb0	0x14017af1a	0x140545b9c
0x14017afa0	0x14017afba	0x14053c418	1	0			
0x14017afba	0x14017b004	0x140535850	1	4	0x14017afa0	0x14017afba	0x14053c418
0x14017b004	0x14017b034	0x140535874	1	4	0x14017afa0	0x14017afba	0x14053c418
0x14017b034	0x14017b03a	0x140535864	1	4	0x14017afa0	0x14017afba	0x14053c418
0x14017b03a	0x14017b070	0x140535874	1	4	0x14017afa0	0x14017afba	0x14053c418
0x14017b070	0x14017b0b6	0x140535874	1	4	0x14017afa0	0x14017afba	0x14053c418
0x14017b0b6	0x14017b0cf	0x140535874	1	4	0x14017afa0	0x14017afba	0x14053c418
0x14017b0cf	0x14017b0fd	0x140535864	1	4	0x14017afa0	0x14017afba	0x14053c418
0x14017b100	0x14017b129	0x140540fbc	1	0			
0x14017b129	0x14017b22a	0x1405356b8	1	4	0x14017b100	0x14017b129	0x140540fbc
0x14017b22a	0x14017b29b	0x1405356d0	1	4	0x14017b100	0x14017b129	0x140540fbc
0x14017b29b	0x14017b2a1	0x1405356e8	1	4	0x14017b100	0x14017b129	0x140540fbc
0x14017b2b0	0x14017b368	0x14053c418	1	0			
0x14017b370	0x14017b3f8	0x140535960	1	3			
0x14017b3f8	0x14017b482	0x140535970	1	4	0x14017b370	0x14017b3f8	0x140535960
0x14017b482	0x14017b654	0x140535984	1	4	0x14017b370	0x14017b3f8	0x140535960
0x14017b660	0x14017b69e	0x140535994	1	3			
0x14017b69e	0x14017b7c1	0x1405359a4	1	4	0x14017b660	0x14017b69e	0x140535994
0x14017b7c1	0x14017b7d4	0x1405359dc	1	4	0x14017b660	0x14017b69e	0x140535994
0x14017b7d4	0x14017b7eb	0x1405359c0	1	4	0x14017b660	0x14017b69e	0x140535994
0x14017b7eb	0x14017b860	0x1405359dc	1	4	0x14017b660	0x14017b69e	0x140535994
0x14017b860	0x14017b880	0x14054e970	1	0			
0x14017b880	0x14017b915	0x1405359ec	1	4	0x14017b860	0x14017b880	0x14054e970
0x14017b915	0x14017b976	0x140535a00	1	4	0x14017b860	0x14017b880	0x14054e970
0x14017b976	0x14017ba8b	0x140535a00	1	4	0x14017b860	0x14017b880	0x14054e970
0x14017ba8b	0x14017bac0	0x140535a00	1	4	0x14017b860	0x14017b880	0x14054e970
0x14017bac0	0x14017bb58	0x140535a00	1	4	0x14017b860	0x14017b880	0x14054e970
0x14017bb58	0x14017bc23	0x140535a00	1	4	0x14017b860	0x14017b880	0x14054e970
0x14017bc23	0x14017bc60	0x140535a00	1	4	0x14017b860	0x14017b880	0x14054e970
0x14017bc60	0x14017bc8c	0x140535a00	1	4	0x14017b860	0x14017b880	0x14054e970
0x14017bc8c	0x14017bcb4	0x140535a14	1	4	0x14017b860	0x14017b880	0x14054e970
0x14017bcc0	0x14017bcd9	0x14054e970	1	0			
0x14017bcd9	0x14017bda4	0x140535a24	1	4	0x14017bcc0	0x14017bcd9	0x14054e970
0x14017bda4	0x14017be0a	0x140535a3c	1	4	0x14017bcc0	0x14017bcd9	0x14054e970
0x14017be0a	0x14017bf27	0x140535a3c	1	4	0x14017bcc0	0x14017bcd9	0x14054e970
0x14017bf27	0x14017bf61	0x140535a3c	1	4	0x14017bcc0	0x14017bcd9	0x14054e970
0x14017bf61	0x14017bffe	0x140535a3c	1	4	0x14017bcc0	0x14017bcd9	0x14054e970
0x14017bffe	0x14017c0ce	0x140535a3c	1	4	0x14017bcc0	0x14017bcd9	0x14054e970
0x14017c0ce	0x14017c15b	0x140535a3c	1	4	0x14017bcc0	0x14017bcd9	0x14054e970
0x14017c15b	0x14017c179	0x140535a3c	1	4	0x14017bcc0	0x14017bcd9	0x14054e970
0x14017c179	0x14017c1aa	0x140535a3c	1	4	0x14017bcc0	0x14017bcd9	0x14054e970
0x14017c1aa	0x14017c1d0	0x140535a54	1	4	0x14017bcc0	0x14017bcd9	0x14054e970
0x14017c1d0	0x14017c23c	0x14053c418	1	0			
0x14017c240	0x14017c274	0x1405358ac	1	3			
0x14017c274	0x14017c2c7	0x1405358c4	1	4	0x14017c240	0x14017c274	0x1405358ac
0x14017c2c7	0x14017c2e4	0x1405358ec	1	4	0x14017c240	0x14017c274	0x1405358ac
0x14017c2e4	0x14017c54c	0x1405358d8	1	4	0x14017c240	0x14017c274	0x1405358ac
0x14017c54c	0x14017c590	0x1405358ec	1	4	0x14017c240	0x14017c274	0x1405358ac
0x14017c590	0x14017c5c3	0x1405358fc	1	3			
0x14017c5c3	0x14017c74b	0x140535914	1	4	0x14017c590	0x14017c5c3	0x1405358fc
0x14017c74b	0x14017c991	0x140535928	1	4	0x14017c5c3	0x14017c74b	0x140535914
0x14017c991	0x14017cae9	0x140535940	1	4	0x14017c5c3	0x14017c74b	0x140535914
0x14017cae9	0x14017cb20	0x140535950	1	4	0x14017c590	0x14017c5c3	0x1405358fc
0x14017cb20	0x14017cf62	0x1405255c0	1	0			
0x14017cf70	0x14017cfdc	0x14053c418	1	0			
0x14017cfe0	0x14017d04c	0x14053c418	1	0			
0x14017d050	0x14017d19d	0x1405377d0	1	3			
0x14017d19d	0x14017d1a5	0x140535a64	1	4	0x14017d050	0x14017d19d	0x1405377d0
0x14017d1a5	0x14017d28d	0x140535a78	1	4	0x14017d19d	0x14017d1a5	0x140535a64
0x14017d28d	0x14017d39a	0x140535a8c	1	4	0x14017d19d	0x14017d1a5	0x140535a64
0x14017d39a	0x14017d3b3	0x140535a9c	1	4	0x14017d050	0x14017d19d	0x1405377d0
0x14017d3c0	0x14017d449	0x14053c418	1	0			
0x14017d450	0x14017d484	0x140535ad0	1	3			
0x14017d484	0x14017d63e	0x140535ae8	1	4	0x14017d450	0x14017d484	0x140535ad0
0x14017d63e	0x14017d673	0x140535b00	1	4	0x14017d484	0x14017d63e	0x140535ae8
0x14017d673	0x14017d6c2	0x140535b14	1	4	0x14017d63e	0x14017d673	0x140535b00
0x14017d6c2	0x14017d836	0x140535b28	1	4	0x14017d673	0x14017d6c2	0x140535b14
0x14017d836	0x14017d96f	0x140535b3c	1	4	0x14017d673	0x14017d6c2	0x140535b14
0x14017d96f	0x14017d977	0x140535b4c	1	4	0x14017d63e	0x14017d673	0x140535b00
0x14017d977	0x14017d987	0x140535b5c	1	4	0x14017d484	0x14017d63e	0x140535ae8
0x14017d987	0x14017d9a4	0x140535b6c	1	4	0x14017d450	0x14017d484	0x140535ad0
0x14017d9a4	0x14017dbb8	0x140535b7c	1	4	0x14017d450	0x14017d484	0x140535ad0
0x14017dbc0	0x14017dcd3	0x140528cd4	1	3			
0x14017dcd3	0x14017dcf7	0x140535668	1	4	0x14017dbc0	0x14017dcd3	0x140528cd4
0x14017dcf7	0x14017dd0a	0x1405356a8	1	4	0x14017dbc0	0x14017dcd3	0x140528cd4
0x14017dd0a	0x14017dd11	0x14053567c	1	4	0x14017dbc0	0x14017dcd3	0x140528cd4
0x14017dd11	0x14017ddc2	0x140535690	1	4	0x14017dd0a	0x14017dd11	0x14053567c
0x14017ddc2	0x14017ddec	0x1405356a8	1	4	0x14017dbc0	0x14017dcd3	0x140528cd4
0x14017ddf0	0x14017dfd6	0x140535d70	1	3			
0x14017dfd6	0x14017e022	0x140535888	1	4	0x14017ddf0	0x14017dfd6	0x140535d70
0x14017e022	0x14017e06f	0x14053589c	1	4	0x14017ddf0	0x14017dfd6	0x140535d70
0x14017e070	0x14017e2c8	0x1405255c0	1	0			
0x14017e2d0	0x14017e2e8	0x14053c418	1	0			
0x14017e2e8	0x14017e332	0x140535b94	1	4	0x14017e2d0	0x14017e2e8	0x14053c418
0x14017e332	0x14017e390	0x140535ba8	1	4	0x14017e2d0	0x14017e2e8	0x14053c418
0x14017e390	0x14017e3ae	0x140535ba8	1	4	0x14017e2d0	0x14017e2e8	0x14053c418
0x14017e3ae	0x14017e439	0x140535ba8	1	4	0x14017e2d0	0x14017e2e8	0x14053c418
0x14017e439	0x14017e4df	0x140535ba8	1	4	0x14017e2d0	0x14017e2e8	0x14053c418
0x14017e4df	0x14017e4ff	0x140535bbc	1	4	0x14017e2d0	0x14017e2e8	0x14053c418
0x14017e500	0x14017e549	0x14053c418	1	0			
0x14017e549	0x14017e61a	0x1405356f8	1	4	0x14017e500	0x14017e549	0x14053c418
0x14017e61a	0x14017e650	0x14053570c	1	4	0x14017e500	0x14017e549	0x14053c418
0x14017e650	0x14017e74f	0x14053c418	1	0			
0x14017e750	0x14017e86d	0x14053c418	1	0			
0x14017e870	0x14017e9eb	0x14053c418	1	0			
0x14017e9f0	0x14017ea59	0x140535d70	1	3			
0x14017ea59	0x14017ecb3	0x14053571c	1	4	0x14017e9f0	0x14017ea59	0x140535d70
0x14017ecb3	0x14017ed2a	0x140535730	1	4	0x14017e9f0	0x14017ea59	0x140535d70
0x14017ed30	0x14017eeac	0x14053c418	1	0			
0x14017eeb0	0x14017eef9	0x14053c418	1	0			
0x14017eef9	0x14017efa8	0x140535740	1	4	0x14017eeb0	0x14017eef9	0x14053c418
0x14017efa8	0x14017efdb	0x140535754	1	4	0x14017eeb0	0x14017eef9	0x14053c418
0x14017efe0	0x14017f029	0x14053c418	1	0			
0x14017f029	0x14017f0cd	0x140535764	1	4	0x14017efe0	0x14017f029	0x14053c418
0x14017f0cd	0x14017f0f3	0x140535778	1	4	0x14017efe0	0x14017f029	0x14053c418
0x14017f100	0x14017f254	0x14053c418	1	0			
0x14017f260	0x14017f598	0x140545fec	1	0			
0x14017f6f0	0x14017f811	0x140535658	1	0			
0x14017f820	0x14017f895	0x14053c418	1	0			
0x14017f8a0	0x14017f908	0x14054854c	1	0			
0x14017f910	0x14017f996	0x14054f8f4	1	0			
0x14017fa10	0x140180005	0x140535148	1	3			
0x140180010	0x14018068c	0x140535d2c	1	3			
0x140180690	0x140180809	0x1405463d4	1	0			
0x140180810	0x140180845	0x140539f80	1	3			
0x140180845	0x140180904	0x1405353f8	1	4	0x140180810	0x140180845	0x140539f80
0x140180904	0x140180bda	0x140535410	1	4	0x140180810	0x140180845	0x140539f80
0x140180bda	0x140180c05	0x140535428	1	4	0x140180810	0x140180845	0x140539f80
0x140180c60	0x140180c81	0x14053528c	1	0			
0x140180c81	0x140181188	0x140535294	1	4	0x140180c60	0x140180c81	0x14053528c
0x140181188	0x1401812a1	0x1405352c4	1	4	0x140180c60	0x140180c81	0x14053528c
0x1401812a1	0x1401812b8	0x1405352dc	1	4	0x140180c60	0x140180c81	0x14053528c
0x140181350	0x14018142a	0x14052b2dc	1	3			
0x140181710	0x14018176b	0x1405352ec	1	0			
0x14018176b	0x1401817a6	0x1405352f8	1	4	0x140181710	0x14018176b	0x1405352ec
0x1401817a6	0x1401817e4	0x14053531c	1	4	0x140181710	0x14018176b	0x1405352ec
0x1401817e4	0x14018197e	0x14053532c	1	4	0x140181710	0x14018176b	0x1405352ec
0x14018197e	0x140181b32	0x140535350	1	4	0x140181710	0x14018176b	0x1405352ec
0x140181b40	0x140181be9	0x1405355e0	1	3			
0x140181be9	0x140181c7e	0x1405355f8	1	4	0x140181b40	0x140181be9	0x1405355e0
0x140181c7e	0x140181ee1	0x140535614	1	4	0x140181be9	0x140181c7e	0x1405355f8
0x140181ee1	0x14018209e	0x140535638	1	4	0x140181be9	0x140181c7e	0x1405355f8
0x14018209e	0x1401820b7	0x140535648	1	4	0x140181b40	0x140181be9	0x1405355e0
0x1401820c0	0x140182170	0x140535568	1	3			
0x140182170	0x1401821f0	0x140535580	1	4	0x1401820c0	0x140182170	0x140535568
0x1401821f0	0x140182b1f	0x140535598	1	4	0x140182170	0x1401821f0	0x140535580
0x140182b1f	0x140182b2f	0x1405355c0	1	4	0x140182170	0x1401821f0	0x140535580
0x140182b2f	0x140182b4a	0x1405355d0	1	4	0x1401820c0	0x140182170	0x140535568
0x140182c50	0x140182f77	0x1405354d0	1	3			
0x140182f77	0x140183070	0x1405354ec	1	4	0x140182c50	0x140182f77	0x1405354d0
0x140183070	0x140183319	0x140535500	1	4	0x140182f77	0x140183070	0x1405354ec
0x140183319	0x140183d7b	0x140535518	1	4	0x140183070	0x140183319	0x140535500
0x140183d7b	0x140183d8b	0x140535538	1	4	0x140183070	0x140183319	0x140535500
0x140183d8b	0x140183d93	0x140535548	1	4	0x140182f77	0x140183070	0x1405354ec
0x140183d93	0x140183daf	0x140535558	1	4	0x140182c50	0x140182f77	0x1405354d0
0x140183db0	0x1401841ca	0x140535438	1	3			
0x1401841ca	0x1401842ca	0x140535454	1	4	0x140183db0	0x1401841ca	0x140535438
0x1401842ca	0x140184670	0x140535468	1	4	0x1401841ca	0x1401842ca	0x140535454
0x140184670	0x140184e8c	0x140535480	1	4	0x1401842ca	0x140184670	0x140535468
0x140184e8c	0x140184e9c	0x1405354a0	1	4	0x1401842ca	0x140184670	0x140535468
0x140184e9c	0x140184ea4	0x1405354b0	1	4	0x1401841ca	0x1401842ca	0x140535454
0x140184ea4	0x140184ec0	0x1405354c0	1	4	0x140183db0	0x1401841ca	0x140535438
0x140184ec0	0x140184fa5	0x1405463d4	1	0			
0x1401850f0	0x140185119	0x140535370	1	3			
0x140185119	0x140185123	0x140535384	1	4	0x1401850f0	0x140185119	0x140535370
0x140185123	0x140185228	0x140535398	1	4	0x140185119	0x140185123	0x140535384
0x140185228	0x14018532a	0x1405353bc	1	4	0x140185119	0x140185123	0x140535384
0x14018532a	0x140185724	0x1405353d8	1	4	0x140185119	0x140185123	0x140535384
0x140185724	0x1401857a5	0x1405353e8	1	4	0x1401850f0	0x140185119	0x140535370
0x1401857b0	0x140186192	0x140535d84	1	3			
0x1401861a0	0x1401861f4	0x14053c418	1	0			
0x140186200	0x140186340	0x14054854c	1	0			
0x140186390	0x1401863f7	0x14054854c	1	0			
0x140186400	0x14018641e	0x140528d7c	1	0			
0x14018641e	0x1401865a2	0x140535dc8	1	4	0x140186400	0x14018641e	0x140528d7c
0x1401865a2	0x1401865a8	0x140535ddc	1	4	0x140186400	0x14018641e	0x140528d7c
0x1401865b0	0x140186643	0x14054854c	1	0			
0x140186680	0x1401867ed	0x14053c418	1	0			
0x140186800	0x140186844	0x14054854c	1	0			
0x140186850	0x140186923	0x140535db4	1	3			
0x140186930	0x14018695d	0x1405351c0	1	3			
0x14018695d	0x140186975	0x1405351d0	1	4	0x140186930	0x14018695d	0x1405351c0
0x140186975	0x1401869a9	0x1405351f0	1	4	0x14018695d	0x140186975	0x1405351d0
0x1401869a9	0x140186b3a	0x140535204	1	4	0x140186975	0x1401869a9	0x1405351f0
0x140186b3a	0x140186d15	0x140535218	1	4	0x140186975	0x1401869a9	0x1405351f0
0x140186d15	0x140186d29	0x140535228	1	4	0x14018695d	0x140186975	0x1405351d0
0x140186d29	0x140186d3c	0x140535238	1	4	0x140186930	0x14018695d	0x1405351c0
0x140186d3c	0x140186f03	0x140535248	1	4	0x140186930	0x14018695d	0x1405351c0
0x140186f03	0x1401870f9	0x14053526c	1	4	0x140186930	0x14018695d	0x1405351c0
0x140187100	0x1401872ba	0x140535c24	1	3			
0x1401874f0	0x14018756e	0x140535e20	1	2			
0x140187590	0x14018760e	0x1405463d4	1	0			
0x140187610	0x140187749	0x140535e70	1	3			
0x140187750	0x14018777c	0x14053c418	1	0			
0x140187780	0x1401877b4	0x140532c6c	1	0			
0x1401877c0	0x140187879	0x14053e570	1	0			
0x140187879	0x1401878a7	0x140535f00	1	4	0x1401877c0	0x140187879	0x14053e570
0x1401878a7	0x1401878ec	0x140535f14	1	4	0x140187879	0x1401878a7	0x140535f00
0x1401878ec	0x14018790b	0x140535f28	1	4	0x140187879	0x1401878a7	0x140535f00
0x14018790b	0x1401879ef	0x140535f38	1	4	0x1401877c0	0x140187879	0x14053e570
0x1401879f0	0x140187aa2	0x140535ec0	1	3			
0x140187aa2	0x140187d0a	0x140535ed8	1	4	0x1401879f0	0x140187aa2	0x140535ec0
0x140187d0a	0x140187d29	0x140535ef0	1	4	0x1401879f0	0x140187aa2	0x140535ec0
0x140187d30	0x140188078	0x1405235c4	1	0			
0x140188080	0x140188184	0x14053af04	1	3			
0x140188190	0x140188208	0x14053c418	1	0			
0x140188210	0x140188246	0x14053c418	1	0			
0x140188250	0x1401882a9	0x140545b9c	1	0			
0x1401882a9	0x1401883b3	0x140535f48	1	4	0x140188250	0x1401882a9	0x140545b9c
0x1401883b3	0x140188406	0x140535f5c	1	4	0x140188250	0x1401882a9	0x140545b9c
0x140188410	0x140188443	0x14053c418	1	0			
0x140188450	0x1401884af	0x140535f6c	1	2			
0x1401884d0	0x140188536	0x1405463d4	1	0			
0x1401885a0	0x1401886d9	0x140535f98	1	3			
0x1401886e0	0x1401888c6	0x140534710	1	3			
0x1401888d0	0x140188947	0x14053c418	1	0			
0x140188950	0x140188a1d	0x140536184	1	2			
0x140188a20	0x140188adc	0x140535fe8	1	2			
0x140188ae0	0x140188b80	0x140536070	1	3			
0x140188ba0	0x140188bd4	0x1405463d4	1	0			
0x140188be0	0x140188e70	0x1405255c0	1	0			
0x140188e70	0x140188f54	0x140545b9c	1	0			
0x140188f60	0x1401890f3	0x140536164	1	3			
0x140189100	0x14018930a	0x140536138	1	3			
0x140189310	0x140189465	0x14053611c	1	3			
0x140189470	0x140189613	0x140536088	1	3			
0x140189630	0x14018969b	0x1405463d4	1	0			
0x1401896a0	0x140189a08	0x140528cd4	1	3			
0x140189a10	0x140189d15	0x1405360e0	1	0			
0x140189d20	0x140189ea8	0x14052eecc	1	0			
0x140189ea8	0x140189f0e	0x1405360f8	1	4	0x140189d20	0x140189ea8	0x14052eecc
0x140189f0e	0x140189fa3	0x14053610c	1	4	0x140189d20	0x140189ea8	0x14052eecc
0x140189fb0	0x14018a02d	0x140533718	1	3			
0x14018a030	0x14018a096	0x14053c418	1	0			
0x14018a0c0	0x14018a346	0x140528cd4	1	3			
0x14018a350	0x14018a63d	0x140528cd4	1	3			
0x14018a640	0x14018a673	0x14053c418	1	0			
0x14018a680	0x14018a74c	0x140536838	1	2			
0x14018a750	0x14018aaff	0x1405361b8	1	2			
0x14018ab00	0x14018acbe	0x140536358	1	3			
0x14018ad00	0x14018ad34	0x1405463d4	1	0			
0x14018ad40	0x14018adea	0x14053c418	1	0			
0x14018adf0	0x14018ae2b	0x14053c418	1	0			
0x14018ae30	0x14018ae6c	0x14053c418	1	0			
0x14018ae70	0x14018b03e	0x140523e70	1	3			
0x14018b040	0x14018b089	0x14053c418	1	0			
0x14018b090	0x14018b19d	0x140535960	1	3			
0x14018b1a0	0x14018b2be	0x140530260	1	3			
0x14018b2c0	0x14018b3b5	0x140530260	1	3			
0x14018b3c0	0x14018b478	0x14054854c	1	0			
0x14018b490	0x14018b4b6	0x14053c418	1	0			
0x14018b4c0	0x14018b594	0x140545b9c	1	0			
0x14018b5a0	0x14018b634	0x14053c418	1	0			
0x14018b640	0x14018b6b2	0x14053c418	1	0			
0x14018b6c0	0x14018b796	0x140535960	1	3			
0x14018b7a0	0x14018b867	0x140545b9c	1	0			
0x14018b870	0x14018b990	0x1405235c4	1	0			
0x14018b990	0x14018ba78	0x14053c418	1	0			
0x14018bb80	0x14018bcf4	0x140535db4	1	3			
0x14018bd00	0x14018c2ac	0x14053c418	1	0			
0x14018c2c0	0x14018c6c1	0x14053c418	1	0			
0x14018c730	0x14018c93e	0x140536378	1	3			
0x14018c940	0x14018ca4a	0x1405251f0	1	3			
0x14018ca50	0x14018cb5a	0x1405251f0	1	3			
0x14018cb60	0x14018cbab	0x14053c418	1	0			
0x14018cbb0	0x14018ccba	0x1405251f0	1	3			
0x14018ccc0	0x14018cd65	0x1405463d4	1	0			
0x14018cd70	0x14018ce15	0x1405463d4	1	0			
0x14018ce20	0x14018ce80	0x14053c418	1	0			
0x14018ce80	0x14018cf8a	0x1405251f0	1	3			
0x14018cf90	0x14018cfc4	0x14053648c	1	3			
0x14018cfc4	0x14018d036	0x1405364a4	1	4	0x14018cf90	0x14018cfc4	0x14053648c
0x14018d036	0x14018d66c	0x1405364b8	1	4	0x14018cfc4	0x14018d036	0x1405364a4
0x14018d66c	0x14018d674	0x1405364cc	1	4	0x14018cfc4	0x14018d036	0x1405364a4
0x14018d674	0x14018d730	0x1405364dc	1	4	0x14018cf90	0x14018cfc4	0x14053648c
0x14018d730	0x14018dc1f	0x140536740	1	3			
0x14018dc20	0x14018dd3a	0x140536770	1	3			
0x14018dd40	0x14018debc	0x14053af04	1	3			
0x14018dec0	0x14018e1fa	0x140536718	1	3			
0x14018e220	0x14018e2f7	0x1405235c4	1	0			
0x14018e300	0x14018e36b	0x1405463d4	1	0			
0x14018e370	0x14018e41c	0x1405255c0	1	0			
0x14018e420	0x14018e4b9	0x1405463d4	1	0			
0x14018e4c0	0x14018e7b2	0x14053657c	1	0			
0x14018e7c0	0x14018e881	0x140545b9c	1	0			
0x14018e890	0x14018e91b	0x1405463d4	1	0			
0x14018e920	0x14018e9d8	0x14053bbc0	1	0			
0x14018e9e0	0x14018ea97	0x14053bbc0	1	0			
0x14018eaa0	0x14018eb02	0x14053c418	1	0			
0x14018eb10	0x14018eb86	0x140545b9c	1	0			
0x14018eb86	0x14018ecd2	0x1405366d0	1	4	0x14018eb10	0x14018eb86	0x140545b9c
0x14018ecd2	0x14018ecd8	0x1405366e4	1	4	0x14018eb10	0x14018eb86	0x140545b9c
0x14018ed30	0x14018ef71	0x14052a03c	1	0			
0x14018f0b0	0x14018f247	0x140528cd4	1	3			
0x14018f250	0x14018f327	0x1405463d4	1	0			
0x14018f330	0x14018f4c7	0x140528cd4	1	3			
0x14018f4d0	0x14018f5a7	0x1405463d4	1	0			
0x14018f5b0	0x14018f73f	0x140528cd4	1	3			
0x14018f740	0x14018f817	0x1405463d4	1	0			
0x14018f820	0x14018f8f7	0x1405463d4	1	0			
0x14018f900	0x14018fa68	0x1405245f0	1	0			
0x14018fac0	0x14018fbf1	0x1405364ec	1	3			
0x14018fc80	0x14019009c	0x1405363d0	1	3			
0x14019009c	0x1401900eb	0x1405363f0	1	4	0x14018fc80	0x14019009c	0x1405363d0
0x1401900eb	0x140190184	0x140536404	1	4	0x14019009c	0x1401900eb	0x1405363f0
0x140190184	0x1401908f2	0x140536418	1	4	0x1401900eb	0x140190184	0x140536404
0x1401908f2	0x140190b6e	0x140536438	1	4	0x1401900eb	0x140190184	0x140536404
0x140190b6e	0x140190b76	0x140536448	1	4	0x14019009c	0x1401900eb	0x1405363f0
0x140190b76	0x140190b9b	0x140536458	1	4	0x14018fc80	0x14019009c	0x1405363d0
0x140190cf0	0x140190d82	0x14053c418	1	0			
0x140190d90	0x140190e66	0x14054854c	1	0			
0x140190f00	0x140190f26	0x1405367d0	1	3			
0x140190f26	0x14019101e	0x1405367e8	1	4	0x140190f00	0x140190f26	0x1405367d0
0x14019101e	0x14019121d	0x1405367fc	1	4	0x140190f26	0x14019101e	0x1405367e8
0x14019121d	0x140191254	0x140536818	1	4	0x140190f26	0x14019101e	0x1405367e8
0x140191254	0x14019135c	0x140536828	1	4	0x140190f00	0x140190f26	0x1405367d0
0x140191360	0x1401913e3	0x14053c418	1	0			
0x1401913f0	0x140191594	0x14053af04	1	3			
0x1401915a0	0x1401916a4	0x140536788	1	3			
0x1401916a4	0x1401918cf	0x1405367a0	1	4	0x1401915a0	0x1401916a4	0x140536788
0x1401918cf	0x1401918ee	0x1405367c0	1	4	0x1401915a0	0x1401916a4	0x140536788
0x1401918f0	0x140191a7b	0x1405255c0	1	0			
0x140191a80	0x140191c25	0x14053ce70	1	0			
0x140191c30	0x140192251	0x140536468	1	3			
0x140192260	0x1401922bf	0x14053c418	1	0			
0x140192340	0x140192423	0x1405463d4	1	0			
0x140192430	0x140192558	0x140533718	1	3			
0x140192560	0x1401926fb	0x14053af04	1	3			
0x140192700	0x14019277a	0x14053c418	1	0			
0x140192780	0x140192912	0x14052d9ec	1	3			
0x140192920	0x1401929eb	0x140545b9c	1	0			
0x1401929f0	0x140192a97	0x140545b9c	1	0			
0x140192aa0	0x140192b7f	0x1405235c4	1	0			
0x140192b80	0x140192bd9	0x140536620	1	3			
0x140192bd9	0x140192d61	0x140536634	1	4	0x140192b80	0x140192bd9	0x140536620
0x140192d61	0x140192da0	0x140536660	1	4	0x140192b80	0x140192bd9	0x140536620
0x140192da0	0x140192e7f	0x140536688	1	4	0x140192b80	0x140192bd9	0x140536620
0x140192e7f	0x140192ea9	0x1405366ac	1	4	0x140192b80	0x140192bd9	0x140536620
0x140192ea9	0x140192ece	0x1405366c0	1	4	0x140192b80	0x140192bd9	0x140536620
0x140192f10	0x14019306d	0x140545b9c	1	0			
0x140193070	0x14019313c	0x140545b9c	1	0			
0x140193140	0x14019322a	0x140528cd4	1	3			
0x140193230	0x1401932de	0x1405255c0	1	0			
0x1401932e0	0x1401934ae	0x1405255c0	1	0			
0x1401934b0	0x140193501	0x14053c418	1	0			
0x140193510	0x140193584	0x1405499a0	1	0			
0x140193584	0x1401936e5	0x14053659c	1	4	0x140193510	0x140193584	0x1405499a0
0x1401936e5	0x14019371f	0x1405365b4	1	4	0x140193510	0x140193584	0x1405499a0
0x140193720	0x1401937bf	0x14053c418	1	0			
0x1401937c0	0x1401939a3	0x1405255c0	1	0			
0x1401939b0	0x140193b0d	0x140545b9c	1	0			
0x140193b10	0x140193bdc	0x140545b9c	1	0			
0x140193be0	0x140193cca	0x140528cd4	1	3			
0x140193cd0	0x140193d7e	0x1405255c0	1	0			
0x140193d80	0x140193f4e	0x1405255c0	1	0			
0x140193f50	0x140193fa1	0x14053c418	1	0			
0x140193fb0	0x140193ff8	0x1405499a0	1	0			
0x140193ff8	0x14019418c	0x1405365c4	1	4	0x140193fb0	0x140193ff8	0x1405499a0
0x14019418c	0x1401941c6	0x1405365dc	1	4	0x140193fb0	0x140193ff8	0x1405499a0
0x1401941d0	0x14019426f	0x14053c418	1	0			
0x140194270	0x140194449	0x1405255c0	1	0			
0x140194450	0x140194587	0x140545b9c	1	0			
0x140194590	0x14019465c	0x140545b9c	1	0			
0x140194660	0x140194754	0x140528cd4	1	3			
0x140194760	0x14019480e	0x1405255c0	1	0			
0x140194810	0x1401949d5	0x1405255c0	1	0			
0x1401949e0	0x140194a31	0x14053c418	1	0			
0x140194a40	0x140194a88	0x1405365ec	1	0			
0x140194a88	0x140194be6	0x1405365f8	1	4	0x140194a40	0x140194a88	0x1405365ec
0x140194be6	0x140194c20	0x140536610	1	4	0x140194a40	0x140194a88	0x1405365ec
0x140194c20	0x140194cbf	0x14053c418	1	0			
0x140194cc0	0x140194ea5	0x1405235c4	1	0			
0x140194eb0	0x140194f16	0x14053c418	1	0			
0x140194f20	0x140194f89	0x14053c418	1	0			
0x140194f90	0x140194ff6	0x14053c418	1	0			
0x140195000	0x14019503c	0x14053c418	1	0			
0x14019503c	0x1401950e9	0x1405366f4	1	4	0x140195000	0x14019503c	0x14053c418
0x1401950e9	0x1401950f9	0x140536708	1	4	0x140195000	0x14019503c	0x14053c418
0x140195100	0x14019516e	0x14053c418	1	0			
0x140195170	0x140195236	0x14053c418	1	0			
0x140195240	0x1401952e0	0x14053c418	1	0			
0x140195310	0x14019549f	0x140532364	1	3			
0x1401954a0	0x140195623	0x140530260	1	3			
0x140195630	0x14019576b	0x14052a2f4	1	3			
0x140195ae0	0x140195b30	0x14053c418	1	0			
0x140195b90	0x140195d5c	0x140536504	1	3			
0x140195d60	0x140195f25	0x140536540	1	3			
0x140195f30	0x14019600c	0x1405255c0	1	0			
0x140196030	0x1401960f9	0x140536ba8	1	2			
0x140196100	0x140196275	0x140536870	1	2			
0x140196280	0x14019639a	0x140536968	1	3			
0x1401963e0	0x140196414	0x1405463d4	1	0			
0x140196420	0x140196449	0x140536ae4	1	0			
0x140196449	0x140196474	0x140536af0	1	4	0x140196420	0x140196449	0x140536ae4
0x140196474	0x14019647f	0x140536b04	1	4	0x140196420	0x140196449	0x140536ae4
0x140196490	0x140196576	0x14053bde0	1	0			
0x140196580	0x1401966e3	0x140536988	1	3			
0x1401966f0	0x140196733	0x140536a5c	1	3			
0x140196733	0x14019678e	0x140536a74	1	4	0x1401966f0	0x140196733	0x140536a5c
0x14019678e	0x1401969dd	0x140536a88	1	4	0x140196733	0x14019678e	0x140536a74
0x1401969dd	0x1401969e5	0x140536aa0	1	4	0x140196733	0x14019678e	0x140536a74
0x1401969e5	0x140196a28	0x140536ab0	1	4	0x1401966f0	0x140196733	0x140536a5c
0x140196a30	0x140196a98	0x1405463d4	1	0			
0x140196af0	0x140196b4e	0x140536b6c	1	3			
0x140196b4e	0x140196c04	0x140536b84	1	4	0x140196af0	0x140196b4e	0x140536b6c
0x140196c04	0x140196cb1	0x140536b98	1	4	0x140196af0	0x140196b4e	0x140536b6c
0x140196cc0	0x140196d42	0x1405463d4	1	0			
0x140196d90	0x1401972a0	0x1405369d8	1	0			
0x1401972a0	0x1401972d8	0x14053c36c	1	0			
0x1401972d8	0x14019730a	0x140536ac0	1	4	0x1401972a0	0x1401972d8	0x14053c36c
0x14019730a	0x14019731a	0x140536ad4	1	4	0x1401972a0	0x1401972d8	0x14053c36c
0x140197330	0x140197371	0x140536b14	1	0			
0x140197371	0x1401973b1	0x140536b24	1	4	0x140197330	0x140197371	0x140536b14
0x1401973b1	0x14019743d	0x140536b38	1	4	0x140197371	0x1401973b1	0x140536b24
0x14019743d	0x1401974af	0x140536b4c	1	4	0x140197371	0x1401973b1	0x140536b24
0x1401974af	0x1401974c0	0x140536b5c	1	4	0x140197330	0x140197371	0x140536b14
0x1401974f0	0x1401975c6	0x140536a04	1	0			
0x1401975c6	0x1401975cb	0x140536a10	1	4	0x1401974f0	0x1401975c6	0x140536a04
0x1401975cb	0x1401978d2	0x140536a24	1	4	0x1401975c6	0x1401975cb	0x140536a10
0x1401978d2	0x1401978f9	0x140536a3c	1	4	0x1401975c6	0x1401975cb	0x140536a10
0x1401978f9	0x140197a0d	0x140536a4c	1	4	0x1401974f0	0x1401975c6	0x140536a04
0x140197a10	0x140197a4a	0x14053c418	1	0			
0x140197a80	0x140197b6b	0x140530854	1	0			
0x140197c20	0x140197d40	0x14053cff8	1	3			
0x140197da0	0x140197e59	0x140536be0	1	2			
0x140197e60	0x140197ec9	0x14053c418	1	0			
0x140197ef0	0x140197f24	0x1405463d4	1	0			
0x140197f30	0x140198113	0x1405412a8	1	3			
0x140198120	0x14019828e	0x140536c40	1	3			
0x140198290	0x1401982da	0x14053c418	1	0			
0x140198300	0x140198450	0x140537028	1	0			
0x140198450	0x14019849c	0x140536c90	1	4	0x140198300	0x140198450	0x140537028
0x14019849c	0x14019868c	0x140536ca4	1	4	0x140198450	0x14019849c	0x140536c90
0x14019868c	0x1401986a2	0x140536cb8	1	4	0x140198450	0x14019849c	0x140536c90
0x1401986b0	0x140198d31	0x140536cc8	1	3			
0x140198d40	0x140198dad	0x1405463d4	1	0			
0x140198db0	0x140198dea	0x14053c418	1	0			
0x140198df0	0x140198e59	0x14053c418	1	0			
0x140198e60	0x140199119	0x140536cf4	1	3			
0x140199120	0x140199232	0x140530688	1	0			
0x140199240	0x1401995cd	0x140536e08	1	3			
0x140199640	0x140199695	0x14053c418	1	0			
0x1401996b0	0x140199707	0x1405463d4	1	0			
0x140199710	0x140199819	0x140536d0c	1	3			
0x140199820	0x140199a6c	0x14053af04	1	3			
0x140199a70	0x140199aea	0x14053c418	1	0			
0x140199af0	0x140199b27	0x14053c418	1	0			
0x140199b30	0x140199c6c	0x1405255c0	1	0			
0x140199d50	0x140199e09	0x140536d58	1	2			
0x140199e10	0x140199e79	0x14053c418	1	0			
0x140199ea0	0x140199ed4	0x1405463d4	1	0			
0x140199ee0	0x140199fb8	0x140543e9c	1	3			
0x140199fc0	0x14019a158	0x140536db8	1	3			
0x14019a180	0x14019a2d0	0x140537028	1	0			
0x14019a2d0	0x14019a31c	0x140536e30	1	4	0x14019a180	0x14019a2d0	0x140537028
0x14019a31c	0x14019a51e	0x140536e44	1	4	0x14019a2d0	0x14019a31c	0x140536e30
0x14019a51e	0x14019a534	0x140536e58	1	4	0x14019a2d0	0x14019a31c	0x140536e30
0x14019a540	0x14019a595	0x140536e68	1	3			
0x14019a595	0x14019a7ef	0x140536e80	1	4	0x14019a540	0x14019a595	0x140536e68
0x14019a7ef	0x14019a80d	0x140536ea4	1	4	0x14019a540	0x14019a595	0x140536e68
0x14019a80d	0x14019abe3	0x140536eb4	1	4	0x14019a540	0x14019a595	0x140536e68
0x14019abf0	0x14019ac5d	0x1405463d4	1	0			
0x14019ac60	0x14019ac9a	0x14053c418	1	0			
0x14019aca0	0x14019af99	0x140536ed8	1	3			
0x14019afa0	0x14019b0c0	0x140538548	1	0			
0x14019b0c0	0x14019b44d	0x140536e08	1	3			
0x14019b4c0	0x14019b510	0x14053c418	1	0			
0x14019b530	0x14019b587	0x1405463d4	1	0			
0x14019b590	0x14019b699	0x140536efc	1	3			
0x14019b6a0	0x14019b7c3	0x14053af04	1	3			
0x14019b7d0	0x14019b850	0x14053c418	1	0			
0x14019b850	0x14019b887	0x14053c418	1	0			
0x14019b890	0x14019b8f9	0x140536f48	1	0			
0x14019b8f9	0x14019bc56	0x140536f54	1	4	0x14019b890	0x14019b8f9	0x140536f48
0x14019bc56	0x14019bc61	0x140536f84	1	4	0x14019b890	0x14019b8f9	0x140536f48
0x14019bd30	0x14019bde9	0x140536f94	1	2			
0x14019bdf0	0x14019be59	0x14053c418	1	0			
0x14019be80	0x14019beb4	0x1405463d4	1	0			
0x14019bec0	0x14019bfd2	0x1405370a0	1	0			
0x14019bfe0	0x14019c169	0x140536fd8	1	3			
0x14019c170	0x14019c1ba	0x14053c418	1	0			
0x14019c1e0	0x14019c330	0x140537028	1	0			
0x14019c330	0x14019c37c	0x140537038	1	4	0x14019c1e0	0x14019c330	0x140537028
0x14019c37c	0x14019c56c	0x14053704c	1	4	0x14019c330	0x14019c37c	0x140537038
0x14019c56c	0x14019c582	0x140537060	1	4	0x14019c330	0x14019c37c	0x140537038
0x14019c590	0x14019cd3f	0x140537070	1	3			
0x14019cd40	0x14019cd7a	0x14053c418	1	0			
0x14019cdd0	0x14019cf42	0x1405463d4	1	0			
0x14019cf50	0x14019d064	0x140530688	1	0			
0x14019d070	0x14019d3fd	0x140536e08	1	3			
0x14019d400	0x14019d462	0x14053c418	1	0			
0x14019d480	0x14019d4d7	0x1405463d4	1	0			
0x14019d4e0	0x14019d5e9	0x1405370b0	1	3			
0x14019d5f0	0x14019d8da	0x1405370f8	1	3			
0x14019d8e0	0x14019d96f	0x14053c418	1	0			
0x14019d970	0x14019d9a7	0x14053c418	1	0			
0x14019d9b0	0x14019d9cc	0x140537198	1	0			
0x14019d9cc	0x14019d9df	0x1405371b0	1	4	0x14019d9b0	0x14019d9cc	0x140537198
0x14019d9df	0x14019db60	0x1405371d0	1	4	0x14019d9cc	0x14019d9df	0x1405371b0
0x14019db60	0x14019dcca	0x1405371e8	1	4	0x14019d9cc	0x14019d9df	0x1405371b0
0x14019dcca	0x14019de37	0x1405371fc	1	4	0x14019d9b0	0x14019d9cc	0x140537198
0x14019dea0	0x14019decf	0x14053711c	1	3			
0x14019decf	0x14019df5a	0x140537134	1	4	0x14019dea0	0x14019decf	0x14053711c
0x14019df5a	0x14019e0b8	0x140537164	1	4	0x14019decf	0x14019df5a	0x140537134
0x14019e0b8	0x14019e225	0x140537178	1	4	0x14019decf	0x14019df5a	0x140537134
0x14019e225	0x14019e2bc	0x140537188	1	4	0x14019dea0	0x14019decf	0x14053711c
0x14019e2c0	0x14019e31f	0x14053720c	1	2			
0x14019e340	0x14019e3a6	0x1405463d4	1	0			
0x14019e3b0	0x14019e537	0x140537238	1	3			
0x14019e560	0x14019e5ba	0x14053c418	1	0			
0x14019e5c0	0x14019e735	0x14053a758	1	0			
0x14019e740	0x14019e777	0x14053c418	1	0			
0x14019e780	0x14019e798	0x140537290	1	0			
0x14019e798	0x14019e887	0x140537298	1	4	0x14019e780	0x14019e798	0x140537290
0x14019e887	0x14019e899	0x1405372b8	1	4	0x14019e780	0x14019e798	0x140537290
0x14019e8a0	0x14019e96c	0x1405373e4	1	2			
0x14019e970	0x14019ea31	0x1405372c8	1	2			
0x14019ea40	0x14019eab9	0x140537318	1	3			
0x14019eae0	0x14019eb14	0x1405463d4	1	0			
0x14019eb20	0x14019eceb	0x140537330	1	3			
0x14019ecf0	0x14019ed4b	0x1405463d4	1	0			
0x14019ed50	0x14019ede3	0x140533718	1	3			
0x14019ee10	0x14019f07d	0x1405255c0	1	0			
0x14019f080	0x14019f0c7	0x14053739c	1	3			
0x14019f0c7	0x14019f3eb	0x1405373b0	1	4	0x14019f080	0x14019f0c7	0x14053739c
0x14019f3eb	0x14019f404	0x1405373d4	1	4	0x14019f080	0x14019f0c7	0x14053739c
0x14019f410	0x14019f494	0x14053c418	1	0			
0x14019f4b0	0x14019f592	0x140533718	1	3			
0x14019f5a0	0x14019f6be	0x14052a03c	1	0			
0x14019f6c0	0x14019f940	0x140537380	1	3			
0x14019f960	0x14019f9b0	0x14053c418	1	0			
0x14019f9d0	0x14019fa27	0x1405463d4	1	0			
0x14019fa30	0x14019fb89	0x140537418	1	3			
0x14019fbb0	0x14019fc3e	0x14053c418	1	0			
0x14019fc80	0x14019fd4b	0x140545b9c	1	0			
0x14019fd50	0x14019fdd6	0x140545b9c	1	0			
0x14019fde0	0x14019fe2b	0x14053c418	1	0			
0x14019fe30	0x14019ff9d	0x140535960	1	3			
0x1401a0030	0x1401a00fc	0x140537580	1	2			
0x1401a0100	0x1401a019d	0x140537470	1	2			
0x1401a01a0	0x1401a0218	0x1405374c0	1	3			
0x1401a0230	0x1401a0264	0x1405463d4	1	0			
0x1401a0270	0x1401a03ff	0x1405374d8	1	3			
0x1401a0400	0x1401a045b	0x1405463d4	1	0			
0x1401a0460	0x1401a06bf	0x14052a03c	1	0			
0x1401a06c0	0x1401a06cb	0x140537528	1	0			
0x1401a06cb	0x1401a0830	0x140537534	1	4	0x1401a06c0	0x1401a06cb	0x140537528
0x1401a0830	0x1401a0882	0x140537548	1	4	0x1401a06c0	0x1401a06cb	0x140537528
0x1401a0882	0x1401a08f7	0x140537558	1	4	0x1401a0830	0x1401a0882	0x140537548
0x1401a08f7	0x1401a0956	0x140537570	1	4	0x1401a0830	0x1401a0882	0x140537548
0x1401a0990	0x1401a0a4a	0x140530854	1	0			
0x1401a0a90	0x1401a0ae7	0x1405463d4	1	0			
0x1401a0af0	0x1401a0c7a	0x1405375b8	1	3			
0x1401a0c80	0x1401a0d00	0x14053c418	1	0			
0x1401a0d30	0x1401a0daa	0x14053c418	1	0			
0x1401a0de0	0x1401a0e54	0x140537618	1	2			
0x1401a0e70	0x1401a0ed6	0x1405463d4	1	0			
0x1401a0ee0	0x1401a1050	0x140537640	1	3			
0x1401a1060	0x1401a10e3	0x140528cd4	1	3			
0x1401a10f0	0x1401a117e	0x140537698	1	3			
0x1401a117e	0x1401a13d6	0x1405376b4	1	4	0x1401a10f0	0x1401a117e	0x140537698
0x1401a13d6	0x1401a13f7	0x1405376d8	1	4	0x1401a10f0	0x1401a117e	0x140537698
0x1401a1400	0x1401a152f	0x1405376e8	1	3			
0x1401a152f	0x1401a1694	0x140537714	1	4	0x1401a1400	0x1401a152f	0x1405376e8
0x1401a1694	0x1401a16c8	0x140537730	1	4	0x1401a1400	0x1401a152f	0x1405376e8
0x1401a16d0	0x1401a1752	0x14053c418	1	0			
0x1401a1760	0x1401a18f9	0x140530854	1	0			
0x1401a1950	0x1401a19a4	0x14053c418	1	0			
0x1401a19c0	0x1401a1a17	0x1405463d4	1	0			
0x1401a1a20	0x1401a1ba9	0x140537740	1	3			
0x1401a1bb0	0x1401a1c25	0x14053c418	1	0			
0x1401a1c30	0x1401a1cb2	0x140537798	1	3			
0x1401a1cb2	0x1401a1e15	0x1405377ac	1	4	0x1401a1c30	0x1401a1cb2	0x140537798
0x1401a1e15	0x1401a1e2e	0x1405377c0	1	4	0x1401a1c30	0x1401a1cb2	0x140537798
0x1401a1e30	0x1401a1e7c	0x1405377d0	1	3			
0x1401a1e7c	0x1401a1ffc	0x1405377e4	1	4	0x1401a1e30	0x1401a1e7c	0x1405377d0
0x1401a1ffc	0x1401a2023	0x140537804	1	4	0x1401a1e30	0x1401a1e7c	0x1405377d0
0x1401a2023	0x1401a2082	0x140537820	1	4	0x1401a1e30	0x1401a1e7c	0x1405377d0
0x1401a2082	0x1401a209b	0x140537838	1	4	0x1401a1e30	0x1401a1e7c	0x1405377d0
0x1401a2180	0x1401a21f3	0x140537848	1	2			
0x1401a2210	0x1401a2282	0x1405463d4	1	0			
0x1401a22e0	0x1401a24ca	0x140537988	1	3			
0x1401a24d0	0x1401a2665	0x140537930	1	3			
0x1401a2690	0x1401a2780	0x140533718	1	3			
0x1401a2780	0x1401a2969	0x140525d94	1	0			
0x1401a2969	0x1401a2990	0x140537888	1	4	0x1401a2780	0x1401a2969	0x140525d94
0x1401a2990	0x1401a29d3	0x14053789c	1	4	0x1401a2969	0x1401a2990	0x140537888
0x1401a29d3	0x1401a2a3b	0x1405378b0	1	4	0x1401a2969	0x1401a2990	0x140537888
0x1401a2a40	0x1401a2ed4	0x14053790c	1	3			
0x1401a2ee0	0x1401a32cc	0x1405378c0	1	0			
0x1401a32d0	0x1401a3370	0x140543e9c	1	3			
0x1401a3370	0x1401a33ea	0x14053c418	1	0			
0x1401a3410	0x1401a3492	0x140535960	1	3			
0x1401a3492	0x1401a352e	0x1405378d8	1	4	0x1401a3410	0x1401a3492	0x140535960
0x1401a352e	0x1401a354a	0x1405378ec	1	4	0x1401a3410	0x1401a3492	0x140535960
0x1401a3550	0x1401a37d9	0x1405378fc	1	0			
0x1401a3800	0x1401a3880	0x1405379e0	1	2			
0x1401a3880	0x1401a38ee	0x140537a20	1	3			
0x1401a3910	0x1401a3944	0x1405463d4	1	0			
0x1401a3950	0x1401a3ada	0x140537b3c	1	3			
0x1401a3ae0	0x1401a3b30	0x14054854c	1	0			
0x1401a3b30	0x1401a3b5b	0x140537b90	1	3			
0x1401a3b5b	0x1401a3b7e	0x140537ba4	1	4	0x1401a3b30	0x1401a3b5b	0x140537b90
0x1401a3b7e	0x1401a3d30	0x140537bb8	1	4	0x1401a3b5b	0x1401a3b7e	0x140537ba4
0x1401a3d30	0x1401a3d38	0x140537be0	1	4	0x1401a3b5b	0x1401a3b7e	0x140537ba4
0x1401a3d38	0x1401a3d56	0x140537bf0	1	4	0x1401a3b30	0x1401a3b5b	0x140537b90
0x1401a3d60	0x1401a3e3c	0x140537a38	1	0			
0x1401a3e3c	0x1401a3ecc	0x140537a44	1	4	0x1401a3d60	0x1401a3e3c	0x140537a38
0x1401a3ecc	0x1401a3edb	0x140537a64	1	4	0x1401a3d60	0x1401a3e3c	0x140537a38
0x1401a3f10	0x1401a3fde	0x140537a74	1	3			
0x1401a3fe0	0x1401a4074	0x14053c418	1	0			
0x1401a4080	0x1401a424a	0x140537b0c	1	0			
0x1401a424a	0x1401a4282	0x140537b18	1	4	0x1401a4080	0x1401a424a	0x140537b0c
0x1401a4282	0x1401a429b	0x140537b2c	1	4	0x1401a4080	0x1401a424a	0x140537b0c
0x1401a42a0	0x1401a430b	0x140528d7c	1	0			
0x1401a430b	0x1401a4348	0x140537ae4	1	4	0x1401a42a0	0x1401a430b	0x140528d7c
0x1401a4348	0x1401a435c	0x140537afc	1	4	0x1401a42a0	0x1401a430b	0x140528d7c
0x1401a4360	0x1401a43e5	0x14053c418	1	0			
0x1401a43e5	0x1401a4427	0x140537a94	1	4	0x1401a4360	0x1401a43e5	0x14053c418
0x1401a4427	0x1401a443b	0x140537aac	1	4	0x1401a4360	0x1401a43e5	0x14053c418
0x1401a4440	0x1401a4533	0x14053c418	1	0			
0x1401a4533	0x1401a4577	0x140537abc	1	4	0x1401a4440	0x1401a4533	0x14053c418
0x1401a4577	0x1401a458b	0x140537ad4	1	4	0x1401a4440	0x1401a4533	0x14053c418
0x1401a4590	0x1401a4606	0x14054854c	1	0			
0x1401a4610	0x1401a467a	0x14053c418	1	0			
0x1401a4680	0x1401a4757	0x140537cc4	1	3			
0x1401a48a0	0x1401a48cc	0x140537c40	1	0			
0x1401a48cc	0x1401a493c	0x140537c48	1	4	0x1401a48a0	0x1401a48cc	0x140537c40
0x1401a493c	0x1401a49d7	0x140537c5c	1	4	0x1401a48cc	0x1401a493c	0x140537c48
0x1401a49d7	0x1401a49fc	0x140537c74	1	4	0x1401a48cc	0x1401a493c	0x140537c48
0x1401a49fc	0x1401a4a10	0x140537c84	1	4	0x1401a48a0	0x1401a48cc	0x140537c40
0x1401a4a10	0x1401a4a14	0x140537c98	1	4	0x1401a48a0	0x1401a48cc	0x140537c40
0x1401a4ac0	0x1401a4b0c	0x14053c418	1	0			
0x1401a4b40	0x1401a4b84	0x140537c00	1	3			
0x1401a4b84	0x1401a4ef3	0x140537c14	1	4	0x1401a4b40	0x1401a4b84	0x140537c00
0x1401a4ef3	0x1401a4f44	0x140537c30	1	4	0x1401a4b40	0x1401a4b84	0x140537c00
0x1401a4fd0	0x1401a506e	0x1405463d4	1	0			
0x1401a5070	0x1401a5121	0x140537ca8	1	3			
0x1401a5130	0x1401a5188	0x14053c418	1	0			
0x1401a5190	0x1401a51f5	0x1405463d4	1	0			
0x1401a5200	0x1401a528a	0x14053c418	1	0			
0x1401a52b0	0x1401a5391	0x140538020	1	2			
0x1401a53b0	0x1401a53d6	0x14053c418	1	0			
0x1401a53e0	0x1401a540b	0x14053c418	1	0			
0x1401a5420	0x1401a5569	0x14053c418	1	0			
0x1401a57c0	0x1401a582b	0x140526458	1	0			
0x1401a5830	0x1401a5862	0x14053c418	1	0			
0x1401a5920	0x1401a5964	0x14053c418	1	0			
0x1401a5970	0x1401a59a8	0x140545b9c	1	0			
0x1401a59a8	0x1401a59fd	0x140537f0c	1	4	0x1401a5970	0x1401a59a8	0x140545b9c
0x1401a59fd	0x1401a5a30	0x140537f20	1	4	0x1401a5970	0x1401a59a8	0x140545b9c
0x1401a5a30	0x1401a5a68	0x140545b9c	1	0			
0x1401a5a68	0x1401a5abd	0x140537f30	1	4	0x1401a5a30	0x1401a5a68	0x140545b9c
0x1401a5abd	0x1401a5af0	0x140537f44	1	4	0x1401a5a30	0x1401a5a68	0x140545b9c
0x1401a5af0	0x1401a5b26	0x14053c418	1	0			
0x1401a5b30	0x1401a5b66	0x14053c418	1	0			
0x1401a5b70	0x1401a5b9d	0x140537ed4	1	0			
0x1401a5b9d	0x1401a5be7	0x140537ee0	1	4	0x1401a5b70	0x1401a5b9d	0x140537ed4
0x1401a5be7	0x1401a5bf3	0x140537efc	1	4	0x1401a5b70	0x1401a5b9d	0x140537ed4
0x1401a5c00	0x1401a5cda	0x140538250	1	0			
0x1401a5eb0	0x1401a5ec8	0x140537db4	1	0			
0x1401a5ec8	0x1401a61a2	0x140537dc0	1	4	0x1401a5eb0	0x1401a5ec8	0x140537db4
0x1401a61a2	0x1401a61aa	0x140537ddc	1	4	0x1401a5eb0	0x1401a5ec8	0x140537db4
0x1401a6240	0x1401a6251	0x140528d7c	1	0			
0x1401a6251	0x1401a62af	0x140537d40	1	4	0x1401a6240	0x1401a6251	0x140528d7c
0x1401a62af	0x1401a62b5	0x140537d54	1	4	0x1401a6240	0x1401a6251	0x140528d7c
0x1401a62c0	0x1401a62d1	0x140528d7c	1	0			
0x1401a62d1	0x1401a6337	0x140537d1c	1	4	0x1401a62c0	0x1401a62d1	0x140528d7c
0x1401a6337	0x1401a633d	0x140537d30	1	4	0x1401a62c0	0x1401a62d1	0x140528d7c
0x1401a6340	0x1401a6390	0x14054f8f4	1	0			
0x1401a6390	0x1401a63db	0x140537cf8	1	4	0x1401a6340	0x1401a6390	0x14054f8f4
0x1401a63db	0x1401a63f6	0x140537d0c	1	4	0x1401a6340	0x1401a6390	0x14054f8f4
0x1401a6400	0x1401a6460	0x14054854c	1	0			
0x1401a6510	0x1401a6c74	0x140537f54	1	3			
0x1401a6c74	0x1401a6cb5	0x140537f74	1	4	0x1401a6510	0x1401a6c74	0x140537f54
0x1401a6cb5	0x1401a818c	0x140537f88	1	4	0x1401a6510	0x1401a6c74	0x140537f54
0x1401a81b0	0x1401a8235	0x1405463d4	1	0			
0x1401a8240	0x1401a831c	0x14053c418	1	0			
0x1401a8320	0x1401a8345	0x14052272c	1	3			
0x1401a8345	0x1401a8fe4	0x140537f98	1	4	0x1401a8320	0x1401a8345	0x14052272c
0x1401a8fe4	0x1401a90b4	0x140537fb0	1	4	0x1401a8320	0x1401a8345	0x14052272c
0x1401a90c0	0x1401a90f5	0x140536ae4	1	0			
0x1401a90f5	0x1401a9159	0x140537fc0	1	4	0x1401a90c0	0x1401a90f5	0x140536ae4
0x1401a9159	0x1401a9164	0x140537fd4	1	4	0x1401a90c0	0x1401a90f5	0x140536ae4
0x1401a9170	0x1401a91bc	0x140537e78	1	0			
0x1401a91bc	0x1401a9391	0x140537e84	1	4	0x1401a9170	0x1401a91bc	0x140537e78
0x1401a9391	0x1401a941d	0x140537e9c	1	4	0x1401a9170	0x1401a91bc	0x140537e78
0x1401a9420	0x1401a9470	0x140537d64	1	3			
0x1401a9470	0x1401a981d	0x140537d7c	1	4	0x1401a9420	0x1401a9470	0x140537d64
0x1401a981d	0x1401a987c	0x140537da4	1	4	0x1401a9420	0x1401a9470	0x140537d64
0x1401a9880	0x1401a993b	0x140526458	1	0			
0x1401a9a50	0x1401a9b0a	0x140526458	1	0			
0x1401a9b80	0x1401a9bba	0x1405463d4	1	0			
0x1401a9bc0	0x1401a9d9d	0x140537e30	1	3			
0x1401a9da0	0x1401a9dbb	0x14053c418	1	0			
0x1401a9dc0	0x1401a9e3b	0x140537dec	1	3			
0x1401a9e3b	0x1401aa26d	0x140537e08	1	4	0x1401a9dc0	0x1401a9e3b	0x140537dec
0x1401aa26d	0x1401aa289	0x140537e20	1	4	0x1401a9dc0	0x1401a9e3b	0x140537dec
0x1401aa2c0	0x1401aa31f	0x14053c418	1	0			
0x1401aa320	0x1401aa350	0x14053c418	1	0			
0x1401aa650	0x1401aa69d	0x14054fa50	1	0			
0x1401aa6e0	0x1401aa7eb	0x1405463d4	1	0			
0x1401aa7f0	0x1401aa860	0x14054854c	1	0			
0x1401aa8f0	0x1401aa9b6	0x14054854c	1	0			
0x1401aa9c0	0x1401aa9e2	0x140538068	1	0			
0x1401aa9e2	0x1401aaa98	0x140538078	1	4	0x1401aa9c0	0x1401aa9e2	0x140538068
0x1401aaa98	0x1401aaaaa	0x14053808c	1	4	0x1401aa9c0	0x1401aa9e2	0x140538068
0x1401aaab0	0x1401aaac6	0x14052fb70	1	0			
0x1401aaac6	0x1401aab27	0x140537eac	1	4	0x1401aaab0	0x1401aaac6	0x14052fb70
0x1401aab27	0x1401aab47	0x140537ec4	1	4	0x1401aaab0	0x1401aaac6	0x14052fb70
0x1401aad00	0x1401ab2cc	0x140537fe4	1	0			
0x1401ab2d0	0x1401ab2fc	0x14054f8f4	1	0			
0x1401ab2fc	0x1401ab369	0x140537ff8	1	4	0x1401ab2d0	0x1401ab2fc	0x14054f8f4
0x1401ab369	0x1401ab417	0x140538010	1	4	0x1401ab2d0	0x1401ab2fc	0x14054f8f4
0x1401ab420	0x1401ab5f9	0x14053809c	1	3			
0x1401ab600	0x1401ab6c7	0x1405463d4	1	0			
0x1401ab6d0	0x1401ab8c1	0x1405380c4	1	3			
0x1401ab9a0	0x1401abce8	0x14053c418	1	0			
0x1401abcf0	0x1401abd43	0x14053c418	1	0			
0x1401abd50	0x1401abe20	0x140538158	1	0			
0x1401abe20	0x1401abede	0x1405380e4	1	0			
0x1401abede	0x1401abef4	0x1405380f0	1	4	0x1401abe20	0x1401abede	0x1405380e4
0x1401abef4	0x1401ac2aa	0x14053810c	1	4	0x1401abede	0x1401abef4	0x1405380f0
0x1401ac2aa	0x1401ac311	0x140538120	1	4	0x1401abede	0x1401abef4	0x1405380f0
0x1401ac311	0x1401ac386	0x140538130	1	4	0x1401abe20	0x1401abede	0x1405380e4
0x1401ac386	0x1401ac424	0x140538148	1	4	0x1401abe20	0x1401abede	0x1405380e4
0x1401ac430	0x1401ac5ac	0x140549794	1	0			
0x1401ac5b0	0x1401ac63d	0x140548264	1	0			
0x1401ac6a0	0x1401ac6cb	0x14053c418	1	0			
0x1401ac6d0	0x1401acb85	0x14053816c	1	0			
0x1401acb85	0x1401acc8a	0x140538180	1	4	0x1401ac6d0	0x1401acb85	0x14053816c
0x1401acc8a	0x1401ad040	0x14053819c	1	4	0x1401ac6d0	0x1401acb85	0x14053816c
0x1401ad040	0x1401ad134	0x1405381ac	1	0			
0x1401ad140	0x1401ad15a	0x14054f8f4	1	0			
0x1401ad160	0x1401ad177	0x14054f8f4	1	0			
0x1401ad180	0x1401ad1ab	0x14053c418	1	0			
0x1401ad1b0	0x1401ad1cb	0x1405381cc	1	0			
0x1401ad1cb	0x1401ad8b1	0x1405381d4	1	4	0x1401ad1b0	0x1401ad1cb	0x1405381cc
0x1401ad8b1	0x1401ad9dc	0x140538204	1	4	0x1401ad1b0	0x1401ad1cb	0x1405381cc
0x1401ad9e0	0x1401ada02	0x140538250	1	0			
0x1401ada10	0x1401adf3c	0x140538234	1	0			
0x1401adf40	0x1401adf99	0x140538250	1	0			
0x1401adfa0	0x1401adff9	0x140538250	1	0			
0x1401ae000	0x1401ae05f	0x140538250	1	0			
0x1401ae060	0x1401ae0e4	0x140538250	1	0			
0x1401ae250	0x1401ae282	0x14053c418	1	0			
0x1401ae282	0x1401ae2ca	0x140538258	1	4	0x1401ae250	0x1401ae282	0x14053c418
0x1401ae2ca	0x1401ae2f3	0x14053826c	1	4	0x1401ae250	0x1401ae282	0x14053c418
0x1401ae2f3	0x1401ae301	0x140538280	1	4	0x1401ae250	0x1401ae282	0x14053c418
0x1401ae310	0x1401ae363	0x1405383e8	1	0			
0x1401ae363	0x1401ae38e	0x1405383f8	1	4	0x1401ae310	0x1401ae363	0x1405383e8
0x1401ae38e	0x1401ae3a2	0x140538444	1	4	0x1401ae310	0x1401ae363	0x1405383e8
0x1401ae3a2	0x1401ae3c2	0x14053840c	1	4	0x1401ae310	0x1401ae363	0x1405383e8
0x1401ae3c2	0x1401ae545	0x140538420	1	4	0x1401ae3a2	0x1401ae3c2	0x14053840c
0x1401ae545	0x1401ae551	0x140538434	1	4	0x1401ae3a2	0x1401ae3c2	0x14053840c
0x1401ae551	0x1401ae5ac	0x140538444	1	4	0x1401ae310	0x1401ae363	0x1405383e8
0x1401ae5b0	0x1401ae612	0x140538370	1	0			
0x1401ae612	0x1401ae7c7	0x140538388	1	4	0x1401ae5b0	0x1401ae612	0x140538370
0x1401ae7c7	0x1401ae8ea	0x1405383a0	1	4	0x1401ae5b0	0x1401ae612	0x140538370
0x1401ae8f0	0x1401aedd5	0x140545fec	1	0			
0x1401aede0	0x1401aeea0	0x1405463d4	1	0			
0x1401aeea0	0x1401aef40	0x14054f6d0	1	0			
0x1401aef40	0x1401aef74	0x1405383b4	1	4	0x1401aeea0	0x1401aef40	0x14054f6d0
0x1401aef74	0x1401aeff2	0x1405383c8	1	4	0x1401aeea0	0x1401aef40	0x14054f6d0
0x1401af000	0x1401af1bc	0x1405383d8	1	3			
0x1401af1f0	0x1401af277	0x14053e9b4	1	3			
0x1401af277	0x1401af27f	0x140538290	1	4	0x1401af1f0	0x1401af277	0x14053e9b4
0x1401af27f	0x1401af3eb	0x1405382a4	1	4	0x1401af277	0x1401af27f	0x140538290
0x1401af3eb	0x1401af49e	0x1405382b8	1	4	0x1401af277	0x1401af27f	0x140538290
0x1401af49e	0x1401af4b1	0x1405382c8	1	4	0x1401af1f0	0x1401af277	0x14053e9b4
0x1401af4c0	0x1401af4e5	0x140545b9c	1	0			
0x1401af4e5	0x1401af54c	0x1405382d8	1	4	0x1401af4c0	0x1401af4e5	0x140545b9c
0x1401af54c	0x1401af552	0x1405382ec	1	4	0x1401af4c0	0x1401af4e5	0x140545b9c
0x1401af552	0x1401af557	0x140538300	1	4	0x1401af54c	0x1401af552	0x1405382ec
0x1401af557	0x1401af5b7	0x140538314	1	4	0x1401af552	0x1401af557	0x140538300
0x1401af5b7	0x1401af5fe	0x140538328	1	4	0x1401af552	0x1401af557	0x140538300
0x1401af5fe	0x1401af611	0x140538338	1	4	0x1401af54c	0x1401af552	0x1405382ec
0x1401af620	0x1401af639	0x14053a254	1	0			
0x1401af639	0x1401af687	0x140538348	1	4	0x1401af620	0x1401af639	0x14053a254
0x1401af687	0x1401af692	0x140538360	1	4	0x1401af620	0x1401af639	0x14053a254
0x1401af6f0	0x1401af78a	0x14054deb8	1	0			
0x1401af8d0	0x1401af924	0x1405463d4	1	0			
0x1401af930	0x1401afbe6	0x1405463d4	1	0			
0x1401afbf0	0x1401afc34	0x14053c418	1	0			
0x1401afc70	0x1401afd44	0x1405463d4	1	0			
0x1401afd50	0x1401afd86	0x14054f8f4	1	0			
0x1401afdd0	0x1401aff61	0x140548264	1	0			
0x1401aff70	0x1401b023f	0x14054854c	1	0			
0x1401b0240	0x1401b02bb	0x140538454	1	2			
0x1401b02e0	0x1401b0365	0x140538564	1	3			
0x1401b0370	0x1401b04b9	0x140538488	1	3			
0x1401b04c0	0x1401b05bb	0x1405463d4	1	0			
0x1401b06a0	0x1401b076b	0x1405384d8	1	0			
0x1401b076b	0x1401b078d	0x1405384ec	1	4	0x1401b06a0	0x1401b076b	0x1405384d8
0x1401b078d	0x1401b079a	0x140538538	1	4	0x1401b06a0	0x1401b076b	0x1405384d8
0x1401b079a	0x1401b08d8	0x140538500	1	4	0x1401b06a0	0x1401b076b	0x1405384d8
0x1401b08d8	0x1401b0937	0x140538514	1	4	0x1401b079a	0x1401b08d8	0x140538500
0x1401b0937	0x1401b09bc	0x140538528	1	4	0x1401b079a	0x1401b08d8	0x140538500
0x1401b09bc	0x1401b09ec	0x140538538	1	4	0x1401b06a0	0x1401b076b	0x1405384d8
0x1401b09f0	0x1401b0bb4	0x140538548	1	0			
0x1401b0bc0	0x1401b0d9a	0x140538738	1	3			
0x1401b0da0	0x1401b0dd7	0x14053c418	1	0			
0x1401b0de0	0x1401b0e5a	0x140526458	1	0			
0x1401b0e60	0x1401b0f70	0x140538590	1	2			
0x1401b0f90	0x1401b1015	0x140538698	1	3			
0x1401b1020	0x1401b1050	0x140528d7c	1	0			
0x1401b1050	0x1401b107a	0x14053863c	1	4	0x1401b1020	0x1401b1050	0x140528d7c
0x1401b107a	0x1401b108d	0x140538650	1	4	0x1401b1020	0x1401b1050	0x140528d7c
0x1401b1090	0x1401b10d9	0x140528d7c	1	0			
0x1401b10d9	0x1401b1106	0x140538618	1	4	0x1401b1090	0x1401b10d9	0x140528d7c
0x1401b1106	0x1401b114c	0x14053862c	1	4	0x1401b1090	0x1401b10d9	0x140528d7c
0x1401b1150	0x1401b1203	0x1405463d4	1	0			
0x1401b1210	0x1401b146d	0x14053bbc0	1	0			
0x1401b1470	0x1401b15eb	0x14052f744	1	0			
0x1401b15f0	0x1401b172b	0x14053af04	1	3			
0x1401b1730	0x1401b179e	0x140538660	1	3			
0x1401b179e	0x1401b1841	0x140538674	1	4	0x1401b1730	0x1401b179e	0x140538660
0x1401b1841	0x1401b1891	0x140538688	1	4	0x1401b1730	0x1401b179e	0x140538660
0x1401b18a0	0x1401b1948	0x140533718	1	3			
0x1401b1980	0x1401b19d1	0x14053c418	1	0			
0x1401b19e0	0x1401b1c10	0x1405385b8	1	3			
0x1401b1c10	0x1401b1ce4	0x14053bde0	1	0			
0x1401b1cf0	0x1401b1d8d	0x14053c418	1	0			
0x1401b1d90	0x1401b1ec3	0x1405386ec	1	3			
0x1401b1ed0	0x1401b1f9a	0x14053c418	1	0			
0x1401b1fa0	0x1401b203d	0x14053a5ec	1	3			
0x1401b203d	0x1401b212b	0x1405386c8	1	4	0x1401b1fa0	0x1401b203d	0x14053a5ec
0x1401b212b	0x1401b2143	0x1405386dc	1	4	0x1401b1fa0	0x1401b203d	0x14053a5ec
0x1401b2150	0x1401b22ac	0x140538738	1	3			
0x1401b22b0	0x1401b22e4	0x14053c418	1	0			
0x1401b22f0	0x1401b234c	0x14053c418	1	0			
0x1401b2370	0x1401b239b	0x14053c418	1	0			
0x1401b23a0	0x1401b23cb	0x14053c418	1	0			
0x1401b23d0	0x1401b251b	0x140538780	1	3			
0x1401b2520	0x1401b26fb	0x140538798	1	3			
0x1401b2730	0x1401b27ec	0x140544cdc	1	3			
0x1401b27ec	0x1401b2b91	0x1405387b8	1	4	0x1401b2730	0x1401b27ec	0x140544cdc
0x1401b2b91	0x1401b2bb4	0x1405387cc	1	4	0x1401b2730	0x1401b27ec	0x140544cdc
0x1401b2bb4	0x1401b32f3	0x1405387dc	1	4	0x1401b2730	0x1401b27ec	0x140544cdc
0x1401b3300	0x1401b3624	0x1405387f0	1	3			
0x1401b36a0	0x1401b3e58	0x140538760	1	3			
0x1401b3e60	0x1401b3f37	0x140538778	1	0			
0x1401b3f40	0x1401b4264	0x1405235c4	1	0			
0x1401b4270	0x1401b431f	0x140538778	1	0			
0x1401b4340	0x1401b43b8	0x140545b9c	1	0			
0x1401b4440	0x1401b4462	0x14053880c	1	0			
0x1401b4462	0x1401b4506	0x14053881c	1	4	0x1401b4440	0x1401b4462	0x14053880c
0x1401b4506	0x1401b455a	0x140538834	1	4	0x1401b4440	0x1401b4462	0x14053880c
0x1401b46f0	0x1401b471b	0x14053c418	1	0			
0x1401b4750	0x1401b4a48	0x14053c418	1	0			
0x1401b4a50	0x1401b4d49	0x14054f6d0	1	0			
0x1401b4d49	0x1401b4d89	0x140538844	1	4	0x1401b4a50	0x1401b4d49	0x14054f6d0
0x1401b4d89	0x1401b4de0	0x140538858	1	4	0x1401b4a50	0x1401b4d49	0x14054f6d0
0x1401b4de0	0x1401b4f38	0x1405463d4	1	0			
0x1401b4f80	0x1401b52f0	0x14054854c	1	0			
0x1401b52f0	0x1401b5306	0x14053c418	1	0			
0x1401b5306	0x1401b53ed	0x140538868	1	4	0x1401b52f0	0x1401b5306	0x14053c418
0x1401b53ed	0x1401b5411	0x140538880	1	4	0x1401b52f0	0x1401b5306	0x14053c418
0x1401b5411	0x1401b5473	0x140538880	1	4	0x1401b52f0	0x1401b5306	0x14053c418
0x1401b5473	0x1401b54a8	0x140538880	1	4	0x1401b52f0	0x1401b5306	0x14053c418
0x1401b54a8	0x1401b54cc	0x140538880	1	4	0x1401b52f0	0x1401b5306	0x14053c418
0x1401b54cc	0x1401b551b	0x140538880	1	4	0x1401b52f0	0x1401b5306	0x14053c418
0x1401b551b	0x1401b5531	0x140538880	1	4	0x1401b52f0	0x1401b5306	0x14053c418
0x1401b5531	0x1401b555a	0x140538880	1	4	0x1401b52f0	0x1401b5306	0x14053c418
0x1401b555a	0x1401b5590	0x140538898	1	4	0x1401b52f0	0x1401b5306	0x14053c418
0x1401b5590	0x1401b55d2	0x1405463d4	1	0			
0x1401b55e0	0x1401b5720	0x1405388cc	1	3			
0x1401b5720	0x1401b5818	0x140528944	1	3			
0x1401b5818	0x1401b58b2	0x1405388a8	1	4	0x1401b5720	0x1401b5818	0x140528944
0x1401b58b2	0x1401b58c5	0x1405388bc	1	4	0x1401b5720	0x1401b5818	0x140528944
0x1401b58d0	0x1401b59c4	0x1405251f0	1	3			
0x1401b59d0	0x1401b5a4e	0x14053c418	1	0			
0x1401b5a50	0x1401b5aa1	0x14053c418	1	0			
0x1401b5af0	0x1401b5ba5	0x14053c418	1	0			
0x1401b5bb0	0x1401b5bf2	0x1405463d4	1	0			
0x1401b5c10	0x1401b5d6c	0x14053898c	1	3			
0x1401b5d70	0x1401b5e0f	0x1405389e0	1	3			
0x1401b5e10	0x1401b5e7b	0x140526458	1	0			
0x1401b5e80	0x1401b5ec6	0x14052271c	1	3			
0x1401b5ed0	0x1401b5f16	0x14052271c	1	3			
0x1401b5f20	0x1401b61bc	0x140541b40	1	3			
0x1401b61c0	0x1401b6273	0x140538920	1	3			
0x1401b6273	0x1401b6382	0x14053893c	1	4	0x1401b61c0	0x1401b6273	0x140538920
0x1401b6382	0x1401b6724	0x140538950	1	4	0x1401b6273	0x1401b6382	0x14053893c
0x1401b6724	0x1401b672c	0x14053896c	1	4	0x1401b6273	0x1401b6382	0x14053893c
0x1401b672c	0x1401b674d	0x14053897c	1	4	0x1401b61c0	0x1401b6273	0x140538920
0x1401b6750	0x1401b684d	0x1405251f0	1	3			
0x1401b6850	0x1401b68b0	0x14053c418	1	0			
0x1401b68b0	0x1401b6901	0x14053c418	1	0			
0x1401b6910	0x1401b6944	0x140538a9c	1	3			
0x1401b6944	0x1401b6a48	0x140538ab4	1	4	0x1401b6910	0x1401b6944	0x140538a9c
0x1401b6a48	0x1401b6d99	0x140538ad0	1	4	0x1401b6944	0x1401b6a48	0x140538ab4
0x1401b6d99	0x1401b6dcb	0x140538ae4	1	4	0x1401b6a48	0x1401b6d99	0x140538ad0
0x1401b6dcb	0x1401b70fc	0x140538af8	1	4	0x1401b6a48	0x1401b6d99	0x140538ad0
0x1401b70fc	0x1401b7119	0x140538b08	1	4	0x1401b6944	0x1401b6a48	0x140538ab4
0x1401b7119	0x1401b71e8	0x140538b18	1	4	0x1401b6910	0x1401b6944	0x140538a9c
0x1401b7200	0x1401b721c	0x140538a3c	1	3			
0x1401b721c	0x1401b7255	0x140538a4c	1	4	0x1401b7200	0x1401b721c	0x140538a3c
0x1401b7255	0x1401b72b2	0x140538a68	1	4	0x1401b721c	0x1401b7255	0x140538a4c
0x1401b72b2	0x1401b7353	0x140538a7c	1	4	0x1401b721c	0x1401b7255	0x140538a4c
0x1401b7353	0x1401b7396	0x140538a8c	1	4	0x1401b7200	0x1401b721c	0x140538a3c
0x1401b73a0	0x1401b73cc	0x14054fa50	1	0			
0x1401b73d0	0x1401b7871	0x1405389f0	1	3			
0x1401b7880	0x1401b78ac	0x14054fa50	1	0			
0x1401b78f0	0x1401b797f	0x140538c40	1	2			
0x1401b7980	0x1401b79c4	0x140538b28	1	2			
0x1401b79e0	0x1401b7ae0	0x140538c28	1	3			
0x1401b7ae0	0x1401b7b45	0x140526458	1	0			
0x1401b7b90	0x1401b7c3f	0x140538b7c	1	3			
0x1401b7c70	0x1401b7d04	0x140548264	1	0			
0x1401b7d10	0x1401b7e5c	0x140538bac	1	3			
0x1401b7e60	0x1401b7f4e	0x140538be8	1	3			
0x1401b7f4e	0x1401b7f78	0x140538c04	1	4	0x1401b7e60	0x1401b7f4e	0x140538be8
0x1401b7f78	0x1401b7fc1	0x140538c18	1	4	0x1401b7e60	0x1401b7f4e	0x140538be8
0x1401b7fd0	0x1401b82b5	0x140538bcc	1	3			
0x1401b8330	0x1401b8376	0x140545b9c	1	0			
0x1401b8380	0x1401b842b	0x140526458	1	0			
0x1401b8430	0x1401b84a9	0x14053c418	1	0			
0x1401b84e0	0x1401b85b3	0x140533eac	1	0			
0x1401b85c0	0x1401b8c98	0x140538b94	1	3			
0x1401b8ca0	0x1401b8d59	0x14054854c	1	0			
0x1401b8d60	0x1401b8dbb	0x140545b9c	1	0			
0x1401b8df0	0x1401b8e9d	0x140547830	1	0			
0x1401b8ea0	0x1401b8eff	0x14054854c	1	0			
0x1401b8f00	0x1401b8f4a	0x14054854c	1	0			
0x1401b8f50	0x1401b8fee	0x1405255c0	1	0			
0x1401b8ff0	0x1401b90a6	0x1405255c0	1	0			
0x1401b90b0	0x1401b9154	0x1405255c0	1	0			
0x1401b9160	0x1401b926c	0x1405255c0	1	0			
0x1401b9270	0x1401b92cf	0x140545b9c	1	0			
0x1401b92d0	0x1401b9387	0x140545fec	1	0			
0x1401b9420	0x1401b9455	0x14053c418	1	0			
0x1401b9455	0x1401b9484	0x140538c88	1	4	0x1401b9420	0x1401b9455	0x14053c418
0x1401b9484	0x1401b94b1	0x140538c9c	1	4	0x1401b9420	0x1401b9455	0x14053c418
0x1401b94c0	0x1401b952f	0x14053c418	1	0			
0x1401b9530	0x1401b955d	0x14053c418	1	0			
0x1401b9560	0x1401b959d	0x14053c36c	1	0			
0x1401b959d	0x1401b95cd	0x140538b58	1	4	0x1401b9560	0x1401b959d	0x14053c36c
0x1401b95cd	0x1401b95dd	0x140538b6c	1	4	0x1401b9560	0x1401b959d	0x14053c36c
0x1401b95e0	0x1401b9625	0x14054854c	1	0			
0x1401b9660	0x1401b9701	0x14054eea0	1	0			
0x1401b9701	0x1401b985d	0x140538cd0	1	4	0x1401b9660	0x1401b9701	0x14054eea0
0x1401b985d	0x1401b98ba	0x140538ce4	1	4	0x1401b9660	0x1401b9701	0x14054eea0
0x1401b98d0	0x1401b9922	0x1405463d4	1	0			
0x1401b9930	0x1401b9989	0x1405463d4	1	0			
0x1401b9990	0x1401b99e5	0x1405463d4	1	0			
0x1401b99f0	0x1401b9a49	0x1405463d4	1	0			
0x1401b9a50	0x1401b9aec	0x14054f6d0	1	0			
0x1401b9aec	0x1401b9b71	0x140538cac	1	4	0x1401b9a50	0x1401b9aec	0x14054f6d0
0x1401b9b71	0x1401b9d18	0x140538cc0	1	4	0x1401b9a50	0x1401b9aec	0x14054f6d0
0x1401b9d20	0x1401b9ed2	0x140538cf4	1	3			
0x1401b9ee0	0x1401b9f99	0x1405255c0	1	0			
0x1401b9fa0	0x1401ba046	0x140538778	1	0			
0x1401ba046	0x1401ba08a	0x140538d38	1	4	0x1401b9fa0	0x1401ba046	0x140538778
0x1401ba08a	0x1401ba090	0x140538d50	1	4	0x1401b9fa0	0x1401ba046	0x140538778
0x1401ba120	0x1401ba135	0x140538ec8	1	3			
0x1401ba135	0x1401ba13d	0x140538ed8	1	4	0x1401ba120	0x1401ba135	0x140538ec8
0x1401ba13d	0x1401ba1e9	0x140538eec	1	4	0x1401ba135	0x1401ba13d	0x140538ed8
0x1401ba1e9	0x1401ba300	0x140538f08	1	4	0x1401ba135	0x1401ba13d	0x140538ed8
0x1401ba300	0x1401ba52f	0x140538f20	1	4	0x1401ba135	0x1401ba13d	0x140538ed8
0x1401ba52f	0x1401ba55d	0x140538f34	1	4	0x1401ba120	0x1401ba135	0x140538ec8
0x1401ba9c0	0x1401baa1a	0x140538df4	1	3			
0x1401baa1a	0x1401baa22	0x140538e0c	1	4	0x1401ba9c0	0x1401baa1a	0x140538df4
0x1401baa22	0x1401bacb1	0x140538e20	1	4	0x1401baa1a	0x1401baa22	0x140538e0c
0x1401bacb1	0x1401bace0	0x140538e48	1	4	0x1401baa1a	0x1401baa22	0x140538e0c
0x1401bace0	0x1401bacf9	0x140538e58	1	4	0x1401ba9c0	0x1401baa1a	0x140538df4
0x1401bad00	0x1401bad16	0x140538250	1	0			
0x1401bad80	0x1401baef2	0x140526458	1	0			
0x1401baf00	0x1401baf62	0x140538d60	1	3			
0x1401baf62	0x1401baf6a	0x140538d7c	1	4	0x1401baf00	0x1401baf62	0x140538d60
0x1401baf6a	0x1401bb09a	0x140538d90	1	4	0x1401baf62	0x1401baf6a	0x140538d7c
0x1401bb09a	0x1401bb1a9	0x140538dbc	1	4	0x1401baf6a	0x1401bb09a	0x140538d90
0x1401bb1a9	0x1401bb1f5	0x140538dd0	1	4	0x1401baf62	0x1401baf6a	0x140538d7c
0x1401bb1f5	0x1401bb217	0x140538de4	1	4	0x1401baf00	0x1401baf62	0x140538d60
0x1401bb220	0x1401bb382	0x14054854c	1	0			
0x1401bb390	0x1401bb3a7	0x140537c40	1	0			
0x1401bb3a7	0x1401bb464	0x140538f70	1	4	0x1401bb390	0x1401bb3a7	0x140537c40
0x1401bb464	0x1401bb466	0x140538f84	1	4	0x1401bb390	0x1401bb3a7	0x140537c40
0x1401bb470	0x1401bb5ff	0x14054f4a0	1	0			
0x1401bb640	0x1401bb794	0x1405463d4	1	0			
0x1401bb880	0x1401bb89a	0x140528d7c	1	0			
0x1401bb89a	0x1401bb8c7	0x140538f44	1	4	0x1401bb880	0x1401bb89a	0x140528d7c
0x1401bb8c7	0x1401bb949	0x140538f58	1	4	0x1401bb880	0x1401bb89a	0x140528d7c
0x1401bb950	0x1401bba2c	0x1405463d4	1	0			
0x1401bba30	0x1401bbb27	0x14054854c	1	0			
0x1401bbcd0	0x1401bbd66	0x140538e68	1	3			
0x1401bbd66	0x1401bbd76	0x140538e80	1	4	0x1401bbcd0	0x1401bbd66	0x140538e68
0x1401bbd76	0x1401bbe43	0x140538e94	1	4	0x1401bbd66	0x1401bbd76	0x140538e80
0x1401bbe43	0x1401bbe70	0x140538ea8	1	4	0x1401bbd66	0x1401bbd76	0x140538e80
0x1401bbe70	0x1401bc091	0x140538eb8	1	4	0x1401bbcd0	0x1401bbd66	0x140538e68
0x1401bc0a0	0x1401bc216	0x140526458	1	0			
0x1401bc250	0x1401bc2c3	0x140532c6c	1	0			
0x1401bc380	0x1401bc416	0x140538f94	1	0			
0x1401bc430	0x1401bc4a9	0x14054854c	1	0			
0x1401bc570	0x1401bc94c	0x140538fa8	1	0			
0x1401bc950	0x1401bca78	0x1405235c4	1	0			
0x1401bca80	0x1401bcb3b	0x1405463d4	1	0			
0x1401bcb40	0x1401bd00a	0x1405463d4	1	0			
0x1401bd050	0x1401bd0c8	0x140545b9c	1	0			
0x1401bd120	0x1401bd14b	0x14053c418	1	0			
0x1401bd170	0x1401bd1aa	0x14053c418	1	0			
0x1401bd1aa	0x1401bd2c3	0x140538ff8	1	4	0x1401bd170	0x1401bd1aa	0x14053c418
0x1401bd2c3	0x1401bd2ef	0x14053900c	1	4	0x1401bd170	0x1401bd1aa	0x14053c418
0x1401bd2ef	0x1401bd324	0x14053900c	1	4	0x1401bd170	0x1401bd1aa	0x14053c418
0x1401bd324	0x1401bd35c	0x14053900c	1	4	0x1401bd170	0x1401bd1aa	0x14053c418
0x1401bd35c	0x1401bd3ad	0x14053900c	1	4	0x1401bd170	0x1401bd1aa	0x14053c418
0x1401bd3ad	0x1401bd3d9	0x14053900c	1	4	0x1401bd170	0x1401bd1aa	0x14053c418
0x1401bd3d9	0x1401bd3fc	0x14053900c	1	4	0x1401bd170	0x1401bd1aa	0x14053c418
0x1401bd3fc	0x1401bd43b	0x14053900c	1	4	0x1401bd170	0x1401bd1aa	0x14053c418
0x1401bd43b	0x1401bd44c	0x14053900c	1	4	0x1401bd170	0x1401bd1aa	0x14053c418
0x1401bd44c	0x1401bd485	0x14053900c	1	4	0x1401bd170	0x1401bd1aa	0x14053c418
0x1401bd485	0x1401bd4b4	0x140539020	1	4	0x1401bd170	0x1401bd1aa	0x14053c418
0x1401bd4c0	0x1401bd4fa	0x14053c418	1	0			
0x1401bd4fa	0x1401bd5ab	0x140539030	1	4	0x1401bd4c0	0x1401bd4fa	0x14053c418
0x1401bd5ab	0x1401bd5d7	0x140539044	1	4	0x1401bd4c0	0x1401bd4fa	0x14053c418
0x1401bd5d7	0x1401bd60c	0x140539044	1	4	0x1401bd4c0	0x1401bd4fa	0x14053c418
0x1401bd60c	0x1401bd640	0x140539044	1	4	0x1401bd4c0	0x1401bd4fa	0x14053c418
0x1401bd640	0x1401bd677	0x140539044	1	4	0x1401bd4c0	0x1401bd4fa	0x14053c418
0x1401bd677	0x1401bd6a3	0x140539044	1	4	0x1401bd4c0	0x1401bd4fa	0x14053c418
0x1401bd6a3	0x1401bd6c6	0x140539044	1	4	0x1401bd4c0	0x1401bd4fa	0x14053c418
0x1401bd6c6	0x1401bd701	0x140539044	1	4	0x1401bd4c0	0x1401bd4fa	0x14053c418
0x1401bd701	0x1401bd712	0x140539044	1	4	0x1401bd4c0	0x1401bd4fa	0x14053c418
0x1401bd712	0x1401bd74f	0x140539044	1	4	0x1401bd4c0	0x1401bd4fa	0x14053c418
0x1401bd74f	0x1401bd780	0x140539058	1	4	0x1401bd4c0	0x1401bd4fa	0x14053c418
0x1401bd7c0	0x1401bd9a4	0x14053c418	1	0			
0x1401bd9b0	0x1401bd9cd	0x14053c418	1	0			
0x1401bd9cd	0x1401bda9b	0x140539068	1	4	0x1401bd9b0	0x1401bd9cd	0x14053c418
0x1401bda9b	0x1401bdac7	0x14053907c	1	4	0x1401bd9b0	0x1401bd9cd	0x14053c418
0x1401bdac7	0x1401bdb08	0x14053907c	1	4	0x1401bd9b0	0x1401bd9cd	0x14053c418
0x1401bdb08	0x1401bdb31	0x14053907c	1	4	0x1401bd9b0	0x1401bd9cd	0x14053c418
0x1401bdb31	0x1401bdb5d	0x14053907c	1	4	0x1401bd9b0	0x1401bd9cd	0x14053c418
0x1401bdb5d	0x1401bdb80	0x14053907c	1	4	0x1401bd9b0	0x1401bd9cd	0x14053c418
0x1401bdb80	0x1401bdbbb	0x14053907c	1	4	0x1401bd9b0	0x1401bd9cd	0x14053c418
0x1401bdbbb	0x1401bdbcc	0x14053907c	1	4	0x1401bd9b0	0x1401bd9cd	0x14053c418
0x1401bdbcc	0x1401bdc13	0x14053907c	1	4	0x1401bd9b0	0x1401bd9cd	0x14053c418
0x1401bdc13	0x1401bdc44	0x140539090	1	4	0x1401bd9b0	0x1401bd9cd	0x14053c418
0x1401bdc50	0x1401bdc8a	0x14053c418	1	0			
0x1401bdc8a	0x1401bdd57	0x140538fc0	1	4	0x1401bdc50	0x1401bdc8a	0x14053c418
0x1401bdd57	0x1401bdd94	0x140538fd4	1	4	0x1401bdc50	0x1401bdc8a	0x14053c418
0x1401bdd94	0x1401bddd0	0x140538fd4	1	4	0x1401bdc50	0x1401bdc8a	0x14053c418
0x1401bddd0	0x1401bddf8	0x140538fd4	1	4	0x1401bdc50	0x1401bdc8a	0x14053c418
0x1401bddf8	0x1401bde12	0x140538fd4	1	4	0x1401bdc50	0x1401bdc8a	0x14053c418
0x1401bde12	0x1401bde3e	0x140538fd4	1	4	0x1401bdc50	0x1401bdc8a	0x14053c418
0x1401bde3e	0x1401bde61	0x140538fd4	1	4	0x1401bdc50	0x1401bdc8a	0x14053c418
0x1401bde61	0x1401bde9c	0x140538fd4	1	4	0x1401bdc50	0x1401bdc8a	0x14053c418
0x1401bde9c	0x1401bdead	0x140538fd4	1	4	0x1401bdc50	0x1401bdc8a	0x14053c418
0x1401bdead	0x1401bdee8	0x140538fd4	1	4	0x1401bdc50	0x1401bdc8a	0x14053c418
0x1401bdee8	0x1401bdf1c	0x140538fe8	1	4	0x1401bdc50	0x1401bdc8a	0x14053c418
0x1401bdf70	0x1401be014	0x14053c418	1	0			
0x1401be020	0x1401be2d4	0x14053c418	1	0			
0x1401be2e0	0x1401be38b	0x14053c418	1	0			
0x1401be3f0	0x1401be455	0x1405463d4	1	0			
0x1401be460	0x1401be48b	0x14053c418	1	0			
0x1401be6d0	0x1401be766	0x14053c418	1	0			
0x1401be790	0x1401be7dd	0x1405463d4	1	0			
0x1401be7e0	0x1401be93e	0x1405390a0	1	3			
0x1401be93e	0x1401bf234	0x1405390e0	1	4	0x1401be7e0	0x1401be93e	0x1405390a0
0x1401bf310	0x1401bf3ef	0x14054854c	1	0			
0x1401bf510	0x1401bf553	0x140538250	1	0			
0x1401bf650	0x1401bfabf	0x1405390f4	1	2			
0x1401bfac0	0x1401bfb2f	0x140539660	1	2			
0x1401bfb30	0x1401bfb9f	0x14053951c	1	2			
0x1401bfba0	0x1401bfd16	0x1405392e0	1	3			
0x1401bfd20	0x1401bfd88	0x1405396b0	1	3			
0x1401bfd90	0x1401bfdf8	0x140539570	1	3			
0x1401bfe40	0x1401bfe74	0x1405463d4	1	0			
0x1401bfe80	0x1401bfeb4	0x1405463d4	1	0			
0x1401bfec0	0x1401bfef4	0x1405463d4	1	0			
0x1401bff00	0x1401bff2b	0x14053c418	1	0			
0x1401bff30	0x1401bffa9	0x14053939c	1	0			
0x1401bffa9	0x1401c00de	0x1405393a8	1	4	0x1401bff30	0x1401bffa9	0x14053939c
0x1401c00de	0x1401c0227	0x1405393bc	1	4	0x1401bff30	0x1401bffa9	0x14053939c
0x1401c0230	0x1401c029a	0x140528270	1	3			
0x1401c029a	0x1401c0320	0x140539300	1	4	0x1401c0230	0x1401c029a	0x140528270
0x1401c0320	0x1401c034b	0x140539318	1	4	0x1401c0230	0x1401c029a	0x140528270
0x1401c0360	0x1401c05d9	0x1405396c8	1	3			
0x1401c05e0	0x1401c07b5	0x140539588	1	3			
0x1401c07e0	0x1401c08b6	0x140526458	1	0			
0x1401c08c0	0x1401c0925	0x1405463d4	1	0			
0x1401c0930	0x1401c0985	0x1405463d4	1	0			
0x1401c0990	0x1401c0ac3	0x1405393cc	1	0			
0x1401c0ac3	0x1401c0af1	0x1405393e4	1	4	0x1401c0990	0x1401c0ac3	0x1405393cc
0x1401c0af1	0x1401c0d55	0x140539444	1	4	0x1401c0990	0x1401c0ac3	0x1405393cc
0x1401c0d55	0x1401c0d60	0x1405393f8	1	4	0x1401c0990	0x1401c0ac3	0x1405393cc
0x1401c0d60	0x1401c0da0	0x14053940c	1	4	0x1401c0d55	0x1401c0d60	0x1405393f8
0x1401c0da0	0x1401c1248	0x140539434	1	4	0x1401c0d55	0x1401c0d60	0x1405393f8
0x1401c1248	0x1401c1635	0x140539420	1	4	0x1401c0d55	0x1401c0d60	0x1405393f8
0x1401c1635	0x1401c1c37	0x140539434	1	4	0x1401c0d55	0x1401c0d60	0x1405393f8
0x1401c1c37	0x1401c1cc8	0x140539444	1	4	0x1401c0990	0x1401c0ac3	0x1405393cc
0x1401c1cd0	0x1401c1d40	0x14053c418	1	0			
0x1401c1d40	0x1401c1db0	0x14053c418	1	0			
0x1401c1ec0	0x1401c1fb3	0x1405282c4	1	3			
0x1401c1fb3	0x1401c201c	0x1405394f4	1	4	0x1401c1ec0	0x1401c1fb3	0x1405282c4
0x1401c201c	0x1401c20c3	0x14053950c	1	4	0x1401c1ec0	0x1401c1fb3	0x1405282c4
0x1401c2130	0x1401c2156	0x14053c418	1	0			
0x1401c2160	0x1401c217d	0x14054f8f4	1	0			
0x1401c2180	0x1401c2341	0x140539740	1	0			
0x1401c2350	0x1401c244b	0x1405395f0	1	0			
0x1401c2460	0x1401c24da	0x140539454	1	3			
0x1401c24da	0x1401c29ad	0x14053946c	1	4	0x1401c2460	0x1401c24da	0x140539454
0x1401c29ad	0x1401c2a18	0x140539488	1	4	0x1401c2460	0x1401c24da	0x140539454
0x1401c2a18	0x1401c2a48	0x1405394a0	1	4	0x1401c2460	0x1401c24da	0x140539454
0x1401c2a50	0x1401c2a61	0x140539754	1	0			
0x1401c2a61	0x1401c2b35	0x140539764	1	4	0x1401c2a50	0x1401c2a61	0x140539754
0x1401c2b35	0x1401c2bb3	0x14053977c	1	4	0x1401c2a50	0x1401c2a61	0x140539754
0x1401c2bb3	0x1401c2c97	0x14053978c	1	4	0x1401c2b35	0x1401c2bb3	0x14053977c
0x1401c2c97	0x1401c2cdb	0x1405397a0	1	4	0x1401c2b35	0x1401c2bb3	0x14053977c
0x1401c2ce0	0x1401c2cf3	0x140539604	1	0			
0x1401c2cf3	0x1401c2d89	0x140539614	1	4	0x1401c2ce0	0x1401c2cf3	0x140539604
0x1401c2d89	0x1401c2dcf	0x14053962c	1	4	0x1401c2ce0	0x1401c2cf3	0x140539604
0x1401c2dcf	0x1401c2e62	0x14053963c	1	4	0x1401c2d89	0x1401c2dcf	0x14053962c
0x1401c2e62	0x1401c2e94	0x140539650	1	4	0x1401c2d89	0x1401c2dcf	0x14053962c
0x1401c2ea0	0x1401c3022	0x1405463d4	1	0			
0x1401c3030	0x1401c30aa	0x140545fec	1	0			
0x1401c30b0	0x1401c312a	0x140545fec	1	0			
0x1401c3130	0x1401c3359	0x140539328	1	3			
0x1401c3359	0x1401c34c8	0x140539344	1	4	0x1401c3130	0x1401c3359	0x140539328
0x1401c34c8	0x1401c64c0	0x140539360	1	4	0x1401c3130	0x1401c3359	0x140539328
0x1401c64c0	0x1401c6561	0x140539370	1	4	0x1401c34c8	0x1401c64c0	0x140539360
0x1401c6561	0x1401c6e7c	0x14053938c	1	4	0x1401c34c8	0x1401c64c0	0x140539360
0x1401c6eb0	0x1401c6f24	0x14053c418	1	0			
0x1401c6f30	0x1401c6fa4	0x14053c418	1	0			
0x1401c6fb0	0x1401c6fdd	0x1405394b0	1	3			
0x1401c6fdd	0x1401c71b1	0x1405394c4	1	4	0x1401c6fb0	0x1401c6fdd	0x1405394b0
0x1401c71b1	0x1401c723e	0x1405394e0	1	4	0x1401c6fb0	0x1401c6fdd	0x1405394b0
0x1401c7240	0x1401c72c5	0x140530260	1	3			
0x1401c72d0	0x1401c733a	0x140523670	1	3			
0x1401c7520	0x1401c76d2	0x140539830	1	3			
0x1401c76e0	0x1401c797a	0x14052bbc0	1	0			
0x1401c7980	0x1401c79aa	0x1405397d8	1	3			
0x1401c79aa	0x1401c7b04	0x1405397ec	1	4	0x1401c7980	0x1401c79aa	0x1405397d8
0x1401c7b04	0x1401c7b18	0x140539810	1	4	0x1401c7980	0x1401c79aa	0x1405397d8
0x1401c7b20	0x1401c7b92	0x140545b9c	1	0			
0x1401c7b92	0x1401c7cf8	0x1405397b0	1	4	0x1401c7b20	0x1401c7b92	0x140545b9c
0x1401c7cf8	0x1401c7d1b	0x1405397c8	1	4	0x1401c7b20	0x1401c7b92	0x140545b9c
0x1401c7d80	0x1401c7ee5	0x140532364	1	3			
0x1401c8020	0x1401c819e	0x1405383d8	1	3			
0x1401c81a0	0x1401c837f	0x140539820	1	3			
0x1401c8380	0x1401c839c	0x14053c418	1	0			
0x1401c839c	0x1401c844d	0x140539900	1	4	0x1401c8380	0x1401c839c	0x14053c418
0x1401c844d	0x1401c84a0	0x140539914	1	4	0x1401c8380	0x1401c839c	0x14053c418
0x1401c84a0	0x1401c84cc	0x140539914	1	4	0x1401c8380	0x1401c839c	0x14053c418
0x1401c84cc	0x1401c84e4	0x140539914	1	4	0x1401c8380	0x1401c839c	0x14053c418
0x1401c84e4	0x1401c84f6	0x140539914	1	4	0x1401c8380	0x1401c839c	0x14053c418
0x1401c84f6	0x1401c857c	0x140539914	1	4	0x1401c8380	0x1401c839c	0x14053c418
0x1401c857c	0x1401c859c	0x140539928	1	4	0x1401c8380	0x1401c839c	0x14053c418
0x1401c85a0	0x1401c85bc	0x14053c418	1	0			
0x1401c85bc	0x1401c866d	0x140539970	1	4	0x1401c85a0	0x1401c85bc	0x14053c418
0x1401c866d	0x1401c86c1	0x140539984	1	4	0x1401c85a0	0x1401c85bc	0x14053c418
0x1401c86c1	0x1401c86ed	0x140539984	1	4	0x1401c85a0	0x1401c85bc	0x14053c418
0x1401c86ed	0x1401c8705	0x140539984	1	4	0x1401c85a0	0x1401c85bc	0x14053c418
0x1401c8705	0x1401c8717	0x140539984	1	4	0x1401c85a0	0x1401c85bc	0x14053c418
0x1401c8717	0x1401c879d	0x140539984	1	4	0x1401c85a0	0x1401c85bc	0x14053c418
0x1401c879d	0x1401c87bc	0x140539998	1	4	0x1401c85a0	0x1401c85bc	0x14053c418
0x1401c87c0	0x1401c8946	0x1405463d4	1	0			
0x1401c8950	0x1401c896c	0x14053c418	1	0			
0x1401c896c	0x1401c8a2b	0x140539890	1	4	0x1401c8950	0x1401c896c	0x14053c418
0x1401c8a2b	0x1401c8a7f	0x1405398a4	1	4	0x1401c8950	0x1401c896c	0x14053c418
0x1401c8a7f	0x1401c8aab	0x1405398a4	1	4	0x1401c8950	0x1401c896c	0x14053c418
0x1401c8aab	0x1401c8ac3	0x1405398a4	1	4	0x1401c8950	0x1401c896c	0x14053c418
0x1401c8ac3	0x1401c8ad5	0x1405398a4	1	4	0x1401c8950	0x1401c896c	0x14053c418
0x1401c8ad5	0x1401c8b5b	0x1405398a4	1	4	0x1401c8950	0x1401c896c	0x14053c418
0x1401c8b5b	0x1401c8b7c	0x1405398b8	1	4	0x1401c8950	0x1401c896c	0x14053c418
0x1401c8b80	0x1401c8b9c	0x14053c418	1	0			
0x1401c8b9c	0x1401c8c6e	0x1405398c8	1	4	0x1401c8b80	0x1401c8b9c	0x14053c418
0x1401c8c6e	0x1401c8cc2	0x1405398dc	1	4	0x1401c8b80	0x1401c8b9c	0x14053c418
0x1401c8cc2	0x1401c8cee	0x1405398dc	1	4	0x1401c8b80	0x1401c8b9c	0x14053c418
0x1401c8cee	0x1401c8d06	0x1405398dc	1	4	0x1401c8b80	0x1401c8b9c	0x14053c418
0x1401c8d06	0x1401c8d18	0x1405398dc	1	4	0x1401c8b80	0x1401c8b9c	0x14053c418
0x1401c8d18	0x1401c8d2b	0x1405398dc	1	4	0x1401c8b80	0x1401c8b9c	0x14053c418
0x1401c8d2b	0x1401c8dc3	0x1405398dc	1	4	0x1401c8b80	0x1401c8b9c	0x14053c418
0x1401c8dc3	0x1401c8e7f	0x1405398dc	1	4	0x1401c8b80	0x1401c8b9c	0x14053c418
0x1401c8e7f	0x1401c8f16	0x1405398dc	1	4	0x1401c8b80	0x1401c8b9c	0x14053c418
0x1401c8f16	0x1401c8f5e	0x1405398dc	1	4	0x1401c8b80	0x1401c8b9c	0x14053c418
0x1401c8f5e	0x1401c8f9c	0x1405398f0	1	4	0x1401c8b80	0x1401c8b9c	0x14053c418
0x1401c8fa0	0x1401c8fb5	0x14053c418	1	0			
0x1401c8fb5	0x1401c9161	0x140539850	1	4	0x1401c8fa0	0x1401c8fb5	0x14053c418
0x1401c9161	0x1401c91ad	0x140539868	1	4	0x1401c8fa0	0x1401c8fb5	0x14053c418
0x1401c91ad	0x1401c91fc	0x140539868	1	4	0x1401c8fa0	0x1401c8fb5	0x14053c418
0x1401c91fc	0x1401c922d	0x140539868	1	4	0x1401c8fa0	0x1401c8fb5	0x14053c418
0x1401c922d	0x1401c924a	0x140539868	1	4	0x1401c8fa0	0x1401c8fb5	0x14053c418
0x1401c924a	0x1401c9261	0x140539868	1	4	0x1401c8fa0	0x1401c8fb5	0x14053c418
0x1401c9261	0x1401c92d5	0x140539868	1	4	0x1401c8fa0	0x1401c8fb5	0x14053c418
0x1401c92d5	0x1401c9331	0x140539868	1	4	0x1401c8fa0	0x1401c8fb5	0x14053c418
0x1401c9331	0x1401c936e	0x140539868	1	4	0x1401c8fa0	0x1401c8fb5	0x14053c418
0x1401c936e	0x1401c93ac	0x140539868	1	4	0x1401c8fa0	0x1401c8fb5	0x14053c418
0x1401c93ac	0x1401c9410	0x140539868	1	4	0x1401c8fa0	0x1401c8fb5	0x14053c418
0x1401c9410	0x1401c9471	0x140539868	1	4	0x1401c8fa0	0x1401c8fb5	0x14053c418
0x1401c9471	0x1401c94cb	0x140539868	1	4	0x1401c8fa0	0x1401c8fb5	0x14053c418
0x1401c94cb	0x1401c94dc	0x140539868	1	4	0x1401c8fa0	0x1401c8fb5	0x14053c418
0x1401c94dc	0x1401c9554	0x140539880	1	4	0x1401c8fa0	0x1401c8fb5	0x14053c418
0x1401c9560	0x1401c9604	0x14053c418	1	0			
0x1401c9610	0x1401c962c	0x14053c418	1	0			
0x1401c962c	0x1401c96dd	0x140539938	1	4	0x1401c9610	0x1401c962c	0x14053c418
0x1401c96dd	0x1401c9731	0x14053994c	1	4	0x1401c9610	0x1401c962c	0x14053c418
0x1401c9731	0x1401c975d	0x14053994c	1	4	0x1401c9610	0x1401c962c	0x14053c418
0x1401c975d	0x1401c9775	0x14053994c	1	4	0x1401c9610	0x1401c962c	0x14053c418
0x1401c9775	0x1401c9787	0x14053994c	1	4	0x1401c9610	0x1401c962c	0x14053c418
0x1401c9787	0x1401c980d	0x14053994c	1	4	0x1401c9610	0x1401c962c	0x14053c418
0x1401c980d	0x1401c982c	0x140539960	1	4	0x1401c9610	0x1401c962c	0x14053c418
0x1401c9830	0x1401c98ea	0x1405463d4	1	0			
0x1401c9920	0x1401c994b	0x14053c418	1	0			
0x1401c9950	0x1401c997b	0x14053c418	1	0			
0x1401c9a90	0x1401c9af4	0x1405399a8	1	2			
0x1401c9b10	0x1401c9b76	0x1405463d4	1	0			
0x1401c9b80	0x1401c9cf3	0x1405399d0	1	3			
0x1401c9d00	0x1401ca0a8	0x140523e70	1	3			
0x1401ca0b0	0x1401ca280	0x140539b24	1	0			
0x1401ca2a0	0x1401ca304	0x140539a28	1	2			
0x1401ca320	0x1401ca386	0x1405463d4	1	0			
0x1401ca390	0x1401ca7cb	0x140539a50	1	3			
0x1401ca7d0	0x1401ca91d	0x140539ac8	1	3			
0x1401ca91d	0x1401cacb0	0x140539ae0	1	4	0x1401ca7d0	0x1401ca91d	0x140539ac8
0x1401cacb0	0x1401cad3f	0x140539b00	1	4	0x1401ca7d0	0x1401ca91d	0x140539ac8
0x1401cad3f	0x1401cada4	0x140539b14	1	4	0x1401ca7d0	0x1401ca91d	0x140539ac8
0x1401cadb0	0x1401cafb0	0x140539b24	1	0			
0x1401cafd0	0x1401cb050	0x140539b2c	1	2			
0x1401cb070	0x1401cb0d6	0x1405463d4	1	0			
0x1401cb0e0	0x1401cb214	0x140535960	1	3			
0x1401cb220	0x1401cb2b6	0x140526458	1	0			
0x1401cb2c0	0x1401cb301	0x140545b9c	1	0			
0x1401cb310	0x1401cb470	0x140539b58	1	3			
0x1401cb470	0x1401cb539	0x14053c418	1	0			
0x1401cb540	0x1401cb583	0x140539bb0	1	3			
0x1401cb583	0x1401cb7fd	0x140539bd4	1	4	0x1401cb540	0x1401cb583	0x140539bb0
0x1401cb7fd	0x1401cb8bc	0x140539be8	1	4	0x1401cb540	0x1401cb583	0x140539bb0
0x1401cb8bc	0x1401cb9f6	0x140539bf8	1	4	0x1401cb7fd	0x1401cb8bc	0x140539be8
0x1401cb9f6	0x1401cbaf1	0x140539c0c	1	4	0x1401cb8bc	0x1401cb9f6	0x140539bf8
0x1401cbaf1	0x1401cbb25	0x140539c24	1	4	0x1401cb8bc	0x1401cb9f6	0x140539bf8
0x1401cbb25	0x1401cbb50	0x140539c34	1	4	0x1401cb7fd	0x1401cb8bc	0x140539be8
0x1401cbb50	0x1401cbbfe	0x140526458	1	0			
0x1401cbc00	0x1401cbd8b	0x14052d9ec	1	3			
0x1401cbd90	0x1401cbdef	0x14053c418	1	0			
0x1401cbe00	0x1401cbf9e	0x14053c418	1	0			
0x1401cbfe0	0x1401cc06e	0x140539c44	1	2			
0x1401cc090	0x1401cc102	0x1405463d4	1	0			
0x1401cc110	0x1401cc259	0x140539c88	1	3			
0x1401cc280	0x1401cc331	0x14054f8f4	1	0			
0x1401cc340	0x1401cc391	0x14053c418	1	0			
0x1401cc3a0	0x1401cc443	0x140530260	1	3			
0x1401cc450	0x1401cc510	0x14054f600	1	3			
0x1401cc510	0x1401cc5a3	0x14054854c	1	0			
0x1401cc5b0	0x1401cc660	0x140539cd8	1	3			
0x1401cc660	0x1401cc7e2	0x140539cf4	1	4	0x1401cc5b0	0x1401cc660	0x140539cd8
0x1401cc7e2	0x1401cc8d0	0x140539d14	1	4	0x1401cc5b0	0x1401cc660	0x140539cd8
0x1401cc8d0	0x1401cc8f1	0x140539d28	1	4	0x1401cc5b0	0x1401cc660	0x140539cd8
0x1401cc900	0x1401cca0a	0x14053c418	1	0			
0x1401cca10	0x1401ccd91	0x140539e94	1	3			
0x1401ccda0	0x1401ccdda	0x14053c418	1	0			
0x1401ccde0	0x1401cce60	0x14053c418	1	0			
0x1401cce60	0x1401cd108	0x140539ee0	1	3			
0x1401cd110	0x1401cd1b3	0x140530260	1	3			
0x1401cd1c0	0x1401cd314	0x14053ad6c	1	0			
0x1401cd320	0x1401cd48a	0x14053ad6c	1	0			
0x1401cd490	0x1401cd60b	0x140539ec4	1	0			
0x1401cd610	0x1401cd685	0x14053c418	1	0			
0x1401cd690	0x1401cd7cd	0x14053a660	1	0			
0x1401cd7d0	0x1401cd85c	0x14053a624	1	3			
0x1401cd85c	0x1401cd93a	0x140539e58	1	4	0x1401cd7d0	0x1401cd85c	0x14053a624
0x1401cd93a	0x1401cd9b3	0x140539e70	1	4	0x1401cd7d0	0x1401cd85c	0x14053a624
0x1401cd9b3	0x1401cd9cb	0x140539e84	1	4	0x1401cd7d0	0x1401cd85c	0x14053a624
0x1401cd9d0	0x1401cda1f	0x140539da8	1	3			
0x1401cda1f	0x1401cdb00	0x140539dbc	1	4	0x1401cd9d0	0x1401cda1f	0x140539da8
0x1401cdb00	0x1401cdb3d	0x140539dd0	1	4	0x1401cda1f	0x1401cdb00	0x140539dbc
0x1401cdb3d	0x1401cdb62	0x140539de4	1	4	0x1401cdb00	0x1401cdb3d	0x140539dd0
0x1401cdb62	0x1401cdcb7	0x140539df8	1	4	0x1401cdb3d	0x1401cdb62	0x140539de4
0x1401cdcb7	0x1401cdcfd	0x140539e18	1	4	0x1401cdb3d	0x1401cdb62	0x140539de4
0x1401cdcfd	0x1401cdd05	0x140539e28	1	4	0x1401cdb00	0x1401cdb3d	0x140539dd0
0x1401cdd05	0x1401cdd0e	0x140539e38	1	4	0x1401cda1f	0x1401cdb00	0x140539dbc
0x1401cdd0e	0x1401cdd27	0x140539e48	1	4	0x1401cd9d0	0x1401cda1f	0x140539da8
0x1401cdd30	0x1401cdd80	0x14053c418	1	0			
0x1401cdd80	0x1401cde47	0x140539d38	1	3			
0x1401cde47	0x1401cdeee	0x140539d4c	1	4	0x1401cdd80	0x1401cde47	0x140539d38
0x1401cdeee	0x1401cdfa4	0x140539d60	1	4	0x1401cdd80	0x1401cde47	0x140539d38
0x1401cdfa4	0x1401ce079	0x140539d70	1	4	0x1401cdeee	0x1401cdfa4	0x140539d60
0x1401ce079	0x1401ce092	0x140539d98	1	4	0x1401cdeee	0x1401cdfa4	0x140539d60
0x1401ce092	0x1401ce0be	0x140539d84	1	4	0x1401cdeee	0x1401cdfa4	0x140539d60
0x1401ce0be	0x1401ce0ea	0x140539d98	1	4	0x1401cdeee	0x1401cdfa4	0x140539d60
0x1401ce150	0x1401ce1c8	0x140539efc	1	2			
0x1401ce1e0	0x1401ce246	0x1405463d4	1	0			
0x1401ce250	0x1401ce43a	0x140539f28	1	3			
0x1401ce440	0x1401ce560	0x140539f80	1	3			
0x1401ce560	0x1401ce78d	0x140539f90	1	4	0x1401ce440	0x1401ce560	0x140539f80
0x1401ce78d	0x1401ce7d8	0x140539fa8	1	4	0x1401ce440	0x1401ce560	0x140539f80
0x1401ce7e0	0x1401ce8c5	0x140539fb8	1	3			
0x1401ce8c5	0x1401ce9fa	0x140539fd0	1	4	0x1401ce7e0	0x1401ce8c5	0x140539fb8
0x1401ce9fa	0x1401cedae	0x140539ff4	1	4	0x1401ce8c5	0x1401ce9fa	0x140539fd0
0x1401cedae	0x1401ceeac	0x14053a00c	1	4	0x1401ce8c5	0x1401ce9fa	0x140539fd0
0x1401ceeac	0x1401ceeca	0x14053a01c	1	4	0x1401ce7e0	0x1401ce8c5	0x140539fb8
0x1401ceed0	0x1401cf0a5	0x140535960	1	3			
0x1401cf0b0	0x1401cf0e6	0x14053c418	1	0			
0x1401cf0f0	0x1401cf16d	0x14053c418	1	0			
0x1401cf190	0x1401cf1f6	0x14053a02c	1	2			
0x1401cf210	0x1401cf276	0x1405463d4	1	0			
0x1401cf280	0x1401cf3d6	0x14053a058	1	3			
0x1401cf3e0	0x1401cf436	0x14053a0b0	1	3			
0x1401cf436	0x1401cf730	0x14053a0d0	1	4	0x1401cf3e0	0x1401cf436	0x14053a0b0
0x1401cf730	0x1401cf897	0x14053a0e4	1	4	0x1401cf3e0	0x1401cf436	0x14053a0b0
0x1401cf8e0	0x1401cf9c7	0x14053a0f4	1	2			
0x1401cf9e0	0x1401cfa46	0x1405463d4	1	0			
0x1401cfa50	0x1401cfa80	0x140528d7c	1	0			
0x1401cfa80	0x1401cfaaa	0x14053a284	1	4	0x1401cfa50	0x1401cfa80	0x140528d7c
0x1401cfaaa	0x1401cfad9	0x14053a298	1	4	0x1401cfa50	0x1401cfa80	0x140528d7c
0x1401cfae0	0x1401cfc9d	0x14053a1a8	1	3			
0x1401cfca0	0x1401cfce9	0x140528d7c	1	0			
0x1401cfce9	0x1401cfd16	0x14053a230	1	4	0x1401cfca0	0x1401cfce9	0x140528d7c
0x1401cfd16	0x1401cfd5c	0x14053a244	1	4	0x1401cfca0	0x1401cfce9	0x140528d7c
0x1401cfd60	0x1401cfe0a	0x14053a200	1	0			
0x1401cfe0a	0x1401cfe79	0x14053a20c	1	4	0x1401cfd60	0x1401cfe0a	0x14053a200
0x1401cfe79	0x1401cfe99	0x14053a220	1	4	0x1401cfd60	0x1401cfe0a	0x14053a200
0x1401cfea0	0x1401d002d	0x140545b9c	1	0			
0x1401d0030	0x1401d018d	0x14053a2a8	1	0			
0x1401d0190	0x1401d02cb	0x14053af04	1	3			
0x1401d02d0	0x1401d033e	0x140538660	1	3			
0x1401d033e	0x1401d03e1	0x14053a2c0	1	4	0x1401d02d0	0x1401d033e	0x140538660
0x1401d03e1	0x1401d0431	0x14053a2d4	1	4	0x1401d02d0	0x1401d033e	0x140538660
0x1401d0470	0x1401d04d7	0x14053c418	1	0			
0x1401d04e0	0x1401d051f	0x14053a120	1	3			
0x1401d051f	0x1401d0643	0x14053a138	1	4	0x1401d04e0	0x1401d051f	0x14053a120
0x1401d0643	0x1401d068c	0x14053a160	1	4	0x1401d051f	0x1401d0643	0x14053a138
0x1401d068c	0x1401d0718	0x14053a174	1	4	0x1401d0643	0x1401d068c	0x14053a160
0x1401d0718	0x1401d0881	0x14053a188	1	4	0x1401d0643	0x1401d068c	0x14053a160
0x1401d0881	0x1401d089a	0x14053a198	1	4	0x1401d04e0	0x1401d051f	0x14053a120
0x1401d08a0	0x1401d0926	0x14053c418	1	0			
0x1401d0930	0x1401d0975	0x140539b24	1	0			
0x1401d0980	0x1401d09c3	0x14053a254	1	0			
0x1401d09c3	0x1401d0a3b	0x14053a260	1	4	0x1401d0980	0x1401d09c3	0x14053a254
0x1401d0a3b	0x1401d0a9b	0x14053a274	1	4	0x1401d0980	0x1401d09c3	0x14053a254
0x1401d0aa0	0x1401d0b18	0x14053a2e4	1	2			
0x1401d0b30	0x1401d0ba2	0x1405463d4	1	0			
0x1401d0bb0	0x1401d0dd2	0x14053a328	1	3			
0x1401d0e00	0x1401d0fd4	0x14053a380	1	3			
0x1401d0fd4	0x1401d10b0	0x14053a39c	1	4	0x1401d0e00	0x1401d0fd4	0x14053a380
0x1401d10b0	0x1401d127d	0x14053a3b0	1	4	0x1401d0e00	0x1401d0fd4	0x14053a380
0x1401d1300	0x1401d136b	0x14053a3c0	1	2			
0x1401d1390	0x1401d13f6	0x1405463d4	1	0			
0x1401d1400	0x1401d1590	0x14053a494	1	3			
0x1401d1590	0x1401d1712	0x14053a3e8	1	3			
0x1401d1720	0x1401d1813	0x14053a4b4	1	3			
0x1401d1820	0x1401d1ce4	0x14053a440	1	3			
0x1401d1ce4	0x1401d202c	0x14053a460	1	4	0x1401d1820	0x1401d1ce4	0x14053a440
0x1401d202c	0x1401d20b7	0x14053a484	1	4	0x1401d1820	0x1401d1ce4	0x14053a440
0x1401d20e0	0x1401d2125	0x140539b24	1	0			
0x1401d2150	0x1401d21e2	0x14053a4dc	1	2			
0x1401d2200	0x1401d2266	0x1405463d4	1	0			
0x1401d2270	0x1401d23c2	0x14053a508	1	3			
0x1401d23d0	0x1401d23fb	0x14053c418	1	0			
0x1401d2400	0x1401d24bd	0x14054f600	1	3			
0x1401d24c0	0x1401d25aa	0x14054854c	1	0			
0x1401d25b0	0x1401d2644	0x14053a558	1	3			
0x1401d2644	0x1401d264c	0x14053a570	1	4	0x1401d25b0	0x1401d2644	0x14053a558
0x1401d264c	0x1401d27e0	0x14053a584	1	4	0x1401d2644	0x1401d264c	0x14053a570
0x1401d27e0	0x1401d28bd	0x14053a5a4	1	4	0x1401d2644	0x1401d264c	0x14053a570
0x1401d28bd	0x1401d28da	0x14053a5b8	1	4	0x1401d25b0	0x1401d2644	0x14053a558
0x1401d28e0	0x1401d2a10	0x1405463d4	1	0			
0x1401d2a10	0x1401d2bd6	0x14052d9ec	1	3			
0x1401d2be0	0x1401d2c1a	0x14053c418	1	0			
0x1401d2c20	0x1401d2cc0	0x140526458	1	0			
0x1401d2cc0	0x1401d2d5b	0x14053bbc0	1	0			
0x1401d2d60	0x1401d2e19	0x14052a03c	1	0			
0x1401d2e20	0x1401d2e8a	0x14053c418	1	0			
0x1401d2e90	0x1401d2f93	0x14053a660	1	0			
0x1401d2fa0	0x1401d302d	0x14053a624	1	3			
0x1401d302d	0x1401d3109	0x14053a638	1	4	0x1401d2fa0	0x1401d302d	0x14053a624
0x1401d3109	0x1401d3121	0x14053a650	1	4	0x1401d2fa0	0x1401d302d	0x14053a624
0x1401d3130	0x1401d31b8	0x14053a5ec	1	3			
0x1401d31b8	0x1401d339d	0x14053a600	1	4	0x1401d3130	0x1401d31b8	0x14053a5ec
0x1401d339d	0x1401d33b5	0x14053a614	1	4	0x1401d3130	0x1401d31b8	0x14053a5ec
0x1401d33c0	0x1401d3430	0x14053c418	1	0			
0x1401d3430	0x1401d3527	0x140545b9c	1	0			
0x1401d3527	0x1401d35cb	0x14053a5c8	1	4	0x1401d3430	0x1401d3527	0x140545b9c
0x1401d35cb	0x1401d35e8	0x14053a5dc	1	4	0x1401d3430	0x1401d3527	0x140545b9c
0x1401d3630	0x1401d36bd	0x14053a66c	1	2			
0x1401d36e0	0x1401d3746	0x1405463d4	1	0			
0x1401d3750	0x1401d37e6	0x140526458	1	0			
0x1401d37f0	0x1401d3939	0x14053a698	1	3			
0x1401d3940	0x1401d3978	0x14053a6e8	1	3			
0x1401d3978	0x1401d3b94	0x14053a70c	1	4	0x1401d3940	0x1401d3978	0x14053a6e8
0x1401d3b94	0x1401d3d71	0x14053a720	1	4	0x1401d3940	0x1401d3978	0x14053a6e8
0x1401d3d71	0x1401d3e42	0x14053a730	1	4	0x1401d3b94	0x1401d3d71	0x14053a720
0x1401d3e42	0x1401d3e6d	0x14053a748	1	4	0x1401d3b94	0x1401d3d71	0x14053a720
0x1401d3e70	0x1401d3f1e	0x140526458	1	0			
0x1401d3f20	0x1401d40bf	0x14053a758	1	0			
0x1401d40c0	0x1401d41c4	0x14052d9ec	1	3			
0x1401d41d0	0x1401d4207	0x14053c418	1	0			
0x1401d4260	0x1401d42bf	0x14053a764	1	2			
0x1401d42e0	0x1401d4346	0x1405463d4	1	0			
0x1401d4350	0x1401d44b0	0x14053a790	1	3			
0x1401d44b0	0x1401d4539	0x14053c418	1	0			
0x1401d4540	0x1401d48d2	0x14053a7e8	1	3			
0x1401d48e0	0x1401d4963	0x14053bde0	1	0			
0x1401d4963	0x1401d49b7	0x14053a818	1	4	0x1401d48e0	0x1401d4963	0x14053bde0
0x1401d49b7	0x1401d49ff	0x14053a82c	1	4	0x1401d48e0	0x1401d4963	0x14053bde0
0x1401d49ff	0x1401d4aaa	0x14053a82c	1	4	0x1401d48e0	0x1401d4963	0x14053bde0
0x1401d4ab0	0x1401d4bb4	0x14052d9ec	1	3			
0x1401d4bc0	0x1401d4c11	0x14053c418	1	0			
0x1401d4c20	0x1401d4c88	0x1405463d4	1	0			
0x1401d4cd0	0x1401d4d41	0x14053a840	1	2			
0x1401d4d50	0x1401d4db5	0x14053a928	1	2			
0x1401d4df0	0x1401d4e56	0x1405463d4	1	0			
0x1401d4e60	0x1401d4ec6	0x1405463d4	1	0			
0x1401d4ed0	0x1401d5019	0x14053a868	1	3			
0x1401d5020	0x1401d517d	0x14053a950	1	3			
0x1401d5180	0x1401d51d3	0x14053a8b8	1	3			
0x1401d51d3	0x1401d52a4	0x14053a8dc	1	4	0x1401d5180	0x1401d51d3	0x14053a8b8
0x1401d52a4	0x1401d549d	0x14053a8f0	1	4	0x1401d5180	0x1401d51d3	0x14053a8b8
0x1401d549d	0x1401d553b	0x14053a900	1	4	0x1401d52a4	0x1401d549d	0x14053a8f0
0x1401d553b	0x1401d5567	0x14053a918	1	4	0x1401d52a4	0x1401d549d	0x14053a8f0
0x1401d5570	0x1401d5693	0x14053af04	1	3			
0x1401d56a0	0x1401d5834	0x14053a758	1	0			
0x1401d5840	0x1401d58a2	0x14053c418	1	0			
0x1401d58b0	0x1401d58e7	0x14053c418	1	0			
0x1401d58f0	0x1401d5927	0x14053c418	1	0			
0x1401d5930	0x1401d5995	0x14053e570	1	0			
0x1401d5995	0x1401d59f0	0x14053a9a0	1	4	0x1401d5930	0x1401d5995	0x14053e570
0x1401d59f0	0x1401d59f6	0x14053a9b4	1	4	0x1401d5930	0x1401d5995	0x14053e570
0x1401d5a40	0x1401d5ac0	0x14053a9c4	1	2			
0x1401d5ae0	0x1401d5b46	0x1405463d4	1	0			
0x1401d5b50	0x1401d5b9c	0x14053aa50	1	3			
0x1401d5b9c	0x1401d5baf	0x14053aa6c	1	4	0x1401d5b50	0x1401d5b9c	0x14053aa50
0x1401d5baf	0x1401d5d7c	0x14053aa84	1	4	0x1401d5b9c	0x1401d5baf	0x14053aa6c
0x1401d5d7c	0x1401d5ed4	0x14053aaa0	1	4	0x1401d5b9c	0x1401d5baf	0x14053aa6c
0x1401d5ed4	0x1401d5ef6	0x14053aab0	1	4	0x1401d5b50	0x1401d5b9c	0x14053aa50
0x1401d5f00	0x1401d5f70	0x1405255c0	1	0			
0x1401d5f70	0x1401d5fcd	0x14053aac0	1	4	0x1401d5f00	0x1401d5f70	0x1405255c0
0x1401d5fcd	0x1401d60c2	0x14053aad4	1	4	0x1401d5f00	0x1401d5f70	0x1405255c0
0x1401d60d0	0x1401d6112	0x14053c418	1	0			
0x1401d6120	0x1401d6188	0x1405463d4	1	0			
0x1401d6190	0x1401d6350	0x14053a9f0	1	3			
0x1401d6350	0x1401d63be	0x14053aae8	1	2			
0x1401d63e0	0x1401d6446	0x1405463d4	1	0			
0x1401d6450	0x1401d6516	0x14053c418	1	0			
0x1401d6520	0x1401d669c	0x14053ab10	1	3			
0x1401d66a0	0x1401d6808	0x14053ab88	1	3			
0x1401d6810	0x1401d6896	0x14053c418	1	0			
0x1401d68a0	0x1401d69b7	0x140523f4c	1	3			
0x1401d69c0	0x1401d6b4a	0x1405463d4	1	0			
0x1401d6b50	0x1401d6bff	0x14053bbc0	1	0			
0x1401d6c00	0x1401d6c37	0x14053c418	1	0			
0x1401d6c40	0x1401d6e26	0x14053ab68	1	3			
0x1401d6e70	0x1401d6f96	0x140533718	1	3			
0x1401d6fa0	0x1401d7003	0x14053aba4	1	2			
0x1401d7020	0x1401d7086	0x1405463d4	1	0			
0x1401d7090	0x1401d71fa	0x14053abd0	1	3			
0x1401d7200	0x1401d73f3	0x14053ac20	1	3			
0x1401d7400	0x1401d7445	0x14053ac3c	1	3			
0x1401d7445	0x1401d757a	0x14053ac50	1	4	0x1401d7400	0x1401d7445	0x14053ac3c
0x1401d757a	0x1401d75a1	0x14053ac68	1	4	0x1401d7400	0x1401d7445	0x14053ac3c
0x1401d75b0	0x1401d75f2	0x14053c418	1	0			
0x1401d7620	0x1401d76e9	0x14053ac78	1	2			
0x1401d7710	0x1401d7776	0x1405463d4	1	0			
0x1401d7780	0x1401d78b3	0x140545b9c	1	0			
0x1401d78c0	0x1401d7a23	0x14053acdc	1	3			
0x1401d7a30	0x1401d7b1e	0x1405463d4	1	0			
0x1401d7b20	0x1401d7bd1	0x14053c418	1	0			
0x1401d7be0	0x1401d7d1c	0x14053ad6c	1	0			
0x1401d7d20	0x1401d7e0b	0x140533718	1	3			
0x1401d7e80	0x1401d7ec7	0x14053aca0	1	3			
0x1401d7ec7	0x1401d7f90	0x14053acb8	1	4	0x1401d7e80	0x1401d7ec7	0x14053aca0
0x1401d7f90	0x1401d7fb1	0x14053accc	1	4	0x1401d7e80	0x1401d7ec7	0x14053aca0
0x1401d7fc0	0x1401d802e	0x14053c418	1	0			
0x1401d8050	0x1401d8108	0x14053c418	1	0			
0x1401d8130	0x1401d816c	0x140528d7c	1	0			
0x1401d816c	0x1401d81a6	0x14053ad30	1	4	0x1401d8130	0x1401d816c	0x140528d7c
0x1401d81a6	0x1401d82bf	0x14053ad44	1	4	0x1401d8130	0x1401d816c	0x140528d7c
0x1401d82bf	0x1401d82c5	0x14053ad5c	1	4	0x1401d8130	0x1401d816c	0x140528d7c
0x1401d82d0	0x1401d834e	0x14053ad84	1	2			
0x1401d8370	0x1401d83ee	0x1405463d4	1	0			
0x1401d83f0	0x1401d855c	0x14053add8	1	3			
0x1401d8560	0x1401d858c	0x14053c418	1	0			
0x1401d8590	0x1401d85c4	0x140532c6c	1	0			
0x1401d85d0	0x1401d85d9	0x140540fbc	1	0			
0x1401d85d9	0x1401d8679	0x14053ae94	1	4	0x1401d85d0	0x1401d85d9	0x140540fbc
0x1401d8679	0x1401d86d5	0x14053aea8	1	4	0x1401d85d9	0x1401d8679	0x14053ae94
0x1401d86d5	0x1401d87af	0x14053aebc	1	4	0x1401d85d9	0x1401d8679	0x14053ae94
0x1401d87af	0x1401d885d	0x14053aecc	1	4	0x1401d85d0	0x1401d85d9	0x140540fbc
0x1401d88a0	0x1401d8950	0x14053ae30	1	3			
0x1401d8950	0x1401d89c7	0x14053ae48	1	4	0x1401d88a0	0x1401d8950	0x14053ae30
0x1401d89c7	0x1401d8ca0	0x14053ae60	1	4	0x1401d8950	0x1401d89c7	0x14053ae48
0x1401d8ca0	0x1401d8cb0	0x14053ae74	1	4	0x1401d8950	0x1401d89c7	0x14053ae48
0x1401d8cb0	0x1401d8cc8	0x14053ae84	1	4	0x1401d88a0	0x1401d8950	0x14053ae30
0x1401d8cd0	0x1401d8f2b	0x1405463d4	1	0			
0x1401d8f30	0x1401d9034	0x14053af04	1	3			
0x1401d9040	0x1401d90b8	0x14053c418	1	0			
0x1401d90c0	0x1401d90f6	0x14053c418	1	0			
0x1401d9100	0x1401d911e	0x14053e570	1	0			
0x1401d911e	0x1401d9377	0x14053aedc	1	4	0x1401d9100	0x1401d911e	0x14053e570
0x1401d9377	0x1401d93c2	0x14053aef4	1	4	0x1401d9100	0x1401d911e	0x14053e570
0x1401d93d0	0x1401d9419	0x140539b24	1	0			
0x1401d9420	0x1401d9453	0x14053c418	1	0			
0x1401d9500	0x1401d95cd	0x14053b1f0	1	2			
0x1401d95d0	0x1401d9675	0x14053af18	1	2			
0x1401d9680	0x1401d9713	0x14053af88	1	3			
0x1401d9730	0x1401d9764	0x1405463d4	1	0			
0x1401d9770	0x1401d977e	0x140528d7c	1	0			
0x1401d977e	0x1401d9bb9	0x14053b080	1	4	0x1401d9770	0x1401d977e	0x140528d7c
0x1401d9bb9	0x1401d9bf5	0x14053b094	1	4	0x1401d9770	0x1401d977e	0x140528d7c
0x1401d9c00	0x1401d9cdc	0x14053c418	1	0			
0x1401d9cf0	0x1401d9dcc	0x14053c418	1	0			
0x1401d9dd0	0x1401da020	0x14053b1d0	1	3			
0x1401da020	0x1401da16d	0x140535960	1	3			
0x1401da170	0x1401da1e0	0x14053b16c	1	3			
0x1401da1e0	0x1401da35b	0x14053b194	1	4	0x1401da170	0x1401da1e0	0x14053b16c
0x1401da35b	0x1401da4c2	0x14053b1a8	1	4	0x1401da170	0x1401da1e0	0x14053b16c
0x1401da4d0	0x1401da741	0x14053b158	1	3			
0x1401da750	0x1401da905	0x14053b1b8	1	3			
0x1401da910	0x1401daae2	0x14053afa0	1	3			
0x1401dab00	0x1401dab5b	0x1405463d4	1	0			
0x1401dabb0	0x1401dac80	0x14053b010	1	0			
0x1401dac80	0x1401daed7	0x14053b01c	1	4	0x1401dabb0	0x1401dac80	0x14053b010
0x1401daed7	0x1401daef5	0x14053b038	1	4	0x1401dabb0	0x1401dac80	0x14053b010
0x1401daf00	0x1401db09f	0x14053c418	1	0			
0x1401db0a0	0x1401db140	0x140543e9c	1	3			
0x1401db140	0x1401db1a6	0x14053c418	1	0			
0x1401db1b0	0x1401db1d8	0x14053c418	1	0			
0x1401db1e0	0x1401db205	0x14053b0fc	1	3			
0x1401db205	0x1401db48b	0x14053b10c	1	4	0x1401db1e0	0x1401db205	0x14053b0fc
0x1401db48b	0x1401db51b	0x14053b124	1	4	0x1401db205	0x1401db48b	0x14053b10c
0x1401db51b	0x1401db669	0x14053b138	1	4	0x1401db205	0x1401db48b	0x14053b10c
0x1401db669	0x1401db694	0x14053b148	1	4	0x1401db1e0	0x1401db205	0x14053b0fc
0x1401db6a0	0x1401db712	0x1405321b0	1	3			
0x1401db712	0x1401db899	0x14053b048	1	4	0x1401db6a0	0x1401db712	0x1405321b0
0x1401db899	0x1401db8ac	0x14053b070	1	4	0x1401db6a0	0x1401db712	0x1405321b0
0x1401db8ac	0x1401db946	0x14053b05c	1	4	0x1401db6a0	0x1401db712	0x1405321b0
0x1401db946	0x1401dbb45	0x14053b070	1	4	0x1401db6a0	0x1401db712	0x1405321b0
0x1401dbb50	0x1401dbbc2	0x140539b24	1	0			
0x1401dbbd0	0x1401dbc1f	0x14053b0a4	1	3			
0x1401dbc1f	0x1401dbccb	0x14053b0b4	1	4	0x1401dbbd0	0x1401dbc1f	0x14053b0a4
0x1401dbccb	0x1401dbde9	0x14053b0c8	1	4	0x1401dbbd0	0x1401dbc1f	0x14053b0a4
0x1401dbde9	0x1401dbead	0x14053b0d8	1	4	0x1401dbccb	0x1401dbde9	0x14053b0c8
0x1401dbead	0x1401dbff4	0x14053b0ec	1	4	0x1401dbccb	0x1401dbde9	0x14053b0c8
0x1401dc040	0x1401dc09f	0x14053b228	1	2			
0x1401dc0c0	0x1401dc126	0x1405463d4	1	0			
0x1401dc1a0	0x1401dc311	0x14053b250	1	3			
0x1401dc320	0x1401dc4de	0x14053b2a8	1	3			
0x1401dc4e0	0x1401dc614	0x14053b2c4	1	3			
0x1401dc620	0x1401dc697	0x14053c418	1	0			
0x1401dc6a0	0x1401dc6e9	0x140539b24	1	0			
0x1401dc710	0x1401dc76f	0x14053b2d8	1	2			
0x1401dc790	0x1401dc7f6	0x1405463d4	1	0			
0x1401dc800	0x1401dc949	0x14053b300	1	3			
0x1401dc950	0x1401dc9d9	0x14053c418	1	0			
0x1401dc9e0	0x1401dcd74	0x14053b350	1	3			
0x1401dcd80	0x1401dce03	0x14053bde0	1	0			
0x1401dce03	0x1401dce59	0x14053b380	1	4	0x1401dcd80	0x1401dce03	0x14053bde0
0x1401dce59	0x1401dcea1	0x14053b394	1	4	0x1401dcd80	0x1401dce03	0x14053bde0
0x1401dcea1	0x1401dcf54	0x14053b394	1	4	0x1401dcd80	0x1401dce03	0x14053bde0
0x1401dcf60	0x1401dd064	0x14052d9ec	1	3			
0x1401dd070	0x1401dd0c1	0x14053c418	1	0			
0x1401dd0d0	0x1401dd119	0x140539b24	1	0			
0x1401dd140	0x1401dd20c	0x14053ba98	1	2			
0x1401dd210	0x1401dd2dc	0x14053bb08	1	2			
0x1401dd2e0	0x1401dd3ac	0x14053bb64	1	2			
0x1401dd3b0	0x1401dd47c	0x14053bad0	1	2			
0x1401dd480	0x1401dd5e1	0x14053b7c4	1	2			
0x1401dd5f0	0x1401dd79b	0x14053b930	1	2			
0x1401dd7a0	0x1401dd94b	0x14053b9b0	1	2			
0x1401dd950	0x1401ddae2	0x14053b868	1	2			
0x1401ddaf0	0x1401dddee	0x14053b3f0	1	2			
0x1401dddf0	0x1401dde23	0x14053b3a8	1	3			
0x1401dde40	0x1401ddf4a	0x14053b850	1	3			
0x1401ddf50	0x1401de01c	0x14053b998	1	3			
0x1401de020	0x1401de152	0x14053ba80	1	3			
0x1401de160	0x1401de278	0x14053b918	1	3			
0x1401de280	0x1401de459	0x14053b5a0	1	3			
0x1401de540	0x1401de56b	0x14053c418	1	0			
0x1401de570	0x1401de5d3	0x14053b3c0	1	3			
0x1401de5e0	0x1401de614	0x1405463d4	1	0			
0x1401de620	0x1401de654	0x1405463d4	1	0			
0x1401de660	0x1401de694	0x1405463d4	1	0			
0x1401de6a0	0x1401de6d4	0x1405463d4	1	0			
0x1401de6e0	0x1401de714	0x1405463d4	1	0			
0x1401de720	0x1401de74b	0x14053c418	1	0			
0x1401de750	0x1401de7e5	0x140526458	1	0			
0x1401de820	0x1401ded18	0x14053b660	1	3			
0x1401ded20	0x1401defe0	0x140549794	1	0			
0x1401defe0	0x1401df126	0x14053b788	1	3			
0x1401df126	0x1401df194	0x14053b79c	1	4	0x1401defe0	0x1401df126	0x14053b788
0x1401df194	0x1401df1b9	0x14053b7b4	1	4	0x1401defe0	0x1401df126	0x14053b788
0x1401df240	0x1401df315	0x140526458	1	0			
0x1401df320	0x1401df614	0x14053b5d0	1	0			
0x1401df614	0x1401df6be	0x14053b5dc	1	4	0x1401df320	0x1401df614	0x14053b5d0
0x1401df6be	0x1401df742	0x14053b5fc	1	4	0x1401df320	0x1401df614	0x14053b5d0
0x1401df742	0x1401df7a1	0x14053b618	1	4	0x1401df320	0x1401df614	0x14053b5d0
0x1401df7b0	0x1401df84c	0x14054854c	1	0			
0x1401df850	0x1401df870	0x14053b628	1	3			
0x1401df870	0x1401df9cc	0x14053b638	1	4	0x1401df850	0x1401df870	0x14053b628
0x1401df9cc	0x1401dfa2c	0x14053b650	1	4	0x1401df850	0x1401df870	0x14053b628
0x1401dfa30	0x1401dfab9	0x14053c418	1	0			
0x1401dfac0	0x1401dface	0x14053c418	1	0			
0x1401dface	0x1401dfb4d	0x14053bb40	1	4	0x1401dfac0	0x1401dface	0x14053c418
0x1401dfb4d	0x1401dfb65	0x14053bb54	1	4	0x1401dfac0	0x1401dface	0x14053c418
0x1401dfb70	0x1401dfbbe	0x14054854c	1	0			
0x1401dfbc0	0x1401dfc11	0x14054f8f4	1	0			
0x1401dfd10	0x1401dfd91	0x14053c418	1	0			
0x1401dfda0	0x1401e0026	0x14053ce70	1	0			
0x1401e0030	0x1401e0498	0x14052a03c	1	0			
0x1401e04a0	0x1401e058c	0x14054e970	1	0			
0x1401e0590	0x1401e0639	0x14053c418	1	0			
0x1401e0640	0x1401e073a	0x14053bbb4	1	0			
0x1401e0800	0x1401e09ce	0x1405245f0	1	0			
0x1401e0a20	0x1401e0b54	0x14053bbc0	1	0			
0x1401e0c60	0x1401e0ddb	0x14053bbc0	1	0			
0x1401e1190	0x1401e1232	0x14053bba4	1	0			
0x1401e1280	0x1401e134c	0x14053c418	1	0			
0x1401e1390	0x1401e14f0	0x14053bb98	1	0			
0x1401e1510	0x1401e172c	0x14053bbc0	1	0			
0x1401e18b0	0x1401e1956	0x14053c418	1	0			
0x1401e1960	0x1401e1a58	0x1405463d4	1	0			
0x1401e1a60	0x1401e1a7b	0x14053c418	1	0			
0x1401e1a7b	0x1401e1aaa	0x14053bdbc	1	4	0x1401e1a60	0x1401e1a7b	0x14053c418
0x1401e1aaa	0x1401e1ae6	0x14053bdd0	1	4	0x1401e1a60	0x1401e1a7b	0x14053c418
0x1401e1af0	0x1401e1b21	0x14053c418	1	0			
0x1401e1b30	0x1401e1b7b	0x14053c418	1	0			
0x1401e1b7b	0x1401e1baa	0x14053bc74	1	4	0x1401e1b30	0x1401e1b7b	0x14053c418
0x1401e1baa	0x1401e1c2b	0x14053bc88	1	4	0x1401e1b30	0x1401e1b7b	0x14053c418
0x1401e1c30	0x1401e1c6d	0x14053c418	1	0			
0x1401e1c70	0x1401e1cb9	0x14053c418	1	0			
0x1401e1cc0	0x1401e1dc4	0x1405255c0	1	0			
0x1401e1dd0	0x1401e1ed0	0x1405255c0	1	0			
0x1401e1ed0	0x1401e1fd0	0x1405255c0	1	0			
0x1401e1fd0	0x1401e2025	0x14053c418	1	0			
0x1401e2030	0x1401e20c8	0x14053c418	1	0			
0x1401e20d0	0x1401e2120	0x14053c418	1	0			
0x1401e2120	0x1401e2132	0x14053c418	1	0			
0x1401e2132	0x1401e2161	0x14053bc50	1	4	0x1401e2120	0x1401e2132	0x14053c418
0x1401e2161	0x1401e219d	0x14053bc64	1	4	0x1401e2120	0x1401e2132	0x14053c418
0x1401e21a0	0x1401e21d1	0x14053c418	1	0			
0x1401e21e0	0x1401e221d	0x14053c418	1	0			
0x1401e2220	0x1401e2277	0x14053c418	1	0			
0x1401e2280	0x1401e22f0	0x14053c418	1	0			
0x1401e22f0	0x1401e2347	0x14053c418	1	0			
0x1401e2350	0x1401e238e	0x14053c418	1	0			
0x1401e2390	0x1401e23ec	0x14053c418	1	0			
0x1401e23f0	0x1401e2467	0x14053c418	1	0			
0x1401e2470	0x1401e24fc	0x14053c418	1	0			
0x1401e24fc	0x1401e2584	0x14053bc2c	1	4	0x1401e2470	0x1401e24fc	0x14053c418
0x1401e2584	0x1401e289c	0x14053bc40	1	4	0x1401e2470	0x1401e24fc	0x14053c418
0x1401e28a0	0x1401e2a98	0x140526458	1	0			
0x1401e2aa0	0x1401e2b69	0x14053c418	1	0			
0x1401e2b70	0x1401e2bfc	0x14053c1fc	1	3			
0x1401e2bfc	0x1401e2e1c	0x14053c210	1	4	0x1401e2b70	0x1401e2bfc	0x14053c1fc
0x1401e2e1c	0x1401e2e32	0x14053c22c	1	4	0x1401e2b70	0x1401e2bfc	0x14053c1fc
0x1401e2e32	0x1401e4096	0x14053c23c	1	4	0x1401e2b70	0x1401e2bfc	0x14053c1fc
0x1401e40a0	0x1401e40da	0x14053c258	1	3			
0x1401e40da	0x1401e4495	0x14053c270	1	4	0x1401e40a0	0x1401e40da	0x14053c258
0x1401e4495	0x1401e5ad7	0x14053c288	1	4	0x1401e40da	0x1401e4495	0x14053c270
0x1401e5ad7	0x1401e5ae7	0x14053c29c	1	4	0x1401e40da	0x1401e4495	0x14053c270
0x1401e5ae7	0x1401e5afe	0x14053c2ac	1	4	0x1401e40a0	0x1401e40da	0x14053c258
0x1401e5b90	0x1401e5bd0	0x14054c8c4	1	0			
0x1401e5bd0	0x1401e5e53	0x14053bf8c	1	4	0x1401e5b90	0x1401e5bd0	0x14054c8c4
0x1401e5e53	0x1401e5e57	0x14053bfa0	1	4	0x1401e5b90	0x1401e5bd0	0x14054c8c4
0x1401e5e60	0x1401e5f67	0x14053c05c	1	0			
0x1401e5fb0	0x1401e62f4	0x1405463d4	1	0			
0x1401e6300	0x1401e6dc7	0x140545fec	1	0			
0x1401e6dd0	0x1401e6e03	0x140532a4c	1	0			
0x1401e6e03	0x1401e6f36	0x14053c13c	1	4	0x1401e6dd0	0x1401e6e03	0x140532a4c
0x1401e6f36	0x1401e7044	0x14053c154	1	4	0x1401e6dd0	0x1401e6e03	0x140532a4c
0x1401e7044	0x1401e7051	0x14053c168	1	4	0x1401e6dd0	0x1401e6e03	0x140532a4c
0x1401e7060	0x1401e71d3	0x1405463d4	1	0			
0x1401e71e0	0x1401e723d	0x14053c418	1	0			
0x1401e7240	0x1401e7410	0x1405235c4	1	0			
0x1401e7410	0x1401e743f	0x14054f8f4	1	0			
0x1401e7500	0x1401e7948	0x14053c0c8	1	0			
0x1401e7950	0x1401e7ab6	0x14052d9d0	1	3			
0x1401e7ac0	0x1401e7e1a	0x14053bf50	1	3			
0x1401e7e20	0x1401e7e41	0x14053c418	1	0			
0x1401e7e41	0x1401e7f31	0x14053bf08	1	4	0x1401e7e20	0x1401e7e41	0x14053c418
0x1401e7f31	0x1401e7f3e	0x14053bf1c	1	4	0x1401e7e20	0x1401e7e41	0x14053c418
0x1401e7f40	0x1401e809e	0x14053bfb4	1	3			
0x1401e80a0	0x1401e8178	0x14052d9ec	1	3			
0x1401e8180	0x1401e81f5	0x14054f5b0	1	3			
0x1401e8200	0x1401e828d	0x14053bde0	1	0			
0x1401e828d	0x1401e83f7	0x14053bdec	1	4	0x1401e8200	0x1401e828d	0x14053bde0
0x1401e83f7	0x1401e8427	0x14053be00	1	4	0x1401e8200	0x1401e828d	0x14053bde0
0x1401e8427	0x1401e8462	0x14053be00	1	4	0x1401e8200	0x1401e828d	0x14053bde0
0x1401e8462	0x1401e846f	0x14053be14	1	4	0x1401e8200	0x1401e828d	0x14053bde0
0x1401e8470	0x1401e8612	0x14053bc14	1	3			
0x1401e8620	0x1401e8632	0x14053c418	1	0			
0x1401e8632	0x1401e8661	0x14053c178	1	4	0x1401e8620	0x1401e8632	0x14053c418
0x1401e8661	0x1401e868b	0x14053c18c	1	4	0x1401e8620	0x1401e8632	0x14053c418
0x1401e8690	0x1401e86be	0x14053bfd0	1	0			
0x1401e86be	0x1401e8747	0x14053bfdc	1	4	0x1401e8690	0x1401e86be	0x14053bfd0
0x1401e8747	0x1401e8815	0x14053bff4	1	4	0x1401e86be	0x1401e8747	0x14053bfdc
0x1401e8815	0x1401e882a	0x14053c014	1	4	0x1401e86be	0x1401e8747	0x14053bfdc
0x1401e882a	0x1401e8837	0x14053c024	1	4	0x1401e8690	0x1401e86be	0x14053bfd0
0x1401e8837	0x1401e8844	0x14053c04c	1	4	0x1401e8690	0x1401e86be	0x14053bfd0
0x1401e8850	0x1401e886e	0x14053c418	1	0			
0x1401e886e	0x1401e8a4e	0x14053c074	1	4	0x1401e8850	0x1401e886e	0x14053c418
0x1401e8a4e	0x1401e8a54	0x14053c094	1	4	0x1401e8850	0x1401e886e	0x14053c418
0x1401e8a60	0x1401e8ab5	0x14053c418	1	0			
0x1401e8ac0	0x1401e8ae7	0x14053c418	1	0			
0x1401e8ae7	0x1401e8b16	0x14053c0a4	1	4	0x1401e8ac0	0x1401e8ae7	0x14053c418
0x1401e8b16	0x1401e8b33	0x14053c0b8	1	4	0x1401e8ac0	0x1401e8ae7	0x14053c418
0x1401e8b40	0x1401e8bec	0x14053c418	1	0			
0x1401e8bf0	0x1401e8c49	0x14053c418	1	0			
0x1401e8c50	0x1401e8d04	0x14052d9ec	1	3			
0x1401e8d10	0x1401e8d86	0x14053c418	1	0			
0x1401e8d90	0x1401e8dbf	0x1405321b0	1	3			
0x1401e8dbf	0x1401e8ee6	0x14053be40	1	4	0x1401e8d90	0x1401e8dbf	0x1405321b0
0x1401e8ee6	0x1401e8eea	0x14053be60	1	4	0x1401e8d90	0x1401e8dbf	0x1405321b0
0x1401e8eea	0x1401e8eff	0x14053be80	1	4	0x1401e8d90	0x1401e8dbf	0x1405321b0
0x1401e8f00	0x1401e8f1b	0x14053c418	1	0			
0x1401e8f1b	0x1401e8f4a	0x14053c1d8	1	4	0x1401e8f00	0x1401e8f1b	0x14053c418
0x1401e8f4a	0x1401e8f7d	0x14053c1ec	1	4	0x1401e8f00	0x1401e8f1b	0x14053c418
0x1401e8f80	0x1401e8fcd	0x14053c19c	1	0			
0x1401e8fcd	0x1401e9325	0x14053c1a8	1	4	0x1401e8f80	0x1401e8fcd	0x14053c19c
0x1401e9325	0x1401e97cf	0x14053c1c0	1	4	0x1401e8f80	0x1401e8fcd	0x14053c19c
0x1401e97d0	0x1401e98bd	0x14053bbcc	1	0			
0x1401e98c0	0x1401e99cc	0x14053be24	1	3			
0x1401e99d0	0x1401e9a0f	0x14053c418	1	0			
0x1401e9a0f	0x1401e9a3e	0x14053bf68	1	4	0x1401e99d0	0x1401e9a0f	0x14053c418
0x1401e9a3e	0x1401e9a5b	0x14053bf7c	1	4	0x1401e99d0	0x1401e9a0f	0x14053c418
0x1401e9a60	0x1401e9ab6	0x14053c418	1	0			
0x1401e9ab6	0x1401e9ae5	0x14053be90	1	4	0x1401e9a60	0x1401e9ab6	0x14053c418
0x1401e9ae5	0x1401e9b94	0x14053bea4	1	4	0x1401e9a60	0x1401e9ab6	0x14053c418
0x1401e9ba0	0x1401e9cf2	0x14053bf30	1	3			
0x1401e9d00	0x1401e9d4d	0x14053bd08	1	3			
0x1401e9d4d	0x1401e9d94	0x14053bd24	1	4	0x1401e9d00	0x1401e9d4d	0x14053bd08
0x1401e9d94	0x1401e9fee	0x14053bd3c	1	4	0x1401e9d4d	0x1401e9d94	0x14053bd24
0x1401e9fee	0x1401e9ffe	0x14053bd50	1	4	0x1401e9d4d	0x1401e9d94	0x14053bd24
0x1401e9ffe	0x1401ea020	0x14053bd60	1	4	0x1401e9d00	0x1401e9d4d	0x14053bd08
0x1401ea020	0x1401ea07f	0x14053bc98	1	3			
0x1401ea07f	0x1401ea0b1	0x14053bcb0	1	4	0x1401ea020	0x1401ea07f	0x14053bc98
0x1401ea0b1	0x1401ea1e4	0x14053bcc4	1	4	0x1401ea07f	0x1401ea0b1	0x14053bcb0
0x1401ea1e4	0x1401ea1ec	0x14053bce8	1	4	0x1401ea07f	0x1401ea0b1	0x14053bcb0
0x1401ea1ec	0x1401ea20c	0x14053bcf8	1	4	0x1401ea020	0x1401ea07f	0x14053bc98
0x1401ea210	0x1401ea233	0x14053dd90	1	0			
0x1401ea233	0x1401ea299	0x14053beb4	1	4	0x1401ea210	0x1401ea233	0x14053dd90
0x1401ea299	0x1401ea375	0x14053bec8	1	4	0x1401ea233	0x1401ea299	0x14053beb4
0x1401ea375	0x1401ea3df	0x14053bee4	1	4	0x1401ea233	0x1401ea299	0x14053beb4
0x1401ea3df	0x1401ea3ec	0x14053bef4	1	4	0x1401ea210	0x1401ea233	0x14053dd90
0x1401ea3f0	0x1401ea64f	0x14053bd70	1	3			
0x1401ea650	0x1401ea8e0	0x14053bd9c	1	3			
0x1401ea8e0	0x1401ea914	0x140540fbc	1	0			
0x1401ea914	0x1401ea92a	0x14053c0e4	1	4	0x1401ea8e0	0x1401ea914	0x140540fbc
0x1401ea92a	0x1401eaa4d	0x14053c100	1	4	0x1401ea914	0x1401ea92a	0x14053c0e4
0x1401eaa4d	0x1401eaafa	0x14053c118	1	4	0x1401ea914	0x1401ea92a	0x14053c0e4
0x1401eaafa	0x1401eab02	0x14053c12c	1	4	0x1401ea8e0	0x1401ea914	0x140540fbc
0x1401eab10	0x1401eab68	0x140538250	1	0			
0x1401eab70	0x1401eac01	0x140526458	1	0			
0x1401eac10	0x1401eaca0	0x140545b9c	1	0			
0x1401eaca0	0x1401eacc5	0x140528d7c	1	0			
0x1401eacc5	0x1401eadb0	0x14053bbe8	1	4	0x1401eaca0	0x1401eacc5	0x140528d7c
0x1401eadb0	0x1401eadb6	0x14053bc04	1	4	0x1401eaca0	0x1401eacc5	0x140528d7c
0x1401eae60	0x1401eafdb	0x14052a03c	1	0			
0x1401eb170	0x1401eb27f	0x14053c2bc	1	0			
0x1401eb280	0x1401eb3c6	0x14053c2d8	1	0			
0x1401eb3d0	0x1401eb85e	0x140545fec	1	0			
0x1401eb8a0	0x1401eb9c5	0x1405463d4	1	0			
0x1401eb9d0	0x1401ebad5	0x14053c418	1	0			
0x1401ebae0	0x1401ebb3b	0x14053c418	1	0			
0x1401ebb40	0x1401ebb7e	0x1405463d4	1	0			
0x1401ebcf0	0x1401ebfab	0x14053c418	1	0			
0x1401ec050	0x1401ec1f8	0x14053c3fc	1	0			
0x1401ec200	0x1401ec2d8	0x14053c418	1	0			
0x1401ec2f0	0x1401ec314	0x14053c36c	1	0			
0x1401ec314	0x1401ec361	0x14053c3a0	1	4	0x1401ec2f0	0x1401ec314	0x14053c36c
0x1401ec361	0x1401ec371	0x14053c3b4	1	4	0x1401ec2f0	0x1401ec314	0x14053c36c
0x1401ec380	0x1401ec3bf	0x14053c2f0	1	0			
0x1401ec3bf	0x1401ec51d	0x14053c300	1	4	0x1401ec380	0x1401ec3bf	0x14053c2f0
0x1401ec51d	0x1401ec52b	0x14053c31c	1	4	0x1401ec380	0x1401ec3bf	0x14053c2f0
0x1401ec52b	0x1401ec676	0x14053c32c	1	4	0x1401ec380	0x1401ec3bf	0x14053c2f0
0x1401ec680	0x1401ec6cf	0x14054854c	1	0			
0x1401ec6d0	0x1401ecb22	0x14053c47c	1	0			
0x1401ecb30	0x1401ecbf7	0x14054e970	1	0			
0x1401ecc00	0x1401ecd76	0x14054e970	1	0			
0x1401ecd80	0x1401ecef0	0x14054e970	1	0			
0x1401ecef0	0x1401ed07a	0x14053c490	1	0			
0x1401ed07a	0x1401ed11b	0x14053c4a4	1	4	0x1401ecef0	0x1401ed07a	0x14053c490
0x1401ed11b	0x1401ed281	0x14053c4b8	1	4	0x1401ecef0	0x1401ed07a	0x14053c490
0x1401ed290	0x1401ed313	0x14054e970	1	0			
0x1401ed320	0x1401ed45f	0x14054e970	1	0			
0x1401ed4a0	0x1401ed4b9	0x140536ae4	1	0			
0x1401ed4b9	0x1401ed4e0	0x14053c348	1	4	0x1401ed4a0	0x1401ed4b9	0x140536ae4
0x1401ed4e0	0x1401ed4eb	0x14053c35c	1	4	0x1401ed4a0	0x1401ed4b9	0x140536ae4
0x1401ed4f0	0x1401ed514	0x14053c36c	1	0			
0x1401ed514	0x1401ed552	0x14053c37c	1	4	0x1401ed4f0	0x1401ed514	0x14053c36c
0x1401ed552	0x1401ed562	0x14053c390	1	4	0x1401ed4f0	0x1401ed514	0x14053c36c
0x1401ed570	0x1401ed630	0x14053c3c4	1	0			
0x1401ed630	0x1401ed6bd	0x14053c3d8	1	4	0x1401ed570	0x1401ed630	0x14053c3c4
0x1401ed6bd	0x1401ed6d3	0x14053c3ec	1	4	0x1401ed570	0x1401ed630	0x14053c3c4
0x1401ed6e0	0x1401ed7a7	0x140538778	1	0			
0x1401ed7b0	0x1401ed7d0	0x140545b9c	1	0			
0x1401ed7d0	0x1401ed8bd	0x14053c420	1	4	0x1401ed7b0	0x1401ed7d0	0x140545b9c
0x1401ed8bd	0x1401ed909	0x14053c434	1	4	0x1401ed7b0	0x1401ed7d0	0x140545b9c
0x1401ed909	0x1401ed947	0x14053c434	1	4	0x1401ed7b0	0x1401ed7d0	0x140545b9c
0x1401ed947	0x1401ed9cf	0x14053c434	1	4	0x1401ed7b0	0x1401ed7d0	0x140545b9c
0x1401ed9cf	0x1401ed9f0	0x14053c448	1	4	0x1401ed7b0	0x1401ed7d0	0x140545b9c
0x1401ed9f0	0x1401edcfd	0x14053c458	1	3			
0x1401edd00	0x1401edd30	0x14054fa50	1	0			
0x1401ede50	0x1401edfae	0x140528ce4	1	3			
0x1401edfb0	0x1401edffe	0x140539b24	1	0			
0x1401ee000	0x1401ee061	0x140539b24	1	0			
0x1401ee090	0x1401ee130	0x14053c418	1	0			
0x1401ee130	0x1401ee27b	0x14054e970	1	0			
0x1401ee280	0x1401ee2e0	0x14053c558	1	3			
0x1401ee2e0	0x1401ee386	0x14053c570	1	4	0x1401ee280	0x1401ee2e0	0x14053c558
0x1401ee386	0x1401ee39c	0x14053c584	1	4	0x1401ee280	0x1401ee2e0	0x14053c558
0x1401ee3a0	0x1401ee426	0x140526458	1	0			
0x1401ee430	0x1401ee477	0x14053c4c8	1	3			
0x1401ee477	0x1401ee5e0	0x14053c4dc	1	4	0x1401ee430	0x1401ee477	0x14053c4c8
0x1401ee5e0	0x1401ee79a	0x14053c4f8	1	4	0x1401ee477	0x1401ee5e0	0x14053c4dc
0x1401ee79a	0x1401ee7e6	0x14053c514	1	4	0x1401ee477	0x1401ee5e0	0x14053c4dc
0x1401ee7e6	0x1401ee800	0x14053c524	1	4	0x1401ee430	0x1401ee477	0x14053c4c8
0x1401ee800	0x1401ee9ac	0x14053c534	1	0			
0x1401eea50	0x1401eed5f	0x14053c548	1	0			
0x1401eef00	0x1401eef39	0x14053c418	1	0			
0x1401eef40	0x1401eef74	0x14053c418	1	0			
0x1401eef80	0x1401ef036	0x14052a03c	1	0			
0x1401ef040	0x1401ef528	0x14053f640	1	0			
0x1401ef530	0x1401ef621	0x14053c5b4	1	0			
0x1401ef621	0x1401ef720	0x14053c5c4	1	4	0x1401ef530	0x1401ef621	0x14053c5b4
0x1401ef720	0x1401ef752	0x14053c5d8	1	4	0x1401ef530	0x1401ef621	0x14053c5b4
0x1401ef752	0x1401ef8a2	0x14053c5ec	1	4	0x1401ef720	0x1401ef752	0x14053c5d8
0x1401ef8a2	0x1401ef8dd	0x14053c608	1	4	0x1401ef530	0x1401ef621	0x14053c5b4
0x1401ef8e0	0x1401ef985	0x14053c418	1	0			
0x1401ef990	0x1401ef9ea	0x14053c66c	1	0			
0x1401ef9f0	0x1401efa15	0x140528d7c	1	0			
0x1401efa15	0x1401efa3f	0x14053c69c	1	4	0x1401ef9f0	0x1401efa15	0x140528d7c
0x1401efa3f	0x1401efa4a	0x14053c6b0	1	4	0x1401ef9f0	0x1401efa15	0x140528d7c
0x1401efa50	0x1401efa75	0x140528d7c	1	0			
0x1401efa75	0x1401efa9f	0x14053c678	1	4	0x1401efa50	0x1401efa75	0x140528d7c
0x1401efa9f	0x1401efaaa	0x14053c68c	1	4	0x1401efa50	0x1401efa75	0x140528d7c
0x1401efab0	0x1401efb2a	0x14053c418	1	0			
0x1401efb30	0x1401efb87	0x14053c418	1	0			
0x1401efb90	0x1401efdaf	0x14053c594	1	0			
0x1401efdb0	0x1401efde7	0x14053c618	1	0			
0x1401efde7	0x1401efe88	0x14053c628	1	4	0x1401efdb0	0x1401efde7	0x14053c618
0x1401efe88	0x1401efe98	0x14053c648	1	4	0x1401efdb0	0x1401efde7	0x14053c618
0x1401efea0	0x1401eff30	0x14053c658	1	0			
0x1401eff30	0x1401effc0	0x14053c658	1	0			
0x1401effc0	0x1401f007d	0x14052a03c	1	0			
0x1401f0080	0x1401f01ec	0x14053ce5c	1	0			
0x1401f01f0	0x1401f0218	0x14053c418	1	0			
0x1401f0218	0x1401f0444	0x14053c6c0	1	4	0x1401f01f0	0x1401f0218	0x14053c418
0x1401f0444	0x1401f046b	0x14053c6dc	1	4	0x1401f01f0	0x1401f0218	0x14053c418
0x1401f0470	0x1401f0a9a	0x14053ccac	1	3			
0x1401f0a9a	0x1401f0adb	0x14053cccc	1	4	0x1401f0470	0x1401f0a9a	0x14053ccac
0x1401f0adb	0x1401f0e48	0x14053cce0	1	4	0x1401f0470	0x1401f0a9a	0x14053ccac
0x1401f0e50	0x1401f0f51	0x140533464	1	3			
0x1401f0f51	0x1401f10c2	0x14053cef0	1	4	0x1401f0e50	0x1401f0f51	0x140533464
0x1401f10c2	0x1401f10db	0x14053cf04	1	4	0x1401f0e50	0x1401f0f51	0x140533464
0x1401f10e0	0x1401f1163	0x14054e970	1	0			
0x1401f1170	0x1401f1191	0x14053dd90	1	0			
0x1401f1191	0x1401f122d	0x14053cf38	1	4	0x1401f1170	0x1401f1191	0x14053dd90
0x1401f122d	0x1401f1233	0x14053cf60	1	4	0x1401f1170	0x1401f1191	0x14053dd90
0x1401f1233	0x1401f124a	0x14053cf4c	1	4	0x1401f1170	0x1401f1191	0x14053dd90
0x1401f124a	0x1401f13c0	0x14053cf60	1	4	0x1401f1170	0x1401f1191	0x14053dd90
0x1401f13c0	0x1401f1492	0x140533464	1	3			
0x1401f1492	0x1401f14e9	0x14053cdf0	1	4	0x1401f13c0	0x1401f1492	0x140533464
0x1401f14e9	0x1401f167a	0x14053ce04	1	4	0x1401f13c0	0x1401f1492	0x140533464
0x1401f1680	0x1401f17dd	0x14053cb08	1	3			
0x1401f17dd	0x1401f1830	0x14053cb1c	1	4	0x1401f1680	0x1401f17dd	0x14053cb08
0x1401f1830	0x1401f18c1	0x14053cb38	1	4	0x1401f17dd	0x1401f1830	0x14053cb1c
0x1401f18c1	0x1401f18f6	0x14053cb4c	1	4	0x1401f17dd	0x1401f1830	0x14053cb1c
0x1401f18f6	0x1401f1b0d	0x14053cb5c	1	4	0x1401f1680	0x1401f17dd	0x14053cb08
0x1401f1b0d	0x1401f1b56	0x14053cb70	1	4	0x1401f1680	0x1401f17dd	0x14053cb08
0x1401f1b60	0x1401f1c49	0x14053e794	1	3			
0x1401f1c49	0x1401f1c6c	0x14053cb80	1	4	0x1401f1b60	0x1401f1c49	0x14053e794
0x1401f1c6c	0x1401f1c94	0x14053cb94	1	4	0x1401f1b60	0x1401f1c49	0x14053e794
0x1401f1c94	0x1401f1cc6	0x14053cba4	1	4	0x1401f1c6c	0x1401f1c94	0x14053cb94
0x1401f1cc6	0x1401f1ce4	0x14053cbb8	1	4	0x1401f1c94	0x1401f1cc6	0x14053cba4
0x1401f1ce4	0x1401f1d62	0x14053cbcc	1	4	0x1401f1cc6	0x1401f1ce4	0x14053cbb8
0x1401f1d62	0x1401f1d6a	0x14053cbe0	1	4	0x1401f1cc6	0x1401f1ce4	0x14053cbb8
0x1401f1d6a	0x1401f1ea2	0x14053cbf0	1	4	0x1401f1c94	0x1401f1cc6	0x14053cba4
0x1401f1ea2	0x1401f1ee7	0x14053cc00	1	4	0x1401f1c6c	0x1401f1c94	0x14053cb94
0x1401f1ef0	0x1401f20a3	0x1405432c4	1	0			
0x1401f20a3	0x1401f20e7	0x14053cc10	1	4	0x1401f1ef0	0x1401f20a3	0x1405432c4
0x1401f20e7	0x1401f2155	0x14053cc30	1	4	0x1401f20a3	0x1401f20e7	0x14053cc10
0x1401f2155	0x1401f21d9	0x14053cc44	1	4	0x1401f20a3	0x1401f20e7	0x14053cc10
0x1401f21d9	0x1401f232c	0x14053cc54	1	4	0x1401f1ef0	0x1401f20a3	0x1405432c4
0x1401f2330	0x1401f2440	0x14053ca3c	1	0			
0x1401f2440	0x1401f24d9	0x14054e970	1	0			
0x1401f24e0	0x1401f2524	0x14053c418	1	0			
0x1401f2530	0x1401f25ca	0x14053ceb8	1	0			
0x1401f25ca	0x1401f2638	0x14053cec4	1	4	0x1401f2530	0x1401f25ca	0x14053ceb8
0x1401f2638	0x1401f26b3	0x14053cedc	1	4	0x1401f2530	0x1401f25ca	0x14053ceb8
0x1401f26c0	0x1401f2799	0x14053ce84	1	0			
0x1401f2799	0x1401f285e	0x14053ce94	1	4	0x1401f26c0	0x1401f2799	0x14053ce84
0x1401f285e	0x1401f28a6	0x14053cea8	1	4	0x1401f26c0	0x1401f2799	0x14053ce84
0x1401f28b0	0x1401f2aef	0x14053c934	1	0			
0x1401f2aef	0x1401f2ba7	0x14053c940	1	4	0x1401f28b0	0x1401f2aef	0x14053c934
0x1401f2ba7	0x1401f2bc9	0x14053c954	1	4	0x1401f28b0	0x1401f2aef	0x14053c934
0x1401f2bd0	0x1401f300b	0x14053bbc0	1	0			
0x1401f3010	0x1401f3241	0x14052d9ec	1	3			
0x1401f3250	0x1401f34e9	0x14053cac4	1	3			
0x1401f34e9	0x1401f36fa	0x14053cae0	1	4	0x1401f3250	0x1401f34e9	0x14053cac4
0x1401f36fa	0x1401f3a31	0x14053caf8	1	4	0x1401f3250	0x1401f34e9	0x14053cac4
0x1401f3a40	0x1401f3a6e	0x14053dd90	1	0			
0x1401f3a6e	0x1401f3a94	0x14053ccf0	1	4	0x1401f3a40	0x1401f3a6e	0x14053dd90
0x1401f3a94	0x1401f3a9a	0x14053cd04	1	4	0x1401f3a40	0x1401f3a6e	0x14053dd90
0x1401f3a9a	0x1401f3b10	0x14053cd14	1	4	0x1401f3a40	0x1401f3a6e	0x14053dd90
0x1401f3b10	0x1401f3da0	0x14053cd04	1	4	0x1401f3a40	0x1401f3a6e	0x14053dd90
0x1401f3da0	0x1401f4015	0x14054e970	1	0			
0x1401f4020	0x1401f4180	0x140535960	1	3			
0x1401f4180	0x1401f41ee	0x14053c7e4	1	0			
0x1401f41ee	0x1401f42aa	0x14053cf14	1	4	0x1401f4180	0x1401f41ee	0x14053c7e4
0x1401f42aa	0x1401f43e4	0x14053cf28	1	4	0x1401f4180	0x1401f41ee	0x14053c7e4
0x1401f43f0	0x1401f45de	0x14053c9cc	1	0			
0x1401f45e0	0x1401f4794	0x14054e970	1	0			
0x1401f47a0	0x1401f47c8	0x14053c418	1	0			
0x1401f47d0	0x1401f48c7	0x14054e970	1	0			
0x1401f48d0	0x1401f4917	0x14053c418	1	0			
0x1401f4920	0x1401f494b	0x14052d9ec	1	3			
0x1401f494b	0x1401f49d3	0x14053ca58	1	4	0x1401f4920	0x1401f494b	0x14052d9ec
0x1401f49d3	0x1401f49ee	0x14053ca6c	1	4	0x1401f494b	0x1401f49d3	0x14053ca58
0x1401f49ee	0x1401f4a75	0x14053ca80	1	4	0x1401f49d3	0x1401f49ee	0x14053ca6c
0x1401f4a75	0x1401f4a7a	0x14053ca94	1	4	0x1401f49d3	0x1401f49ee	0x14053ca6c
0x1401f4a7a	0x1401f4a82	0x14053caa4	1	4	0x1401f494b	0x1401f49d3	0x14053ca58
0x1401f4a82	0x1401f4a95	0x14053cab4	1	4	0x1401f4920	0x1401f494b	0x14052d9ec
0x1401f4aa0	0x1401f4b56	0x14053c418	1	0			
0x1401f4b60	0x1401f4cd8	0x1405463d4	1	0			
0x1401f4ce0	0x1401f4d31	0x14053c418	1	0			
0x1401f4d40	0x1401f4ec8	0x14053ca48	1	0			
0x1401f4ed0	0x1401f4f40	0x14053c418	1	0			
0x1401f4f40	0x1401f4fbe	0x14053c418	1	0			
0x1401f4fc0	0x1401f504b	0x14053c970	1	0			
0x1401f504b	0x1401f5244	0x14053c990	1	4	0x1401f4fc0	0x1401f504b	0x14053c970
0x1401f5244	0x1401f5441	0x14053c9b4	1	4	0x1401f4fc0	0x1401f504b	0x14053c970
0x1401f5450	0x1401f55c9	0x14053c964	1	0			
0x1401f55d0	0x1401f563a	0x14053ce14	1	0			
0x1401f563a	0x1401f5c32	0x14053ce38	1	4	0x1401f55d0	0x1401f563a	0x14053ce14
0x1401f5c32	0x1401f5ea4	0x14053ce4c	1	4	0x1401f55d0	0x1401f563a	0x14053ce14
0x1401f5eb0	0x1401f5fbb	0x14054e970	1	0			
0x1401f5fc0	0x1401f6109	0x14054e970	1	0			
0x1401f6109	0x1401f61d4	0x14053cc88	1	4	0x1401f5fc0	0x1401f6109	0x14054e970
0x1401f61d4	0x1401f621d	0x14053cc9c	1	4	0x1401f5fc0	0x1401f6109	0x14054e970
0x1401f6220	0x1401f62a2	0x14054e970	1	0			
0x1401f62a2	0x1401f6375	0x14053cc64	1	4	0x1401f6220	0x1401f62a2	0x14054e970
0x1401f6375	0x1401f63e7	0x14053cc78	1	4	0x1401f6220	0x1401f62a2	0x14054e970
0x1401f63f0	0x1401f6517	0x14053c9dc	1	3			
0x1401f6517	0x1401f65a5	0x14053c9f4	1	4	0x1401f63f0	0x1401f6517	0x14053c9dc
0x1401f65a5	0x1401f6715	0x14053ca08	1	4	0x1401f6517	0x1401f65a5	0x14053c9f4
0x1401f6715	0x1401f671d	0x14053ca1c	1	4	0x1401f6517	0x1401f65a5	0x14053c9f4
0x1401f671d	0x1401f6744	0x14053ca2c	1	4	0x1401f63f0	0x1401f6517	0x14053c9dc
0x1401f6750	0x1401f67e7	0x14054e970	1	0			
0x1401f67e7	0x1401f684a	0x14053cd94	1	4	0x1401f6750	0x1401f67e7	0x14054e970
0x1401f684a	0x1401f6925	0x14053cda8	1	4	0x1401f67e7	0x1401f684a	0x14053cd94
0x1401f6925	0x1401f695b	0x14053cdbc	1	4	0x1401f67e7	0x1401f684a	0x14053cd94
0x1401f695b	0x1401f6961	0x14053cdcc	1	4	0x1401f6750	0x1401f67e7	0x14054e970
0x1401f6961	0x1401f6978	0x14053cddc	1	4	0x1401f6750	0x1401f67e7	0x14054e970
0x1401f6978	0x1401f6a1f	0x14053cdcc	1	4	0x1401f6750	0x1401f67e7	0x14054e970
0x1401f6a20	0x1401f6a60	0x14052d9ec	1	3			
0x1401f6a60	0x1401f6a92	0x14053cd28	1	4	0x1401f6a20	0x1401f6a60	0x14052d9ec
0x1401f6a92	0x1401f6aa9	0x14053cd3c	1	4	0x1401f6a60	0x1401f6a92	0x14053cd28
0x1401f6aa9	0x1401f6b24	0x14053cd50	1	4	0x1401f6a92	0x1401f6aa9	0x14053cd3c
0x1401f6b24	0x1401f6b29	0x14053cd64	1	4	0x1401f6a92	0x1401f6aa9	0x14053cd3c
0x1401f6b29	0x1401f6b3b	0x14053cd74	1	4	0x1401f6a60	0x1401f6a92	0x14053cd28
0x1401f6b3b	0x1401f6f6c	0x14053cd84	1	4	0x1401f6a20	0x1401f6a60	0x14052d9ec
0x1401f6f70	0x1401f72f0	0x14053c418	1	0			
0x1401f72f0	0x1401f74ff	0x14053ce70	1	0			
0x1401f7500	0x1401f7506	0x14053c418	1	0			
0x1401f7506	0x1401f7580	0x14053c700	1	4	0x1401f7500	0x1401f7506	0x14053c418
0x1401f7580	0x1401f75a1	0x14053c714	1	4	0x1401f7500	0x1401f7506	0x14053c418
0x1401f75b0	0x1401f7712	0x14053c6ec	1	0			
0x1401f7800	0x1401f78a8	0x140533718	1	3			
0x1401f78c0	0x1401f79dc	0x14053c764	1	0			
0x1401f79dc	0x1401f7a24	0x14053c784	1	4	0x1401f78c0	0x1401f79dc	0x14053c764
0x1401f7a24	0x1401f7a64	0x14053c798	1	4	0x1401f79dc	0x1401f7a24	0x14053c784
0x1401f7a64	0x1401f7a84	0x14053c7b0	1	4	0x1401f7a24	0x1401f7a64	0x14053c798
0x1401f7a84	0x1401f7a9f	0x14053c7c4	1	4	0x1401f7a24	0x1401f7a64	0x14053c798
0x1401f7a9f	0x1401f7bc4	0x14053c7d4	1	4	0x1401f79dc	0x1401f7a24	0x14053c784
0x1401f7be0	0x1401f7d9a	0x14053c7e4	1	0			
0x1401f7d9a	0x1401f82fc	0x14053c7f0	1	4	0x1401f7be0	0x1401f7d9a	0x14053c7e4
0x1401f82fc	0x1401f8313	0x14053c804	1	4	0x1401f7be0	0x1401f7d9a	0x14053c7e4
0x1401f8320	0x1401f83a0	0x1405463d4	1	0			
0x1401f83a0	0x1401f8428	0x14053c814	1	3			
0x1401f8428	0x1401f8438	0x14053c82c	1	4	0x1401f83a0	0x1401f8428	0x14053c814
0x1401f8438	0x1401f8fba	0x14053c844	1	4	0x1401f8428	0x1401f8438	0x14053c82c
0x1401f8fba	0x1401f911a	0x14053c864	1	4	0x1401f8428	0x1401f8438	0x14053c82c
0x1401f911a	0x1401f9165	0x14053c87c	1	4	0x1401f83a0	0x1401f8428	0x14053c814
0x1401f9165	0x1401f9279	0x14053c898	1	4	0x1401f83a0	0x1401f8428	0x14053c814
0x1401f9279	0x1401f92b1	0x14053c8ac	1	4	0x1401f83a0	0x1401f8428	0x14053c814
0x1401f94d0	0x1401f97e4	0x14053c418	1	0			
0x1401f97f0	0x1401f99e3	0x14053ce5c	1	0			
0x1401f99f0	0x1401f9c2b	0x14053c724	1	0			
0x1401f9c2b	0x1401fa039	0x14053c738	1	4	0x1401f99f0	0x1401f9c2b	0x14053c724
0x1401fa039	0x1401fa04e	0x14053c754	1	4	0x1401f99f0	0x1401f9c2b	0x14053c724
0x1401fa050	0x1401fa0bb	0x14053c8bc	1	3			
0x1401fa0bb	0x1401fa138	0x14053c8e4	1	4	0x1401fa050	0x1401fa0bb	0x14053c8bc
0x1401fa138	0x1401fa14d	0x14053c8f8	1	4	0x1401fa050	0x1401fa0bb	0x14053c8bc
0x1401fa14d	0x1401fa214	0x14053c908	1	4	0x1401fa138	0x1401fa14d	0x14053c8f8
0x1401fa214	0x1401fa246	0x14053c924	1	4	0x1401fa138	0x1401fa14d	0x14053c8f8
0x1401fa2c0	0x1401fa447	0x1405463d4	1	0			
0x1401fa520	0x1401fa5c9	0x14054f8f4	1	0			
0x1401fa5d0	0x1401fa64a	0x14053c418	1	0			
0x1401fa680	0x1401fa6f6	0x14054854c	1	0			
0x1401fa700	0x1401fa72d	0x14053d0c8	1	0			
0x1401fa750	0x1401fa79a	0x14053c418	1	0			
0x1401fa7a0	0x1401fa88a	0x14053d150	1	3			
0x1401fa88a	0x1401fa948	0x14053d170	1	4	0x1401fa7a0	0x1401fa88a	0x14053d150
0x1401fa948	0x1401fa98d	0x14053d184	1	4	0x1401fa7a0	0x1401fa88a	0x14053d150
0x1401faac0	0x1401fab0a	0x14053c418	1	0			
0x1401fad70	0x1401fae4f	0x14053c418	1	0			
0x1401fae50	0x1401fae7d	0x14053c418	1	0			
0x1401fae7d	0x1401faef6	0x14053d0d4	1	4	0x1401fae50	0x1401fae7d	0x14053c418
0x1401faef6	0x1401faf0f	0x14053d0e8	1	4	0x1401fae50	0x1401fae7d	0x14053c418
0x1401faf0f	0x1401faf40	0x14053d0fc	1	4	0x1401fae50	0x1401fae7d	0x14053c418
0x1401faf40	0x1401fb020	0x14054854c	1	0			
0x1401fb020	0x1401fb0d1	0x1405255c0	1	0			
0x1401fb0e0	0x1401fb14d	0x14053e570	1	0			
0x1401fb14d	0x1401fb2f1	0x14053d1d8	1	4	0x1401fb0e0	0x1401fb14d	0x14053e570
0x1401fb2f1	0x1401fb2f7	0x14053d1ec	1	4	0x1401fb0e0	0x1401fb14d	0x14053e570
0x1401fb300	0x1401fb3e9	0x14052aa04	1	0			
0x1401fb3f0	0x1401fb46f	0x14053d094	1	0			
0x1401fb470	0x1401fb487	0x140528d7c	1	0			
0x1401fb487	0x1401fb52d	0x14053d0a4	1	4	0x1401fb470	0x1401fb487	0x140528d7c
0x1401fb52d	0x1401fb533	0x14053d0b8	1	4	0x1401fb470	0x1401fb487	0x140528d7c
0x1401fb540	0x1401fb6a0	0x14053cff8	1	3			
0x1401fb6a0	0x1401fb7ca	0x14053d10c	1	0			
0x1401fb7ca	0x1401fb855	0x14053d12c	1	4	0x1401fb6a0	0x1401fb7ca	0x14053d10c
0x1401fb855	0x1401fba3c	0x14053d140	1	4	0x1401fb6a0	0x1401fb7ca	0x14053d10c
0x1401fba40	0x1401fbab8	0x14053d010	1	3			
0x1401fbab8	0x1401fbc44	0x14053d028	1	4	0x1401fba40	0x1401fbab8	0x14053d010
0x1401fbc44	0x1401fbcc3	0x14053d040	1	4	0x1401fba40	0x1401fbab8	0x14053d010
0x1401fbcc3	0x1401fbce0	0x14053d054	1	4	0x1401fba40	0x1401fbab8	0x14053d010
0x1401fbce0	0x1401fbce9	0x14053d040	1	4	0x1401fba40	0x1401fbab8	0x14053d010
0x1401fbce9	0x1401fbcf9	0x14053d054	1	4	0x1401fba40	0x1401fbab8	0x14053d010
0x1401fbe20	0x1401fbed7	0x1405463d4	1	0			
0x1401fbee0	0x1401fc396	0x14053d064	1	3			
0x1401fc3a0	0x1401fc4eb	0x14053d07c	1	3			
0x1401fc4f0	0x1401fc5ab	0x14053d07c	1	3			
0x1401fc5b0	0x1401fc674	0x140526458	1	0			
0x1401fc7e0	0x1401fc8b0	0x14053c418	1	0			
0x1401fc8b0	0x1401fc98e	0x140528cd4	1	3			
0x1401fca20	0x1401fca2f	0x14053cf70	1	0			
0x1401fca2f	0x1401fcae5	0x14053cf80	1	4	0x1401fca20	0x1401fca2f	0x14053cf70
0x1401fcae5	0x1401fcb0f	0x14053cf98	1	4	0x1401fca20	0x1401fca2f	0x14053cf70
0x1401fcb10	0x1401fcb2f	0x14053c2f0	1	0			
0x1401fcb2f	0x1401fcdf3	0x14053cfa8	1	4	0x1401fcb10	0x1401fcb2f	0x14053c2f0
0x1401fcdf3	0x1401fce58	0x14053cfc4	1	4	0x1401fcb2f	0x1401fcdf3	0x14053cfa8
0x1401fce58	0x1401fceb7	0x14053cfd8	1	4	0x1401fcb2f	0x1401fcdf3	0x14053cfa8
0x1401fceb7	0x1401fcf28	0x14053cfe8	1	4	0x1401fcb10	0x1401fcb2f	0x14053c2f0
0x1401fd000	0x1401fd04a	0x140538250	1	0			
0x1401fd070	0x1401fd0f8	0x14053c418	1	0			
0x1401fd200	0x1401fd230	0x140538250	1	0			
0x1401fd230	0x1401fd3d6	0x14053d194	1	3			
0x1401fd3e0	0x1401fd495	0x14054e478	1	0			
0x1401fd495	0x1401fd4f8	0x14053d250	1	4	0x1401fd3e0	0x1401fd495	0x14054e478
0x1401fd4f8	0x1401fd507	0x14053d264	1	4	0x1401fd3e0	0x1401fd495	0x14054e478
0x1401fd507	0x1401fd5bd	0x14053d278	1	4	0x1401fd3e0	0x1401fd495	0x14054e478
0x1401fd610	0x1401fd672	0x14053c418	1	0			
0x1401fd680	0x1401fd6a7	0x14054f8f4	1	0			
0x1401fd6b0	0x1401fd72a	0x1405463d4	1	0			
0x1401fd730	0x1401fd8f0	0x14053d228	1	0			
0x1401fd8f0	0x1401fda7b	0x14052d9ec	1	3			
0x1401fda80	0x1401fdc8a	0x14053d1fc	1	3			
0x1401fdc90	0x1401fdde5	0x140543320	1	3			
0x1401fde10	0x1401fde29	0x14052129c	1	0			
0x1401fde29	0x1401fde7f	0x14053d288	1	4	0x1401fde10	0x1401fde29	0x14052129c
0x1401fde7f	0x1401fde85	0x14053d2a0	1	4	0x1401fde10	0x1401fde29	0x14052129c
0x1401fdeb0	0x1401fdf0c	0x14053c418	1	0			
0x1401fe860	0x1401fe877	0x14053d5d4	1	3			
0x1401fe877	0x1401febc5	0x14053d5e4	1	4	0x1401fe860	0x1401fe877	0x14053d5d4
0x1401febc5	0x1401fed3c	0x14053d600	1	4	0x1401fe860	0x1401fe877	0x14053d5d4
0x1401fed40	0x1401feeb0	0x14054e970	1	0			
0x1401feeb0	0x1401fefe8	0x14053d948	1	4	0x1401fed40	0x1401feeb0	0x14054e970
0x1401fefe8	0x1401fefee	0x14053d960	1	4	0x1401fed40	0x1401feeb0	0x14054e970
0x1401feff0	0x1401ff0c0	0x14054e970	1	0			
0x1401ff0c0	0x1401ff190	0x14054e970	1	0			
0x1401ff190	0x1401ff25f	0x14054e970	1	0			
0x1401ff260	0x1401ff330	0x14054e970	1	0			
0x1401ff330	0x1401ff400	0x14054e970	1	0			
0x1401ff400	0x1401ff4c2	0x14054e970	1	0			
0x1401ff4d0	0x1401ff592	0x14054e970	1	0			
0x1401ff5a0	0x1401ff5c0	0x14053dd90	1	0			
0x1401ff5c0	0x1401ff5f3	0x14053d8ec	1	4	0x1401ff5a0	0x1401ff5c0	0x14053dd90
0x1401ff5f3	0x1401ff5f9	0x14053d914	1	4	0x1401ff5a0	0x1401ff5c0	0x14053dd90
0x1401ff5f9	0x1401ff63a	0x14053d900	1	4	0x1401ff5a0	0x1401ff5c0	0x14053dd90
0x1401ff63a	0x1401ff691	0x14053d900	1	4	0x1401ff5a0	0x1401ff5c0	0x14053dd90
0x1401ff691	0x1401ff745	0x14053d914	1	4	0x1401ff5a0	0x1401ff5c0	0x14053dd90
0x1401ff750	0x1401ffc9c	0x14053d8d8	1	0			
0x1401ffca0	0x1401ffd28	0x14054e970	1	0			
0x1401ffd28	0x1401ffd8c	0x14053d8b4	1	4	0x1401ffca0	0x1401ffd28	0x14054e970
0x1401ffd8c	0x1401ffe0d	0x14053d8c8	1	4	0x1401ffca0	0x1401ffd28	0x14054e970
0x1401ffe10	0x1401ffe8d	0x14054e970	1	0			
0x1401ffe8d	0x1401ffebc	0x14053d924	1	4	0x1401ffe10	0x1401ffe8d	0x14054e970
0x1401ffebc	0x1401fffec	0x14053d938	1	4	0x1401ffe10	0x1401ffe8d	0x14054e970
0x1401ffff0	0x14020016c	0x14054e970	1	0			
0x140200170	0x1402001bc	0x14053def8	1	0			
0x1402001bc	0x140200205	0x14053df08	1	4	0x140200170	0x1402001bc	0x14053def8
0x140200205	0x14020056e	0x14053df1c	1	4	0x140200170	0x1402001bc	0x14053def8
0x14020056e	0x14020065b	0x14053df30	1	4	0x140200170	0x1402001bc	0x14053def8
0x140200660	0x1402009b3	0x14053bbc0	1	0			
0x1402009c0	0x140200d29	0x14053bbc0	1	0			
0x140200d30	0x140201060	0x14053bbc0	1	0			
0x140201060	0x1402011d3	0x14053e794	1	3			
0x1402011d3	0x14020134f	0x14053da88	1	4	0x140201060	0x1402011d3	0x14053e794
0x14020134f	0x1402013e8	0x14053daa0	1	4	0x140201060	0x1402011d3	0x14053e794
0x1402013f0	0x140201580	0x14054e970	1	0			
0x140201580	0x1402016e7	0x14053da60	1	4	0x1402013f0	0x140201580	0x14054e970
0x1402016e7	0x1402016ed	0x14053da78	1	4	0x1402013f0	0x140201580	0x14054e970
0x1402016f0	0x140201f56	0x14053dae8	1	0			
0x140201f60	0x140201f78	0x14054e970	1	0			
0x140201f78	0x14020201a	0x14053dab0	1	4	0x140201f60	0x140201f78	0x14054e970
0x14020201a	0x1402021a1	0x14053dac4	1	4	0x140201f60	0x140201f78	0x14054e970
0x1402021a1	0x14020224a	0x14053dac4	1	4	0x140201f60	0x140201f78	0x14054e970
0x14020224a	0x140202268	0x14053dac4	1	4	0x140201f60	0x140201f78	0x14054e970
0x140202268	0x140202326	0x14053dac4	1	4	0x140201f60	0x140201f78	0x14054e970
0x140202326	0x1402023c6	0x14053dac4	1	4	0x140201f60	0x140201f78	0x14054e970
0x1402023c6	0x1402023e2	0x14053dac4	1	4	0x140201f60	0x140201f78	0x14054e970
0x1402023e2	0x140202403	0x14053dac4	1	4	0x140201f60	0x140201f78	0x14054e970
0x140202403	0x14020248a	0x14053dad8	1	4	0x140201f60	0x140201f78	0x14054e970
0x140202490	0x14020270d	0x14054e970	1	0			
0x140202710	0x140202bb7	0x14053bbc0	1	0			
0x140202bc0	0x140202ef8	0x14053bbc0	1	0			
0x140202f00	0x140203180	0x14054e970	1	0			
0x140203180	0x140203239	0x14054e970	1	0			
0x140203240	0x140203258	0x14053c934	1	0			
0x140203258	0x140203557	0x14053d9f4	1	4	0x140203240	0x140203258	0x14053c934
0x140203557	0x140203579	0x14053da08	1	4	0x140203240	0x140203258	0x14053c934
0x140203580	0x14020392f	0x14053d9e4	1	0			
0x140203930	0x140203f37	0x14052a03c	1	0			
0x140203f40	0x140204084	0x14054e970	1	0			
0x140204084	0x1402041b3	0x14053d9bc	1	4	0x140203f40	0x140204084	0x14054e970
0x1402041b3	0x1402041ee	0x14053d9d4	1	4	0x140203f40	0x140204084	0x14054e970
0x1402041f0	0x1402045c6	0x14053bbc0	1	0			
0x1402045d0	0x1402047e9	0x14053bbc0	1	0			
0x1402047f0	0x140204a9e	0x14054e970	1	0			
0x140204aa0	0x140204bc8	0x14054e970	1	0			
0x140204bd0	0x14020518b	0x14053db68	1	0			
0x140205190	0x14020564e	0x14053db30	1	0			
0x14020564e	0x14020572e	0x14053db44	1	4	0x140205190	0x14020564e	0x14053db30
0x14020572e	0x1402057fa	0x14053db58	1	4	0x140205190	0x14020564e	0x14053db30
0x140205800	0x140205a3a	0x14053bbc0	1	0			
0x140205a40	0x140205baf	0x14053e570	1	0			
0x140205baf	0x140205c20	0x14053d644	1	4	0x140205a40	0x140205baf	0x14053e570
0x140205c20	0x140205c26	0x14053d658	1	4	0x140205a40	0x140205baf	0x14053e570
0x140205c30	0x140206009	0x140544668	1	3			
0x140206010	0x14020631d	0x140528ce4	1	3			
0x140206320	0x140206384	0x14053dd90	1	0			
0x140206384	0x14020638c	0x14053dd98	1	4	0x140206320	0x140206384	0x14053dd90
0x14020638c	0x1402063e9	0x14053ddac	1	4	0x140206384	0x14020638c	0x14053dd98
0x1402063e9	0x140206418	0x14053ddc0	1	4	0x14020638c	0x1402063e9	0x14053ddac
0x140206418	0x14020644c	0x14053ddd4	1	4	0x14020638c	0x1402063e9	0x14053ddac
0x14020644c	0x140206489	0x14053dde4	1	4	0x140206384	0x14020638c	0x14053dd98
0x140206489	0x1402065ad	0x14053ddf4	1	4	0x140206320	0x140206384	0x14053dd90
0x1402065b0	0x140206831	0x140535960	1	3			
0x140206831	0x1402068b1	0x14053de04	1	4	0x1402065b0	0x140206831	0x140535960
0x1402068b1	0x1402068c7	0x14053de18	1	4	0x1402065b0	0x140206831	0x140535960
0x1402068d0	0x140206a10	0x14052d9ec	1	3			
0x140206a10	0x140206b7b	0x14053dc88	1	4	0x1402068d0	0x140206a10	0x14052d9ec
0x140206b7b	0x140206b9e	0x14053dca4	1	4	0x1402068d0	0x140206a10	0x14052d9ec
0x140206b9e	0x140206bdd	0x14053dcb4	1	4	0x1402068d0	0x140206a10	0x14052d9ec
0x140206bdd	0x140206c24	0x14053dca4	1	4	0x1402068d0	0x140206a10	0x14052d9ec
0x140206c30	0x140206d48	0x14053dcd0	1	3			
0x140206d48	0x140206f16	0x14053dce4	1	4	0x140206c30	0x140206d48	0x14053dcd0
0x140206f16	0x140206f67	0x14053dd00	1	4	0x140206c30	0x140206d48	0x14053dcd0
0x140206f70	0x140207005	0x14053dd90	1	0			
0x140207005	0x140207042	0x14053d86c	1	4	0x140206f70	0x140207005	0x14053dd90
0x140207042	0x140207103	0x14053d880	1	4	0x140206f70	0x140207005	0x14053dd90
0x140207110	0x1402071b9	0x14054e970	1	0			
0x1402071b9	0x140207292	0x14053d844	1	4	0x140207110	0x1402071b9	0x14054e970
0x140207292	0x140207298	0x14053d85c	1	4	0x140207110	0x1402071b9	0x14054e970
0x1402072a0	0x140207592	0x14054e970	1	0			
0x1402075a0	0x1402077a6	0x14054e970	1	0			
0x1402077b0	0x140207880	0x14054e970	1	0			
0x140207880	0x14020794f	0x14054e970	1	0			
0x140207950	0x140207a20	0x14054e970	1	0			
0x140207a20	0x140207af0	0x14054e970	1	0			
0x140207af0	0x140207bc0	0x14054e970	1	0			
0x140207bc0	0x140207c90	0x14054e970	1	0			
0x140207c90	0x140207d7d	0x14054e970	1	0			
0x140207d80	0x140207d99	0x14053de28	1	0			
0x140207d99	0x140207e6d	0x14053de80	1	4	0x140207d80	0x140207d99	0x14053de28
0x140207e6d	0x140207f74	0x14053dee0	1	4	0x140207d80	0x140207d99	0x14053de28
0x140207f74	0x140208256	0x14053de98	1	4	0x140208256	0x140208260	0x14053dee0
0x140208256	0x140208260	0x14053dee0	1	4	0x140207d80	0x140207d99	0x14053de28
0x140208260	0x140208266	0x14053deb0	1	4	0x140207d80	0x140207d99	0x14053de28
0x140208266	0x140208324	0x14053dec0	1	4	0x140207d80	0x140207d99	0x14053de28
0x140208324	0x14020834a	0x14053dee0	1	4	0x140207d80	0x140207d99	0x14053de28
0x14020834a	0x1402083c6	0x14053dee0	1	4	0x140207d80	0x140207d99	0x14053de28
0x1402083c6	0x14020849f	0x14053dee0	1	4	0x140207d80	0x140207d99	0x14053de28
0x14020849f	0x1402084ef	0x14053dee0	1	4	0x140207d80	0x140207d99	0x14053de28
0x1402084ef	0x14020854a	0x14053dee0	1	4	0x140207d80	0x140207d99	0x14053de28
0x14020854a	0x140208564	0x14053dee0	1	4	0x140207d80	0x140207d99	0x14053de28
0x140208564	0x14020857c	0x14053deb0	1	4	0x140207d80	0x140207d99	0x14053de28
0x140208580	0x14020888a	0x140528ce4	1	3			
0x140208890	0x1402088a2	0x14053dbd8	1	0			
0x1402088a2	0x140208cc9	0x14053dbe8	1	4	0x140208890	0x1402088a2	0x14053dbd8
0x140208cc9	0x140208d6e	0x14053dbfc	1	4	0x140208890	0x1402088a2	0x14053dbd8
0x140208d70	0x140208da6	0x14053dc0c	1	0			
0x140208da6	0x140208e18	0x14053dba0	1	4	0x140208d70	0x140208da6	0x14053dc0c
0x140208e18	0x140208e23	0x14053dbc8	1	4	0x140208d70	0x140208da6	0x14053dc0c
0x140208e23	0x140208e37	0x14053dbb4	1	4	0x140208d70	0x140208da6	0x14053dc0c
0x140208e37	0x140208e9a	0x14053dbb4	1	4	0x140208d70	0x140208da6	0x14053dc0c
0x140208e9a	0x1402090eb	0x14053dbc8	1	4	0x140208d70	0x140208da6	0x14053dc0c
0x1402090f0	0x14020934c	0x14053d610	1	0			
0x14020934c	0x1402093af	0x14053d620	1	4	0x1402090f0	0x14020934c	0x14053d610
0x1402093af	0x1402094b7	0x14053d634	1	4	0x1402090f0	0x14020934c	0x14053d610
0x1402094c0	0x1402096d5	0x14053bbc0	1	0			
0x1402096e0	0x140209858	0x14054e970	1	0			
0x140209860	0x1402099d8	0x14054e970	1	0			
0x1402099e0	0x140209bc7	0x14054e970	1	0			
0x140209bd0	0x140209d24	0x14054e970	1	0			
0x140209d24	0x140209e95	0x14053d970	1	4	0x140209bd0	0x140209d24	0x14054e970
0x140209e95	0x140209e9b	0x14053d988	1	4	0x140209bd0	0x140209d24	0x14054e970
0x140209ea0	0x140209fda	0x14054e970	1	0			
0x140209fe0	0x14020a158	0x14054e970	1	0			
0x14020a160	0x14020a250	0x14054e970	1	0			
0x14020a250	0x14020a522	0x14054e970	1	0			
0x14020a530	0x14020a814	0x14054e970	1	0			
0x14020a820	0x14020a9b5	0x14054e970	1	0			
0x14020a9c0	0x14020ad48	0x14053bbc0	1	0			
0x14020ad50	0x14020b05d	0x14053bbc0	1	0			
0x14020b060	0x14020b148	0x14054e970	1	0			
0x14020b148	0x14020b2a1	0x14053db08	1	4	0x14020b060	0x14020b148	0x14054e970
0x14020b2a1	0x14020b2ec	0x14053db20	1	4	0x14020b060	0x14020b148	0x14054e970
0x14020b2f0	0x14020b469	0x14053de28	1	0			
0x14020b469	0x14020b72e	0x14053de30	1	4	0x14020b2f0	0x14020b469	0x14053de28
0x14020b72e	0x14020b7e9	0x14053de48	1	4	0x14020b2f0	0x14020b469	0x14053de28
0x14020b7f0	0x14020b9ed	0x14053de28	1	0			
0x14020b9ed	0x14020bd12	0x14053de58	1	4	0x14020b7f0	0x14020b9ed	0x14053de28
0x14020bd12	0x14020bde4	0x14053de70	1	4	0x14020b7f0	0x14020b9ed	0x14053de28
0x14020bdf0	0x14020bf51	0x14054e970	1	0			
0x14020bf60	0x14020c0c1	0x14054e970	1	0			
0x14020c0d0	0x14020c264	0x14054e970	1	0			
0x14020c270	0x14020c468	0x14052a03c	1	0			
0x14020c470	0x14020c4f2	0x14054e970	1	0			
0x14020c4f2	0x14020c540	0x14053da18	1	4	0x14020c470	0x14020c4f2	0x14054e970
0x14020c540	0x14020c64f	0x14053da2c	1	4	0x14020c470	0x14020c4f2	0x14054e970
0x14020c650	0x14020c8e7	0x14053c7e4	1	0			
0x14020c8e7	0x14020c916	0x14053da3c	1	4	0x14020c650	0x14020c8e7	0x14053c7e4
0x14020c916	0x14020cac7	0x14053da50	1	4	0x14020c650	0x14020c8e7	0x14053c7e4
0x14020cad0	0x14020cb98	0x14053dc0c	1	0			
0x14020cb98	0x14020cd6b	0x14053db7c	1	4	0x14020cad0	0x14020cb98	0x14053dc0c
0x14020cd6b	0x14020d006	0x14053db90	1	4	0x14020cad0	0x14020cb98	0x14053dc0c
0x14020d010	0x14020d4b8	0x1405235c4	1	0			
0x14020d4c0	0x14020d688	0x14053c7e4	1	0			
0x14020d688	0x14020d7aa	0x14053dd10	1	4	0x14020d4c0	0x14020d688	0x14053c7e4
0x14020d7aa	0x14020d7b5	0x14053dd24	1	4	0x14020d4c0	0x14020d688	0x14053c7e4
0x14020d7c0	0x14020d8e9	0x14054e970	1	0			
0x14020d8f0	0x14020db30	0x14054e970	1	0			
0x14020db30	0x14020dca0	0x14053c7e4	1	0			
0x14020dca0	0x14020dd4c	0x14053d890	1	4	0x14020db30	0x14020dca0	0x14053c7e4
0x14020dd4c	0x14020dd57	0x14053d8a4	1	4	0x14020db30	0x14020dca0	0x14053c7e4
0x14020dd60	0x14020df25	0x14054e970	1	0			
0x14020df30	0x14020e08c	0x14053bbc0	1	0			
0x14020e090	0x14020e1cb	0x14054e970	1	0			
0x14020e1d0	0x14020e25d	0x140535960	1	3			
0x14020e25d	0x14020e3de	0x14053dd6c	1	4	0x14020e1d0	0x14020e25d	0x140535960
0x14020e3de	0x14020e4af	0x14053dd80	1	4	0x14020e1d0	0x14020e25d	0x140535960
0x14020e4b0	0x14020e699	0x14053dd34	1	3			
0x14020e699	0x14020e711	0x14053dd48	1	4	0x14020e4b0	0x14020e699	0x14053dd34
0x14020e711	0x14020e8c1	0x14053dd5c	1	4	0x14020e4b0	0x14020e699	0x14053dd34
0x14020e8d0	0x14020e971	0x14053dc0c	1	0			
0x14020e971	0x14020eb40	0x14053dc18	1	4	0x14020e8d0	0x14020e971	0x14053dc0c
0x14020eb40	0x14020ec74	0x14053dc2c	1	4	0x14020e8d0	0x14020e971	0x14053dc0c
0x14020ec80	0x14020ed38	0x14054e970	1	0			
0x14020ed38	0x14020ee97	0x14053dc60	1	4	0x14020ec80	0x14020ed38	0x14054e970
0x14020ee97	0x14020ee9d	0x14053dc78	1	4	0x14020ec80	0x14020ed38	0x14054e970
0x14020eea0	0x14020f18b	0x14053c7e4	1	0			
0x14020f190	0x14020f353	0x14053d610	1	0			
0x14020f353	0x14020f3d0	0x14053dc3c	1	4	0x14020f190	0x14020f353	0x14053d610
0x14020f3d0	0x14020f4df	0x14053dc50	1	4	0x14020f190	0x14020f353	0x14053d610
0x14020f4e0	0x14020f658	0x14054e970	1	0			
0x14020f660	0x14020f7d8	0x14054e970	1	0			
0x14020f7e0	0x14020f958	0x14054e970	1	0			
0x14020f960	0x14020f980	0x14053dd90	1	0			
0x14020f980	0x14020f9b3	0x14053d80c	1	4	0x14020f960	0x14020f980	0x14053dd90
0x14020f9b3	0x14020f9b9	0x14053d834	1	4	0x14020f960	0x14020f980	0x14053dd90
0x14020f9b9	0x14020f9fa	0x14053d820	1	4	0x14020f960	0x14020f980	0x14053dd90
0x14020f9fa	0x14020fa51	0x14053d820	1	4	0x14020f960	0x14020f980	0x14053dd90
0x14020fa51	0x14020faef	0x14053d834	1	4	0x14020f960	0x14020f980	0x14053dd90
0x14020faf0	0x14020fc63	0x14053e794	1	3			
0x14020fc63	0x14020fddf	0x14053d7e4	1	4	0x14020faf0	0x14020fc63	0x14053e794
0x14020fddf	0x14020fe70	0x14053d7fc	1	4	0x14020faf0	0x14020fc63	0x14053e794
0x14020fe70	0x14020ff63	0x14054e970	1	0			
0x14020ff70	0x140210032	0x14054e970	1	0			
0x140210040	0x140210050	0x14053d770	1	0			
0x140210050	0x14021014c	0x14053d778	1	4	0x140210040	0x140210050	0x14053d770
0x14021014c	0x140210201	0x14053d78c	1	4	0x140210050	0x14021014c	0x14053d778
0x140210201	0x14021020f	0x14053d7a0	1	4	0x140210050	0x14021014c	0x14053d778
0x14021020f	0x14021025f	0x14053d7b0	1	4	0x140210040	0x140210050	0x14053d770
0x140210260	0x140210398	0x14054e970	1	0			
0x1402103a0	0x140210656	0x14053c7e4	1	0			
0x140210656	0x14021076f	0x14053d7c0	1	4	0x1402103a0	0x140210656	0x14053c7e4
0x14021076f	0x14021077a	0x14053d7d4	1	4	0x1402103a0	0x140210656	0x14053c7e4
0x140210780	0x14021096e	0x14054e970	1	0			
0x140210970	0x140210b98	0x14054e970	1	0			
0x140210ba0	0x140210bf2	0x14054e970	1	0			
0x140210bf2	0x140210c7a	0x14053d714	1	4	0x140210ba0	0x140210bf2	0x14054e970
0x140210c7a	0x140210cfd	0x14053d728	1	4	0x140210bf2	0x140210c7a	0x14053d714
0x140210cfd	0x140210d02	0x14053d73c	1	4	0x140210bf2	0x140210c7a	0x14053d714
0x140210d02	0x140210d1e	0x14053d74c	1	4	0x140210ba0	0x140210bf2	0x14054e970
0x140210d1e	0x140210d38	0x14053d75c	1	4	0x140210ba0	0x140210bf2	0x14054e970
0x140210d38	0x140210d9e	0x14053d74c	1	4	0x140210ba0	0x140210bf2	0x14054e970
0x140210da0	0x140210e2f	0x14054e970	1	0			
0x140210e30	0x140210f02	0x14054e970	1	0			
0x140210f10	0x14021102a	0x14054e970	1	0			
0x140211030	0x1402110fc	0x14054e970	1	0			
0x140211100	0x1402111be	0x14054e970	1	0			
0x1402111c0	0x14021127e	0x14054e970	1	0			
0x140211280	0x14021133e	0x14054e970	1	0			
0x140211340	0x140211358	0x1405381cc	1	0			
0x140211358	0x1402113a3	0x14053d690	1	4	0x140211340	0x140211358	0x1405381cc
0x1402113a3	0x1402113f2	0x14053d6a8	1	4	0x140211340	0x140211358	0x1405381cc
0x1402113f2	0x14021145f	0x14053d6a8	1	4	0x140211340	0x140211358	0x1405381cc
0x14021145f	0x140211601	0x14053d6a8	1	4	0x140211340	0x140211358	0x1405381cc
0x140211601	0x140211641	0x14053d6a8	1	4	0x140211340	0x140211358	0x1405381cc
0x140211641	0x1402116e4	0x14053d6c0	1	4	0x140211340	0x140211358	0x1405381cc
0x1402116e4	0x140211744	0x14053d6d4	1	4	0x140211340	0x140211358	0x1405381cc
0x140211744	0x14021177c	0x14053d6ec	1	4	0x140211340	0x140211358	0x1405381cc
0x14021177c	0x1402117ac	0x14053d6ec	1	4	0x140211340	0x140211358	0x1405381cc
0x1402117ac	0x14021183e	0x14053d6ec	1	4	0x140211340	0x140211358	0x1405381cc
0x14021183e	0x140211877	0x14053d6ec	1	4	0x140211340	0x140211358	0x1405381cc
0x140211877	0x1402118e3	0x14053d704	1	4	0x140211340	0x140211358	0x1405381cc
0x1402118f0	0x140211acb	0x14054e970	1	0			
0x140211acb	0x140211bfd	0x14053d668	1	4	0x1402118f0	0x140211acb	0x14054e970
0x140211bfd	0x140211c03	0x14053d680	1	4	0x1402118f0	0x140211acb	0x14054e970
0x140211c10	0x140211c23	0x14054f8f4	1	0			
0x140211c30	0x140211c6b	0x14053c418	1	0			
0x140211d60	0x140211da5	0x140535db4	1	3			
0x140211da5	0x140211e38	0x14053df40	1	4	0x140211d60	0x140211da5	0x140535db4
0x140211e38	0x140211e50	0x14053df54	1	4	0x140211d60	0x140211da5	0x140535db4
0x140211e50	0x140211f1b	0x1405463d4	1	0			
0x140211f20	0x140211f26	0x140545b9c	1	0			
0x140211f26	0x140211f35	0x14053d2b0	1	4	0x140211f20	0x140211f26	0x140545b9c
0x140211f35	0x140211fe0	0x14053d2c8	1	4	0x140211f26	0x140211f35	0x14053d2b0
0x140211fe0	0x140212041	0x14053d2e4	1	4	0x140211f26	0x140211f35	0x14053d2b0
0x140212041	0x14021206d	0x14053d2f4	1	4	0x140211f20	0x140211f26	0x140545b9c
0x140212070	0x1402120a7	0x14052129c	1	0			
0x1402120a7	0x14021210a	0x14053d5ac	1	4	0x140212070	0x1402120a7	0x14052129c
0x14021210a	0x140212760	0x14053d5c4	1	4	0x140212070	0x1402120a7	0x14052129c
0x1402127f0	0x1402129f8	0x1405255c0	1	0			
0x140212be0	0x140212bf1	0x14053d4b4	1	0			
0x140212bf1	0x1402130b6	0x14053d4c4	1	4	0x140212be0	0x140212bf1	0x14053d4b4
0x1402130b6	0x140213498	0x14053d4e8	1	4	0x140212bf1	0x1402130b6	0x14053d4c4
0x140213498	0x14021353f	0x14053d508	1	4	0x140212be0	0x140212bf1	0x14053d4b4
0x14021353f	0x140214b2e	0x14053d51c	1	4	0x140212be0	0x140212bf1	0x14053d4b4
0x140214b2e	0x140214bcd	0x14053d508	1	4	0x140212be0	0x140212bf1	0x14053d4b4
0x140214bcd	0x140214d44	0x14053d550	1	4	0x140212be0	0x140212bf1	0x14053d4b4
0x140214d50	0x140214f5d	0x14053d560	1	0			
0x140214f5d	0x140214f83	0x14053d574	1	4	0x140214d50	0x140214f5d	0x14053d560
0x140214f83	0x140215259	0x14053d588	1	4	0x140214f5d	0x140214f83	0x14053d574
0x140215259	0x1402153a1	0x14053d59c	1	4	0x140214f5d	0x140214f83	0x14053d574
0x1402153b0	0x1402153ba	0x140532a4c	1	0			
0x1402153ba	0x14021547c	0x14053d998	1	4	0x1402153b0	0x1402153ba	0x140532a4c
0x14021547c	0x140215520	0x14053d9ac	1	4	0x1402153b0	0x1402153ba	0x140532a4c
0x140215520	0x1402155d1	0x14054854c	1	0			
0x1402155e0	0x1402155f2	0x14053d3e4	1	0			
0x1402155f2	0x1402155fd	0x14053d3f4	1	4	0x1402155e0	0x1402155f2	0x14053d3e4
0x1402155fd	0x140215bbe	0x14053d408	1	4	0x1402155f2	0x1402155fd	0x14053d3f4
0x140215bbe	0x140215c15	0x14053d428	1	4	0x1402155fd	0x140215bbe	0x14053d408
0x140215c15	0x140215e51	0x14053d43c	1	4	0x140215bbe	0x140215c15	0x14053d428
0x140215e51	0x140215f78	0x14053d450	1	4	0x140215c15	0x140215e51	0x14053d43c
0x140215f78	0x14021606f	0x14053d464	1	4	0x140215c15	0x140215e51	0x14053d43c
0x14021606f	0x140216082	0x14053d474	1	4	0x140215bbe	0x140215c15	0x14053d428
0x140216082	0x1402165a0	0x14053d484	1	4	0x1402155f2	0x1402155fd	0x14053d3f4
0x1402165a0	0x140216676	0x14053d4a4	1	4	0x1402155e0	0x1402155f2	0x14053d3e4
0x140216680	0x140216689	0x140540fbc	1	0			
0x140216689	0x1402166e5	0x14053d3c0	1	4	0x140216680	0x140216689	0x140540fbc
0x1402166e5	0x1402169ef	0x14053d3d4	1	4	0x140216680	0x140216689	0x140540fbc
0x1402169f0	0x140216a08	0x14054f8f4	1	0			
0x140216a08	0x140216a55	0x14053e05c	1	4	0x1402169f0	0x140216a08	0x14054f8f4
0x140216a55	0x140216a8c	0x14053e070	1	4	0x1402169f0	0x140216a08	0x14054f8f4
0x140216a8c	0x140216a91	0x14053e070	1	4	0x1402169f0	0x140216a08	0x14054f8f4
0x140216a91	0x140216a96	0x14053e084	1	4	0x1402169f0	0x140216a08	0x14054f8f4
0x140216ac0	0x140216afa	0x14053c418	1	0			
0x140216b00	0x140216b71	0x14054e970	1	0			
0x140216b80	0x140216c8c	0x140528cd4	1	3			
0x140216c90	0x140216de8	0x140526458	1	0			
0x140216df0	0x140216e11	0x14053d304	1	3			
0x140216e11	0x140216e8f	0x14053d31c	1	4	0x140216df0	0x140216e11	0x14053d304
0x140216e8f	0x140216ea0	0x14053d33c	1	4	0x140216e11	0x140216e8f	0x14053d31c
0x140216ea0	0x140216eb3	0x14053d364	1	4	0x140216e11	0x140216e8f	0x14053d31c
0x140216eb3	0x140217047	0x14053d350	1	4	0x140216e11	0x140216e8f	0x14053d31c
0x140217047	0x140217066	0x14053d364	1	4	0x140216e11	0x140216e8f	0x14053d31c
0x140217066	0x140217070	0x14053d398	1	4	0x140216df0	0x140216e11	0x14053d304
0x140217070	0x1402174a2	0x14053d374	1	4	0x140216df0	0x140216e11	0x14053d304
0x1402174a2	0x140217504	0x14053d398	1	4	0x140216df0	0x140216e11	0x14053d304
0x140217504	0x140217550	0x14053d3b0	1	4	0x140216df0	0x140216e11	0x14053d304
0x140217550	0x14021776b	0x14053df64	1	0			
0x140217770	0x1402178a8	0x140530688	1	0			
0x1402178b0	0x140217a78	0x14054d758	1	0			
0x140217b90	0x140217e97	0x1405231e4	1	0			
0x140217ea0	0x140217fe2	0x14053ad6c	1	0			
0x140217ff0	0x14021800b	0x14053dfbc	1	3			
0x14021800b	0x14021801f	0x14053dfd4	1	4	0x140217ff0	0x14021800b	0x14053dfbc
0x14021801f	0x140218036	0x14053dfe8	1	4	0x14021800b	0x14021801f	0x14053dfd4
0x140218036	0x1402181c7	0x14053dffc	1	4	0x14021801f	0x140218036	0x14053dfe8
0x1402181c7	0x1402181d2	0x14053e010	1	4	0x14021801f	0x140218036	0x14053dfe8
0x1402181d2	0x14021822c	0x14053e020	1	4	0x14021800b	0x14021801f	0x14053dfd4
0x14021822c	0x140218239	0x14053e04c	1	4	0x140217ff0	0x14021800b	0x14053dfbc
0x140218239	0x140218414	0x14053e030	1	4	0x140217ff0	0x14021800b	0x14053dfbc
0x140218414	0x1402185cc	0x14053e04c	1	4	0x140217ff0	0x14021800b	0x14053dfbc
0x1402185d0	0x1402186d8	0x14053df80	1	0			
0x1402186d8	0x1402187b4	0x14053df98	1	4	0x1402185d0	0x1402186d8	0x14053df80
0x1402187b4	0x1402187ce	0x14053dfac	1	4	0x1402185d0	0x1402186d8	0x14053df80
0x1402187e0	0x1402188a0	0x14054fa50	1	0			
0x1402188a0	0x140218960	0x14053bde0	1	0			
0x140218960	0x140218f8c	0x1405463d4	1	0			
0x140218f90	0x140218ff9	0x1405255c0	1	0			
0x140219020	0x1402190a5	0x14054e970	1	0			
0x1402190b0	0x140219127	0x14054e970	1	0			
0x140219130	0x1402191cf	0x14054854c	1	0			
0x1402191d0	0x140219255	0x14054854c	1	0			
0x140219260	0x140219651	0x14052eba4	1	0			
0x140219660	0x1402198c1	0x140538234	1	0			
0x140219a60	0x140219b0b	0x14054854c	1	0			
0x140219b10	0x140219c46	0x14053c418	1	0			
0x14021a220	0x14021a238	0x14052d9ec	1	3			
0x14021a238	0x14021a721	0x14053e320	1	4	0x14021a220	0x14021a238	0x14052d9ec
0x14021a721	0x14021a7a8	0x14053e334	1	4	0x14021a220	0x14021a238	0x14052d9ec
0x14021a7b0	0x14021a8a2	0x14054e970	1	0			
0x14021a8b0	0x14021a9a2	0x14054e970	1	0			
0x14021a9b0	0x14021aaa2	0x14054e970	1	0			
0x14021aab0	0x14021ab32	0x14054e970	1	0			
0x14021ab32	0x14021ab61	0x14053e670	1	4	0x14021aab0	0x14021ab32	0x14054e970
0x14021ab61	0x14021ac7b	0x14053e684	1	4	0x14021aab0	0x14021ab32	0x14054e970
0x14021ac80	0x14021ae2d	0x14054e970	1	0			
0x14021ae30	0x14021afa4	0x14053e570	1	0			
0x14021afa4	0x14021afc8	0x14053e694	1	4	0x14021ae30	0x14021afa4	0x14053e570
0x14021afc8	0x14021b03a	0x14053e6a8	1	4	0x14021ae30	0x14021afa4	0x14053e570
0x14021b040	0x14021b065	0x14053e624	1	0			
0x14021b065	0x14021b159	0x14053e630	1	4	0x14021b040	0x14021b065	0x14053e624
0x14021b159	0x14021b164	0x14053e648	1	4	0x14021b040	0x14021b065	0x14053e624
0x14021b164	0x14021b2c3	0x14053e658	1	4	0x14021b040	0x14021b065	0x14053e624
0x14021b2c3	0x14021b3e9	0x14053e648	1	4	0x14021b040	0x14021b065	0x14053e624
0x14021b3f0	0x14021b514	0x14054e970	1	0			
0x14021b520	0x14021b647	0x14054e970	1	0			
0x14021b650	0x14021b6ec	0x14052d9ec	1	3			
0x14021b6ec	0x14021b703	0x14053e344	1	4	0x14021b650	0x14021b6ec	0x14052d9ec
0x14021b703	0x14021b77e	0x14053e358	1	4	0x14021b6ec	0x14021b703	0x14053e344
0x14021b77e	0x14021b783	0x14053e36c	1	4	0x14021b6ec	0x14021b703	0x14053e344
0x14021b783	0x14021ba11	0x14053e37c	1	4	0x14021b650	0x14021b6ec	0x14052d9ec
0x14021ba20	0x14021ba61	0x14053dd90	1	0			
0x14021ba61	0x14021bb2d	0x14053e4c8	1	4	0x14021ba20	0x14021ba61	0x14053dd90
0x14021bb2d	0x14021bb33	0x14053e4f0	1	4	0x14021ba20	0x14021ba61	0x14053dd90
0x14021bb33	0x14021bb7e	0x14053e4dc	1	4	0x14021ba20	0x14021ba61	0x14053dd90
0x14021bb7e	0x14021bc6f	0x14053e4dc	1	4	0x14021ba20	0x14021ba61	0x14053dd90
0x14021bc6f	0x14021bc85	0x14053e4dc	1	4	0x14021ba20	0x14021ba61	0x14053dd90
0x14021bc85	0x14021bdd8	0x14053e4f0	1	4	0x14021ba20	0x14021ba61	0x14053dd90
0x14021bde0	0x14021be08	0x14053dc0c	1	0			
0x14021be08	0x14021bef9	0x14053e490	1	4	0x14021bde0	0x14021be08	0x14053dc0c
0x14021bef9	0x14021bf04	0x14053e4a4	1	4	0x14021bde0	0x14021be08	0x14053dc0c
0x14021bf04	0x14021bf54	0x14053e4b4	1	4	0x14021bde0	0x14021be08	0x14053dc0c
0x14021bf54	0x14021bfce	0x14053e4b4	1	4	0x14021bde0	0x14021be08	0x14053dc0c
0x14021bfce	0x14021c17d	0x14053e4a4	1	4	0x14021bde0	0x14021be08	0x14053dc0c
0x14021c180	0x14021c21c	0x14052d9ec	1	3			
0x14021c21c	0x14021c233	0x14053e3e0	1	4	0x14021c180	0x14021c21c	0x14052d9ec
0x14021c233	0x14021c2ae	0x14053e3f4	1	4	0x14021c21c	0x14021c233	0x14053e3e0
0x14021c2ae	0x14021c2b3	0x14053e408	1	4	0x14021c21c	0x14021c233	0x14053e3e0
0x14021c2b3	0x14021c521	0x14053e418	1	4	0x14021c180	0x14021c21c	0x14052d9ec
0x14021c530	0x14021c5c2	0x140543320	1	3			
0x14021c5c2	0x14021c64a	0x14053e428	1	4	0x14021c530	0x14021c5c2	0x140543320
0x14021c64a	0x14021c895	0x14053e43c	1	4	0x14021c530	0x14021c5c2	0x140543320
0x14021c8a0	0x14021ca86	0x14053e44c	1	3			
0x14021ca86	0x14021cd5e	0x14053e468	1	4	0x14021c8a0	0x14021ca86	0x14053e44c
0x14021cd5e	0x14021cf82	0x14053e480	1	4	0x14021c8a0	0x14021ca86	0x14053e44c
0x14021cf90	0x14021cfa0	0x14053e38c	1	0			
0x14021cfa0	0x14021d271	0x14053e394	1	4	0x14021cf90	0x14021cfa0	0x14053e38c
0x14021d271	0x14021d332	0x14053e3ac	1	4	0x14021cfa0	0x14021d271	0x14053e394
0x14021d332	0x14021d41c	0x14053e3c0	1	4	0x14021cfa0	0x14021d271	0x14053e394
0x14021d41c	0x14021d46c	0x14053e3d0	1	4	0x14021cf90	0x14021cfa0	0x14053e38c
0x14021d470	0x14021d685	0x14053bbc0	1	0			
0x14021d690	0x14021d74f	0x14054e970	1	0			
0x14021d750	0x14021d80e	0x14054e970	1	0			
0x14021d810	0x14021d8cf	0x14054e970	1	0			
0x14021d8d0	0x14021daa9	0x14053e794	1	3			
0x14021daa9	0x14021dc1c	0x14053e500	1	4	0x14021d8d0	0x14021daa9	0x14053e794
0x14021dc1c	0x14021dc98	0x14053e518	1	4	0x14021d8d0	0x14021daa9	0x14053e794
0x14021dca0	0x14021de1e	0x14054e970	1	0			
0x14021de20	0x14021e3dc	0x14053bc14	1	3			
0x14021e3e0	0x14021e4a7	0x14054e970	1	0			
0x14021e4b0	0x14021e5df	0x14054e970	1	0			
0x14021e5e0	0x14021e706	0x14054e970	1	0			
0x14021e710	0x14021e83f	0x14054e970	1	0			
0x14021e840	0x14021e9b4	0x14052d9ec	1	3			
0x14021e9b4	0x14021e9cf	0x14053e528	1	4	0x14021e840	0x14021e9b4	0x14052d9ec
0x14021e9cf	0x14021ea4a	0x14053e53c	1	4	0x14021e9b4	0x14021e9cf	0x14053e528
0x14021ea4a	0x14021ea4f	0x14053e550	1	4	0x14021e9b4	0x14021e9cf	0x14053e528
0x14021ea4f	0x14021eb42	0x14053e560	1	4	0x14021e840	0x14021e9b4	0x14052d9ec
0x14021eb50	0x14021ed38	0x14053bbc0	1	0			
0x14021ed40	0x14021ee97	0x14053e570	1	0			
0x14021ee97	0x14021ef00	0x14053e578	1	4	0x14021ed40	0x14021ee97	0x14053e570
0x14021ef00	0x14021ef06	0x14053e58c	1	4	0x14021ed40	0x14021ee97	0x14053e570
0x14021ef10	0x14021f1a5	0x14053bbc0	1	0			
0x14021f1b0	0x14021f21c	0x14053e5e8	1	3			
0x14021f21c	0x14021f40a	0x14053e600	1	4	0x14021f1b0	0x14021f21c	0x14053e5e8
0x14021f40a	0x14021f4ae	0x14053e614	1	4	0x14021f1b0	0x14021f21c	0x14053e5e8
0x14021f4b0	0x14021f4c0	0x14053e38c	1	0			
0x14021f4c0	0x14021f663	0x14053e59c	1	4	0x14021f4b0	0x14021f4c0	0x14053e38c
0x14021f663	0x14021f70a	0x14053e5b4	1	4	0x14021f4c0	0x14021f663	0x14053e59c
0x14021f70a	0x14021f7dd	0x14053e5c8	1	4	0x14021f4c0	0x14021f663	0x14053e59c
0x14021f7dd	0x14021f82d	0x14053e5d8	1	4	0x14021f4b0	0x14021f4c0	0x14053e38c
0x14021f830	0x14021f91e	0x14054e970	1	0			
0x14021f920	0x14021fa0f	0x14054e970	1	0			
0x14021fa10	0x14021faff	0x14054e970	1	0			
0x14021fb00	0x14021fc8a	0x14053e794	1	3			
0x14021fc8a	0x14021fdf6	0x14053e6b8	1	4	0x14021fb00	0x14021fc8a	0x14053e794
0x14021fdf6	0x14021fe5e	0x14053e6d0	1	4	0x14021fb00	0x14021fc8a	0x14053e794
0x14021fe60	0x14021ff47	0x14054e970	1	0			
0x14021ff50	0x140220079	0x14054e970	1	0			
0x140220080	0x140220369	0x14054e970	1	0			
0x140220369	0x140220398	0x14053e6e0	1	4	0x140220080	0x140220369	0x14054e970
0x140220398	0x1402203a5	0x14053e6f4	1	4	0x140220080	0x140220369	0x14054e970
0x1402203b0	0x1402203b8	0x140543c90	1	0			
0x1402203b8	0x140220472	0x14053e094	1	4	0x1402203b0	0x1402203b8	0x140543c90
0x140220472	0x1402204b4	0x14053e0b4	1	4	0x1402203b0	0x1402203b8	0x140543c90
0x1402204c0	0x1402204e9	0x14052129c	1	0			
0x1402204e9	0x14022054c	0x14053e2c0	1	4	0x1402204c0	0x1402204e9	0x14052129c
0x14022054c	0x1402208b2	0x14053e2d8	1	4	0x1402204c0	0x1402204e9	0x14052129c
0x140220970	0x140220c9a	0x14053e24c	1	0			
0x140220c9a	0x140221fd1	0x14053e264	1	4	0x140220970	0x140220c9a	0x14053e24c
0x140221fe0	0x1402221ed	0x14053e284	1	0			
0x1402221ed	0x1402226ca	0x14053e29c	1	4	0x140221fe0	0x1402221ed	0x14053e284
0x1402226ca	0x1402227fd	0x14053e2b0	1	4	0x140221fe0	0x1402221ed	0x14053e284
0x140222800	0x1402228d9	0x140526458	1	0			
0x1402228e0	0x140222b8e	0x14053e214	1	0			
0x140222b8e	0x140223038	0x14053e224	1	4	0x1402228e0	0x140222b8e	0x14053e214
0x140223038	0x140223048	0x14053e23c	1	4	0x1402228e0	0x140222b8e	0x14053e214
0x140223050	0x140223076	0x14053e1a8	1	0			
0x140223076	0x140223094	0x14053e1b4	1	4	0x140223050	0x140223076	0x14053e1a8
0x140223094	0x1402230e0	0x14053e1c8	1	4	0x140223076	0x140223094	0x14053e1b4
0x1402230e0	0x14022310f	0x14053e1e0	1	4	0x140223076	0x140223094	0x14053e1b4
0x14022310f	0x140223369	0x14053e1f4	1	4	0x140223076	0x140223094	0x14053e1b4
0x140223369	0x140223419	0x14053e204	1	4	0x140223050	0x140223076	0x14053e1a8
0x140223420	0x1402234f9	0x140528d7c	1	0			
0x1402234f9	0x14022364d	0x14053e704	1	4	0x140223420	0x1402234f9	0x140528d7c
0x14022364d	0x1402236b6	0x14053e718	1	4	0x140223420	0x1402234f9	0x140528d7c
0x1402236b6	0x1402236bc	0x14053e72c	1	4	0x140223420	0x1402234f9	0x140528d7c
0x140223760	0x1402237ca	0x14054f8f4	1	0			
0x1402237d0	0x140223875	0x14054854c	1	0			
0x140223880	0x14022388e	0x14053e0c4	1	0			
0x14022388e	0x1402239e6	0x14053e0cc	1	4	0x140223880	0x14022388e	0x14053e0c4
0x1402239e6	0x140223a46	0x14053e0ec	1	4	0x14022388e	0x1402239e6	0x14053e0cc
0x140223a46	0x140223a9f	0x14053e100	1	4	0x14022388e	0x1402239e6	0x14053e0cc
0x140223a9f	0x140223ac0	0x14053e110	1	4	0x140223880	0x14022388e	0x14053e0c4
0x140223ac0	0x140223ae2	0x14052129c	1	0			
0x140223ae2	0x140223b9e	0x14053e120	1	4	0x140223ac0	0x140223ae2	0x14052129c
0x140223b9e	0x140223bd2	0x14053e140	1	4	0x140223ac0	0x140223ae2	0x14052129c
0x140223be0	0x140223caa	0x1405463d4	1	0			
0x140223cb0	0x140223f4f	0x1405231e4	1	0			
0x140223f50	0x140223f93	0x14053e150	1	0			
0x140223f93	0x14022405b	0x14053e15c	1	4	0x140223f50	0x140223f93	0x14053e150
0x14022405b	0x1402240ce	0x14053e174	1	4	0x140223f93	0x14022405b	0x14053e15c
0x1402240ce	0x14022416c	0x14053e188	1	4	0x140223f93	0x14022405b	0x14053e15c
0x14022416c	0x140224177	0x14053e198	1	4	0x140223f50	0x140223f93	0x14053e150
0x140224390	0x1402243c5	0x14053c418	1	0			
0x1402243c5	0x140224430	0x14053e2e8	1	4	0x140224390	0x1402243c5	0x14053c418
0x140224430	0x140224436	0x14053e2fc	1	4	0x140224390	0x1402243c5	0x14053c418
0x140224436	0x140224480	0x14053e30c	1	4	0x140224390	0x1402243c5	0x14053c418
0x140224480	0x14022479c	0x14053e2fc	1	4	0x140224390	0x1402243c5	0x14053c418
0x140224870	0x140224917	0x14054e970	1	0			
0x140224920	0x1402249fe	0x14054e970	1	0			
0x140224a00	0x140224ade	0x14054e970	1	0			
0x140224ae0	0x140224b94	0x14054e970	1	0			
0x140224ba0	0x140224c54	0x14054e970	1	0			
0x140224c60	0x140224dab	0x14054e970	1	0			
0x140224db0	0x140224efb	0x14054e970	1	0			
0x140224f00	0x14022504b	0x14054e970	1	0			
0x140225050	0x1402251ab	0x14053e794	1	3			
0x1402251ab	0x140225340	0x14053e7a4	1	4	0x140225050	0x1402251ab	0x14053e794
0x140225340	0x1402253a8	0x14053e7bc	1	4	0x140225050	0x1402251ab	0x14053e794
0x1402253b0	0x14022555e	0x14054e970	1	0			
0x140225560	0x1402256d9	0x14054e970	1	0			
0x1402256e0	0x14022597b	0x140533a64	1	3			
0x140225980	0x1402259f9	0x140526458	1	0			
0x140225a00	0x140225a16	0x14053c418	1	0			
0x140225a16	0x140225ac6	0x14053e764	1	4	0x140225a00	0x140225a16	0x14053c418
0x140225ac6	0x140225d6b	0x14053e784	1	4	0x140225a00	0x140225a16	0x14053c418
0x140225d70	0x140226d1c	0x14053e73c	1	0			
0x140226d20	0x140226d7a	0x1405463d4	1	0			
0x140226d80	0x140226f06	0x140545b9c	1	0			
0x140226f10	0x1402271b8	0x140538234	1	0			
0x1402272b0	0x1402273ce	0x140530260	1	3			
0x1402273d0	0x1402273f8	0x14053e7cc	1	3			
0x1402273f8	0x14022757a	0x14053e7e8	1	4	0x1402273d0	0x1402273f8	0x14053e7cc
0x14022757a	0x1402275be	0x14053e800	1	4	0x1402273d0	0x1402273f8	0x14053e7cc
0x1402275c0	0x14022764b	0x14053e810	1	2			
0x140227650	0x1402276c2	0x14053c418	1	0			
0x1402276d0	0x14022776c	0x14053e860	1	3			
0x1402277d0	0x140227804	0x1405463d4	1	0			
0x140227810	0x140227867	0x1405463d4	1	0			
0x140227870	0x140227c08	0x14053e878	1	3			
0x140227c10	0x140227ce8	0x1405463d4	1	0			
0x140227cf0	0x140227d7c	0x14053e9b4	1	3			
0x140227d7c	0x140227df2	0x14053e9c4	1	4	0x140227cf0	0x140227d7c	0x14053e9b4
0x140227df2	0x140227e97	0x14053e9d8	1	4	0x140227cf0	0x140227d7c	0x14053e9b4
0x140227ea0	0x140227fe3	0x14053e8e0	1	0			
0x140227fe3	0x140227fee	0x14053e8ec	1	4	0x140227ea0	0x140227fe3	0x14053e8e0
0x140227fee	0x140227ffe	0x14053e900	1	4	0x140227fe3	0x140227fee	0x14053e8ec
0x140227ffe	0x140228495	0x14053e918	1	4	0x140227fee	0x140227ffe	0x14053e900
0x140228495	0x14022872b	0x14053e950	1	4	0x140227fee	0x140227ffe	0x14053e900
0x14022872b	0x1402288d0	0x14053e984	1	4	0x140227fe3	0x140227fee	0x14053e8ec
0x1402288d0	0x1402288e3	0x14053e9a4	1	4	0x140227ea0	0x140227fe3	0x14053e8e0
0x1402288f0	0x1402288fe	0x14053c418	1	0			
0x1402288fe	0x140228977	0x14053e9e8	1	4	0x1402288f0	0x1402288fe	0x14053c418
0x140228977	0x14022898f	0x14053e9fc	1	4	0x1402288f0	0x1402288fe	0x14053c418
0x140228a90	0x140228b0a	0x140530260	1	3			
0x140228b60	0x140228beb	0x14053ea0c	1	2			
0x140228bf0	0x140228c8c	0x14053ea60	1	3			
0x140228cb0	0x140228ce4	0x1405463d4	1	0			
0x140228cf0	0x140229034	0x14053ea78	1	3			
0x140229040	0x1402290f2	0x140526458	1	0			
0x140229100	0x14022917b	0x14054854c	1	0			
0x140229180	0x1402292ea	0x14053eae0	1	0			
0x1402292ea	0x140229369	0x14053eaec	1	4	0x140229180	0x1402292ea	0x14053eae0
0x140229369	0x140229563	0x14053eb04	1	4	0x1402292ea	0x140229369	0x14053eaec
0x140229563	0x140229578	0x14053eb1c	1	4	0x1402292ea	0x140229369	0x14053eaec
0x140229578	0x1402295c1	0x14053eb2c	1	4	0x140229180	0x1402292ea	0x14053eae0
0x1402295c1	0x1402295c9	0x14053eb40	1	4	0x140229180	0x1402292ea	0x14053eae0
0x1402295d0	0x1402295de	0x14053c418	1	0			
0x1402295de	0x140229657	0x14053eb50	1	4	0x1402295d0	0x1402295de	0x14053c418
0x140229657	0x14022966f	0x14053eb64	1	4	0x1402295d0	0x1402295de	0x14053c418
0x140229740	0x1402297d4	0x14053eb74	1	2			
0x1402297e0	0x14022987c	0x14053ebb0	1	3			
0x1402298a0	0x1402298d4	0x1405463d4	1	0			
0x1402298e0	0x140229c35	0x14053ebc8	1	3			
0x140229c40	0x140229cdb	0x1405463d4	1	0			
0x140229ce0	0x140229dbb	0x1405463d4	1	0			
0x140229dd0	0x140229ea8	0x14053c418	1	0			
0x140229ef0	0x140229f84	0x14053c418	1	0			
0x140229f90	0x140229fe8	0x14053c418	1	0			
0x140229ff0	0x14022a08a	0x14053ec88	1	2			
0x14022a090	0x14022a12c	0x14053ecd8	1	3			
0x14022a150	0x14022a184	0x1405463d4	1	0			
0x14022a190	0x14022a1d2	0x1405463d4	1	0			
0x14022a1e0	0x14022a590	0x14053ecf0	1	3			
0x14022a590	0x14022a6c8	0x14053ec30	1	3			
0x14022a6d0	0x14022a7eb	0x1405463d4	1	0			
0x14022a7f0	0x14022a852	0x14054854c	1	0			
0x14022a8d0	0x14022aa41	0x14053ed60	1	0			
0x14022aa41	0x14022aad6	0x14053ed6c	1	4	0x14022a8d0	0x14022aa41	0x14053ed60
0x14022aad6	0x14022abca	0x14053ed80	1	4	0x14022aa41	0x14022aad6	0x14053ed6c
0x14022abca	0x14022ad3b	0x14053ed94	1	4	0x14022aa41	0x14022aad6	0x14053ed6c
0x14022ad3b	0x14022ad96	0x14053eda4	1	4	0x14022a8d0	0x14022aa41	0x14053ed60
0x14022ada0	0x14022ae09	0x14053c418	1	0			
0x14022ae10	0x14022ae55	0x14053c418	1	0			
0x14022ae60	0x14022aeae	0x14053c418	1	0			
0x14022af20	0x14022afbe	0x14053edb4	1	2			
0x14022afc0	0x14022b063	0x14053edf8	1	3			
0x14022b080	0x14022b0b4	0x1405463d4	1	0			
0x14022b0c0	0x14022b42b	0x14053ee10	1	3			
0x14022b430	0x14022b488	0x14053c418	1	0			
0x14022b490	0x14022b59f	0x14054854c	1	0			
0x14022b5a0	0x14022b63c	0x14054e970	1	0			
0x14022b63c	0x14022b644	0x14053ee60	1	4	0x14022b5a0	0x14022b63c	0x14054e970
0x14022b644	0x14022b6e1	0x14053ee74	1	4	0x14022b63c	0x14022b644	0x14053ee60
0x14022b6e1	0x14022b728	0x14053ee88	1	4	0x14022b63c	0x14022b644	0x14053ee60
0x14022b728	0x14022b758	0x14053ee98	1	4	0x14022b5a0	0x14022b63c	0x14054e970
0x14022b758	0x14022b7e8	0x14053eeac	1	4	0x14022b5a0	0x14022b63c	0x14054e970
0x14022b810	0x14022b897	0x14053c418	1	0			
0x14022b8a0	0x14022b92b	0x14053eebc	1	2			
0x14022b930	0x14022b9cc	0x14053ef10	1	3			
0x14022b9f0	0x14022ba24	0x1405463d4	1	0			
0x14022ba30	0x14022be3f	0x14053ef28	1	3			
0x14022be40	0x14022beab	0x1405463d4	1	0			
0x14022beb0	0x14022bf12	0x14054854c	1	0			
0x14022bf20	0x14022bfb1	0x140540fbc	1	0			
0x14022bfb1	0x14022c076	0x14053ef90	1	4	0x14022bf20	0x14022bfb1	0x140540fbc
0x14022c076	0x14022c0c3	0x14053efa4	1	4	0x14022bfb1	0x14022c076	0x14053ef90
0x14022c0c3	0x14022c16c	0x14053efb8	1	4	0x14022bfb1	0x14022c076	0x14053ef90
0x14022c16c	0x14022c1b0	0x14053efc8	1	4	0x14022bf20	0x14022bfb1	0x140540fbc
0x14022c1b0	0x14022c1be	0x14053c418	1	0			
0x14022c1be	0x14022c23d	0x14053efd8	1	4	0x14022c1b0	0x14022c1be	0x14053c418
0x14022c23d	0x14022c255	0x14053efec	1	4	0x14022c1b0	0x14022c1be	0x14053c418
0x14022c260	0x14022c2a1	0x140545b9c	1	0			
0x14022c2b0	0x14022c2fe	0x14053c418	1	0			
0x14022c300	0x14022c395	0x14053effc	1	2			
0x14022c3a0	0x14022c43c	0x14053f050	1	3			
0x14022c460	0x14022c494	0x1405463d4	1	0			
0x14022c4a0	0x14022c841	0x14053f068	1	3			
0x14022c850	0x14022c8bb	0x1405463d4	1	0			
0x14022c8c0	0x14022c922	0x14054854c	1	0			
0x14022c940	0x14022ca00	0x14052eecc	1	0			
0x14022ca00	0x14022caf6	0x14053f0d0	1	4	0x14022c940	0x14022ca00	0x14052eecc
0x14022caf6	0x14022cbf0	0x14053f0e4	1	4	0x14022c940	0x14022ca00	0x14052eecc
0x14022cbf0	0x14022cbfe	0x14053c418	1	0			
0x14022cbfe	0x14022cc7d	0x14053f0f4	1	4	0x14022cbf0	0x14022cbfe	0x14053c418
0x14022cc7d	0x14022cc95	0x14053f108	1	4	0x14022cbf0	0x14022cbfe	0x14053c418
0x14022cca0	0x14022ccee	0x14053c418	1	0			
0x14022ccf0	0x14022cdc4	0x14053f118	1	2			
0x14022cdd0	0x14022ce9d	0x14053f178	1	3			
0x14022cec0	0x14022cef4	0x1405463d4	1	0			
0x14022cf00	0x14022d0f9	0x14053f190	1	3			
0x14022d100	0x14022d1bb	0x1405463d4	1	0			
0x14022d1c0	0x14022d1db	0x14052129c	1	0			
0x14022d1db	0x14022d22a	0x14053f224	1	4	0x14022d1c0	0x14022d1db	0x14052129c
0x14022d22a	0x14022d268	0x14053f23c	1	4	0x14022d1c0	0x14022d1db	0x14052129c
0x14022d290	0x14022d357	0x14053c418	1	0			
0x14022d357	0x14022d388	0x14053f200	1	4	0x14022d290	0x14022d357	0x14053c418
0x14022d388	0x14022d455	0x14053f214	1	4	0x14022d290	0x14022d357	0x14053c418
0x14022d460	0x14022d46e	0x14053c418	1	0			
0x14022d46e	0x14022d4ed	0x14053f24c	1	4	0x14022d460	0x14022d46e	0x14053c418
0x14022d4ed	0x14022d505	0x14053f260	1	4	0x14022d460	0x14022d46e	0x14053c418
0x14022d510	0x14022d55e	0x14053c418	1	0			
0x14022d5b0	0x14022d70c	0x140545fec	1	0			
0x14022d710	0x14022d80f	0x14053f270	1	2			
0x14022d810	0x14022d8fc	0x14053f2e0	1	3			
0x14022d920	0x14022d954	0x1405463d4	1	0			
0x14022d960	0x14022dbd3	0x14053f2f8	1	3			
0x14022dbe0	0x14022dc5c	0x1405463d4	1	0			
0x14022dc60	0x14022dd07	0x14054c8c4	1	0			
0x14022dd07	0x14022ddaa	0x14053f38c	1	4	0x14022dc60	0x14022dd07	0x14054c8c4
0x14022ddaa	0x14022ddba	0x14053f3a4	1	4	0x14022dc60	0x14022dd07	0x14054c8c4
0x14022ddd0	0x14022e26d	0x14053f370	1	0			
0x14022e280	0x14022e307	0x14053c418	1	0			
0x14022e310	0x14022e3aa	0x14053f3b4	1	0			
0x14022e3aa	0x14022e414	0x14053f3c0	1	4	0x14022e310	0x14022e3aa	0x14053f3b4
0x14022e414	0x14022e43a	0x14053f3d4	1	4	0x14022e310	0x14022e3aa	0x14053f3b4
0x14022e43a	0x14022e541	0x14053f3f0	1	4	0x14022e414	0x14022e43a	0x14053f3d4
0x14022e541	0x14022e606	0x14053f408	1	4	0x14022e414	0x14022e43a	0x14053f3d4
0x14022e610	0x14022e70b	0x14053f418	1	2			
0x14022e710	0x14022e804	0x14053f4a8	1	3			
0x14022e820	0x14022e854	0x1405463d4	1	0			
0x14022e860	0x14022ebc8	0x14053f680	1	3			
0x14022ebd0	0x14022ebf0	0x140528d7c	1	0			
0x14022ebf0	0x14022ec17	0x14053f65c	1	4	0x14022ebd0	0x14022ebf0	0x140528d7c
0x14022ec17	0x14022ec82	0x14053f670	1	4	0x14022ebd0	0x14022ebf0	0x140528d7c
0x14022ec90	0x14022f2d0	0x14053f4c0	1	3			
0x14022f2d0	0x14022f40b	0x140545fec	1	0			
0x14022f410	0x14022f463	0x14053c418	1	0			
0x14022f490	0x14022f4bb	0x14053c418	1	0			
0x14022f4c0	0x14022f72e	0x14053f590	1	3			
0x14022f72e	0x14022f962	0x14053f5ac	1	4	0x14022f4c0	0x14022f72e	0x14053f590
0x14022f962	0x14022f99e	0x14053f5c0	1	4	0x14022f72e	0x14022f962	0x14053f5ac
0x14022f99e	0x14022fa1d	0x14053f5d4	1	4	0x14022f72e	0x14022f962	0x14053f5ac
0x14022fa1d	0x14022fb4a	0x14053f5e4	1	4	0x14022f4c0	0x14022f72e	0x14053f590
0x14022fb50	0x14022fb5e	0x14053c418	1	0			
0x14022fb5e	0x14022fbdd	0x14053f6bc	1	4	0x14022fb50	0x14022fb5e	0x14053c418
0x14022fbdd	0x14022fbf5	0x14053f6d0	1	4	0x14022fb50	0x14022fb5e	0x14053c418
0x14022fc40	0x14022fc5d	0x14053c418	1	0			
0x14022fc5d	0x14022fc97	0x14053f5f4	1	4	0x14022fc40	0x14022fc5d	0x14053c418
0x14022fc97	0x14022fcdd	0x14053f608	1	4	0x14022fc5d	0x14022fc97	0x14053f5f4
0x14022fcdd	0x14022fce2	0x14053f620	1	4	0x14022fc5d	0x14022fc97	0x14053f5f4
0x14022fce2	0x14022fce8	0x14053f630	1	4	0x14022fc40	0x14022fc5d	0x14053c418
0x14022fd50	0x14022ff55	0x14053f640	1	0			
0x14022ff60	0x14022ffc2	0x14053f6e0	1	2			
0x14022ffd0	0x140230044	0x14053c418	1	0			
0x140230060	0x140230094	0x1405463d4	1	0			
0x1402300a0	0x140230329	0x14053f720	1	3			
0x140230330	0x14023036b	0x14053c418	1	0			
0x140230370	0x1402303b0	0x1405463d4	1	0			
0x1402303c0	0x1402304ca	0x14053c418	1	0			
0x1402304d0	0x140230515	0x14053c418	1	0			
0x140230520	0x1402305ab	0x14053f770	1	2			
0x1402305b0	0x14023064c	0x14053f7c0	1	3			
0x140230670	0x1402306a4	0x1405463d4	1	0			
0x1402306b0	0x140230a3a	0x14053f7d8	1	3			
0x140230a40	0x140230aa8	0x1405463d4	1	0			
0x140230ab0	0x140230b77	0x14053f888	1	3			
0x140230b80	0x140230cb0	0x14054e970	1	0			
0x140230cb0	0x140230ce2	0x14053f840	1	4	0x140230b80	0x140230cb0	0x14054e970
0x140230ce2	0x140230d3a	0x14053f854	1	4	0x140230cb0	0x140230ce2	0x14053f840
0x140230d3a	0x140230d75	0x14053f868	1	4	0x140230cb0	0x140230ce2	0x14053f840
0x140230d75	0x140230e21	0x14053f878	1	4	0x140230b80	0x140230cb0	0x14054e970
0x140230ec0	0x140230f0e	0x14053c418	1	0			
0x140230f10	0x140230fa4	0x14053f8a0	1	2			
0x140230fb0	0x14023104c	0x14053f8d8	1	3			
0x140231070	0x1402310a4	0x1405463d4	1	0			
0x1402310b0	0x140231449	0x14053f8f0	1	3			
0x140231450	0x140231505	0x140523c40	1	0			
0x140231505	0x140231541	0x14053f960	1	4	0x140231450	0x140231505	0x140523c40
0x140231541	0x14023154c	0x14053f974	1	4	0x140231450	0x140231505	0x140523c40
0x140231560	0x14023164a	0x14053c418	1	0			
0x140231650	0x140231678	0x14054f8f4	1	0			
0x140231680	0x1402317e1	0x140545b9c	1	0			
0x1402317f0	0x1402318e2	0x14053f984	1	2			
0x1402318f0	0x1402319cf	0x14053f9e8	1	3			
0x1402319f0	0x140231a24	0x1405463d4	1	0			
0x140231a30	0x140231cc1	0x14053fa00	1	3			
0x140231cd0	0x140231d6b	0x1405463d4	1	0			
0x140231d70	0x140231de6	0x14053faa4	1	0			
0x140231de6	0x140231e73	0x14053fab4	1	4	0x140231d70	0x140231de6	0x14053faa4
0x140231e73	0x140231e84	0x14053facc	1	4	0x140231d70	0x140231de6	0x14053faa4
0x140231eb0	0x140231f10	0x140545b9c	1	0			
0x140231f10	0x140231f56	0x14053fa80	1	4	0x140231eb0	0x140231f10	0x140545b9c
0x140231f56	0x140232061	0x14053fa94	1	4	0x140231eb0	0x140231f10	0x140545b9c
0x140232070	0x1402320c5	0x14053c418	1	0			
0x140232100	0x140232197	0x140543c90	1	0			
0x140232197	0x1402321ff	0x14053fadc	1	4	0x140232100	0x140232197	0x140543c90
0x1402321ff	0x140232319	0x14053faf0	1	4	0x140232100	0x140232197	0x140543c90
0x140232320	0x1402323b8	0x14053c418	1	0			
0x1402323c0	0x140232402	0x1405463d4	1	0			
0x140232410	0x140232452	0x1405463d4	1	0			
0x140232460	0x1402324ed	0x14053fedc	1	3			
0x1402324f0	0x140232605	0x140540278	1	3			
0x140232610	0x14023288a	0x14053fbc0	1	3			
0x14023288a	0x140232ac0	0x14053fbfc	1	4	0x140232610	0x14023288a	0x14053fbc0
0x140232ac0	0x140232b23	0x14053fc1c	1	4	0x140232610	0x14023288a	0x14053fbc0
0x140232b60	0x140232bf0	0x14054e970	1	0			
0x140232c00	0x140232c8a	0x14053fb0c	1	3			
0x140232c8a	0x140232ce0	0x14053fb24	1	4	0x140232c00	0x140232c8a	0x14053fb0c
0x140232ce0	0x140232e11	0x14053fb38	1	4	0x140232c8a	0x140232ce0	0x14053fb24
0x140232e11	0x140232e29	0x14053fb50	1	4	0x140232ce0	0x140232e11	0x14053fb38
0x140232e29	0x140232fe1	0x14053fb64	1	4	0x140232e11	0x140232e29	0x14053fb50
0x140232fe1	0x140232fe9	0x14053fb80	1	4	0x140232e11	0x140232e29	0x14053fb50
0x140232fe9	0x140233003	0x14053fb90	1	4	0x140232ce0	0x140232e11	0x14053fb38
0x140233003	0x14023303d	0x14053fba0	1	4	0x140232c8a	0x140232ce0	0x14053fb24
0x14023303d	0x140233055	0x14053fbb0	1	4	0x140232c00	0x140232c8a	0x14053fb0c
0x140233070	0x140233196	0x14053fc78	1	3			
0x1402331a0	0x1402332c6	0x14053fc2c	1	3			
0x1402332f0	0x14023337d	0x14053fedc	1	3			
0x140233380	0x140233495	0x140540278	1	3			
0x1402334a0	0x140233734	0x14053fcd8	1	3			
0x140233734	0x1402339c6	0x14053fd14	1	4	0x1402334a0	0x140233734	0x14053fcd8
0x1402339c6	0x140233a2c	0x14053fd34	1	4	0x1402334a0	0x140233734	0x14053fcd8
0x140233a30	0x140233ab9	0x14053fd44	1	3			
0x140233ab9	0x140233b12	0x14053fd5c	1	4	0x140233a30	0x140233ab9	0x14053fd44
0x140233b12	0x140233c6a	0x14053fd70	1	4	0x140233ab9	0x140233b12	0x14053fd5c
0x140233c6a	0x140233e6f	0x14053fd8c	1	4	0x140233b12	0x140233c6a	0x14053fd70
0x140233e6f	0x140233e9c	0x14053fdac	1	4	0x140233b12	0x140233c6a	0x14053fd70
0x140233e9c	0x140233ec6	0x14053fdbc	1	4	0x140233ab9	0x140233b12	0x14053fd5c
0x140233ec6	0x140233edd	0x14053fdcc	1	4	0x140233a30	0x140233ab9	0x14053fd44
0x140233ee0	0x140234006	0x14053fe28	1	3			
0x140234010	0x140234136	0x14053fddc	1	3			
0x140234140	0x1402341cd	0x14053fedc	1	3			
0x1402341d0	0x1402342e5	0x140540278	1	3			
0x1402342f0	0x14023438b	0x14054e970	1	0			
0x140234390	0x140234491	0x14053bbc0	1	0			
0x1402344a0	0x14023454e	0x1405463d4	1	0			
0x140234550	0x1402345d4	0x14053fe70	1	3			
0x1402345d4	0x14023462a	0x14053fe84	1	4	0x140234550	0x1402345d4	0x14053fe70
0x14023462a	0x1402347eb	0x14053fe98	1	4	0x1402345d4	0x14023462a	0x14053fe84
0x1402347eb	0x140234812	0x14053febc	1	4	0x1402345d4	0x14023462a	0x14053fe84
0x140234812	0x140234829	0x14053fecc	1	4	0x140234550	0x1402345d4	0x14053fe70
0x140234830	0x140234956	0x14053ff38	1	3			
0x140234960	0x140234a86	0x14053fef0	1	3			
0x140234a90	0x140234ad2	0x1405463d4	1	0			
0x140234ae0	0x140234b22	0x1405463d4	1	0			
0x140234b30	0x140234bbd	0x14053fedc	1	3			
0x140234bc0	0x140234cd5	0x140540278	1	3			
0x140234ce0	0x140235535	0x14053ff80	1	3			
0x140235540	0x1402355cf	0x14053ffcc	1	3			
0x1402355cf	0x14023562e	0x14053ffe4	1	4	0x140235540	0x1402355cf	0x14053ffcc
0x14023562e	0x140235748	0x14053fff8	1	4	0x1402355cf	0x14023562e	0x14053ffe4
0x140235748	0x1402359a7	0x140540010	1	4	0x14023562e	0x140235748	0x14053fff8
0x1402359a7	0x140235b97	0x14054002c	1	4	0x140235748	0x1402359a7	0x140540010
0x140235b97	0x140235bdd	0x140540048	1	4	0x140235748	0x1402359a7	0x140540010
0x140235bdd	0x140235c0a	0x140540058	1	4	0x1402355cf	0x14023562e	0x14053ffe4
0x140235c0a	0x140235c22	0x140540068	1	4	0x140235540	0x1402355cf	0x14053ffcc
0x140235c30	0x140235d56	0x1405400c0	1	3			
0x140235d60	0x140235e86	0x140540078	1	3			
0x140235e90	0x140235f1d	0x14053fedc	1	3			
0x140235f20	0x140236035	0x140540278	1	3			
0x140236040	0x1402360d3	0x14054e970	1	0			
0x1402360e0	0x1402361d2	0x140540108	1	0			
0x1402361d2	0x140236270	0x14054011c	1	4	0x1402360e0	0x1402361d2	0x140540108
0x140236270	0x14023629f	0x140540134	1	4	0x1402360e0	0x1402361d2	0x140540108
0x1402362a0	0x14023634e	0x1405463d4	1	0			
0x140236350	0x1402363c5	0x140540144	1	0			
0x1402363c5	0x14023640b	0x140540150	1	4	0x140236350	0x1402363c5	0x140540144
0x14023640b	0x140236420	0x1405401c4	1	4	0x140236350	0x1402363c5	0x140540144
0x140236420	0x14023642c	0x1405401c4	1	4	0x140236350	0x1402363c5	0x140540144
0x14023642c	0x1402365b4	0x140540164	1	4	0x140236420	0x14023642c	0x1405401c4
0x1402365b4	0x140236698	0x140540190	1	4	0x14023642c	0x1402365b4	0x140540164
0x140236698	0x14023671d	0x1405401a4	1	4	0x14023642c	0x1402365b4	0x140540164
0x14023671d	0x140236735	0x1405401b4	1	4	0x140236420	0x14023642c	0x1405401c4
0x140236735	0x140236750	0x1405401c4	1	4	0x140236350	0x1402363c5	0x140540144
0x140236750	0x140236758	0x1405401d8	1	4	0x140236350	0x1402363c5	0x140540144
0x140236760	0x140236886	0x140540230	1	3			
0x140236890	0x1402369b6	0x1405401e8	1	3			
0x1402369c0	0x140236a02	0x1405463d4	1	0			
0x140236a10	0x140236a9d	0x14053fedc	1	3			
0x140236aa0	0x140236bb5	0x140540278	1	3			
0x140236bf0	0x140236d09	0x14052a03c	1	0			
0x140236d10	0x140236d2e	0x140540290	1	3			
0x140236d2e	0x140237115	0x1405402a8	1	4	0x140236d10	0x140236d2e	0x140540290
0x140237115	0x1402372fd	0x1405402e0	1	4	0x140236d2e	0x140237115	0x1405402a8
0x1402372fd	0x1402373a0	0x1405402f8	1	4	0x140236d2e	0x140237115	0x1405402a8
0x1402373a0	0x1402373fe	0x140540308	1	4	0x140236d10	0x140236d2e	0x140540290
0x140237400	0x1402374e4	0x1405463d4	1	0			
0x1402374f0	0x140237580	0x140540318	1	3			
0x140237580	0x1402375d6	0x140540330	1	4	0x1402374f0	0x140237580	0x140540318
0x1402375d6	0x140237866	0x140540344	1	4	0x140237580	0x1402375d6	0x140540330
0x140237866	0x140237dff	0x14054036c	1	4	0x1402375d6	0x140237866	0x140540344
0x140237dff	0x140237e5e	0x140540388	1	4	0x140237580	0x1402375d6	0x140540330
0x140237e5e	0x140237e79	0x140540398	1	4	0x1402374f0	0x140237580	0x140540318
0x140237e80	0x140237fa6	0x1405403f0	1	3			
0x140237fb0	0x1402380d6	0x1405403a8	1	3			
0x1402380e0	0x1402380eb	0x140540438	1	0			
0x1402380eb	0x140238353	0x140540444	1	4	0x1402380e0	0x1402380eb	0x140540438
0x140238353	0x14023855c	0x140540468	1	4	0x1402380e0	0x1402380eb	0x140540438
0x140238560	0x1402386b5	0x14053c418	1	0			
0x1402386c0	0x1402388ec	0x1405255c0	1	0			
0x140238990	0x140238ac2	0x1405255c0	1	0			
0x140238ad0	0x140238c45	0x1405404c4	1	0			
0x140238c45	0x140238c76	0x1405404d4	1	4	0x140238ad0	0x140238c45	0x1405404c4
0x140238c76	0x140239344	0x1405404ec	1	4	0x140238ad0	0x140238c45	0x1405404c4
0x140239350	0x140239412	0x1405255c0	1	0			
0x140239420	0x14023959d	0x1405404fc	1	3			
0x1402395a0	0x140239843	0x1405255c0	1	0			
0x140239850	0x14023987d	0x14054051c	1	0			
0x14023987d	0x1402398fa	0x14054052c	1	4	0x140239850	0x14023987d	0x14054051c
0x1402398fa	0x140239990	0x140540540	1	4	0x14023987d	0x1402398fa	0x14054052c
0x140239990	0x140239bba	0x140540554	1	4	0x14023987d	0x1402398fa	0x14054052c
0x140239bba	0x140239c84	0x140540564	1	4	0x140239850	0x14023987d	0x14054051c
0x140239c90	0x140239c9f	0x140538250	1	0			
0x140239c9f	0x140239cf5	0x140540478	1	4	0x140239c90	0x140239c9f	0x140538250
0x140239cf5	0x140239d31	0x14054048c	1	4	0x140239c9f	0x140239cf5	0x140540478
0x140239d31	0x140239d61	0x1405404a4	1	4	0x140239c9f	0x140239cf5	0x140540478
0x140239d61	0x140239d86	0x1405404b4	1	4	0x140239c90	0x140239c9f	0x140538250
0x140239d90	0x140239ea9	0x140545b9c	1	0			
0x140239eb0	0x140239ecf	0x14054f8f4	1	0			
0x140239ed0	0x14023a05c	0x140545b9c	1	0			
0x14023a060	0x14023a0b9	0x14054f8f4	1	0			
0x14023a0c0	0x14023a12b	0x1405463d4	1	0			
0x14023a130	0x14023a200	0x14053c418	1	0			
0x14023a200	0x14023a7a4	0x140526458	1	0			
0x14023a7b0	0x14023a851	0x140540574	1	0			
0x14023a860	0x14023a920	0x14054854c	1	0			
0x14023a970	0x14023a9c0	0x14053bde0	1	0			
0x14023a9c0	0x14023aa84	0x1405407cc	1	4	0x14023a970	0x14023a9c0	0x14053bde0
0x14023aa84	0x14023aabe	0x1405407e0	1	4	0x14023a970	0x14023a9c0	0x14053bde0
0x14023aac0	0x14023ab35	0x14053bde0	1	0			
0x14023ab35	0x14023abc4	0x1405407f4	1	4	0x14023aac0	0x14023ab35	0x14053bde0
0x14023abc4	0x14023ac37	0x140540808	1	4	0x14023aac0	0x14023ab35	0x14053bde0
0x14023ac40	0x14023ac95	0x14053c418	1	0			
0x14023aca0	0x14023aeb3	0x14054854c	1	0			
0x14023aec0	0x14023b047	0x14054854c	1	0			
0x14023b060	0x14023b0c9	0x140528d7c	1	0			
0x14023b0c9	0x14023b127	0x14054079c	1	4	0x14023b060	0x14023b0c9	0x140528d7c
0x14023b127	0x14023b174	0x1405407b4	1	4	0x14023b060	0x14023b0c9	0x140528d7c
0x14023b174	0x14023b1b8	0x1405407b4	1	4	0x14023b060	0x14023b0c9	0x140528d7c
0x14023b1b8	0x14023b1fc	0x1405407b4	1	4	0x14023b060	0x14023b0c9	0x140528d7c
0x14023b1fc	0x14023b20e	0x1405407b4	1	4	0x14023b060	0x14023b0c9	0x140528d7c
0x14023b230	0x14023b248	0x140528d7c	1	0			
0x14023b248	0x14023b289	0x14054081c	1	4	0x14023b230	0x14023b248	0x140528d7c
0x14023b289	0x14023b2b3	0x140540830	1	4	0x14023b230	0x14023b248	0x140528d7c
0x14023b2c0	0x14023b3ae	0x14053c418	1	0			
0x14023b3e0	0x14023b534	0x14053c418	1	0			
0x14023b540	0x14023b572	0x140540718	1	3			
0x14023b572	0x14023b753	0x14054072c	1	4	0x14023b540	0x14023b572	0x140540718
0x14023b753	0x14023b75d	0x140540744	1	4	0x14023b572	0x14023b753	0x14054072c
0x14023b75d	0x14023ba22	0x140540758	1	4	0x14023b753	0x14023b75d	0x140540744
0x14023ba22	0x14023bb6a	0x14054076c	1	4	0x14023b753	0x14023b75d	0x140540744
0x14023bb6a	0x14023bbb4	0x14054077c	1	4	0x14023b572	0x14023b753	0x14054072c
0x14023bbb4	0x14023bc0c	0x14054078c	1	4	0x14023b540	0x14023b572	0x140540718
0x14023bc10	0x14023bef1	0x14053c418	1	0			
0x14023bf00	0x14023c0f8	0x14053c418	1	0			
0x14023c100	0x14023c108	0x140538250	1	0			
0x14023c108	0x14023c120	0x140540688	1	4	0x14023c100	0x14023c108	0x140538250
0x14023c120	0x14023c389	0x14054069c	1	4	0x14023c108	0x14023c120	0x140540688
0x14023c389	0x14023c39b	0x1405406b0	1	4	0x14023c108	0x14023c120	0x140540688
0x14023c39b	0x14023c3d0	0x1405406c0	1	4	0x14023c100	0x14023c108	0x140538250
0x14023c3d0	0x14023c401	0x140540580	1	3			
0x14023c401	0x14023c7ec	0x140540594	1	4	0x14023c3d0	0x14023c401	0x140540580
0x14023c7ec	0x14023c810	0x1405405b0	1	4	0x14023c401	0x14023c7ec	0x140540594
0x14023c810	0x14023cdbe	0x1405405cc	1	4	0x14023c7ec	0x14023c810	0x1405405b0
0x14023cdbe	0x14023ce00	0x1405405e4	1	4	0x14023c7ec	0x14023c810	0x1405405b0
0x14023ce00	0x14023ce8a	0x1405405f4	1	4	0x14023c401	0x14023c7ec	0x140540594
0x14023ce8a	0x14023d0d0	0x14054060c	1	4	0x14023c401	0x14023c7ec	0x140540594
0x14023d0d0	0x14023d0e8	0x140540620	1	4	0x14023c401	0x14023c7ec	0x140540594
0x14023d0e8	0x14023d12c	0x140540630	1	4	0x14023c3d0	0x14023c401	0x140540580
0x14023d130	0x14023d224	0x14053c418	1	0			
0x14023d230	0x14023d236	0x14052129c	1	0			
0x14023d236	0x14023d2ae	0x140540640	1	4	0x14023d230	0x14023d236	0x14052129c
0x14023d2ae	0x14023d398	0x140540654	1	4	0x14023d236	0x14023d2ae	0x140540640
0x14023d398	0x14023d559	0x140540668	1	4	0x14023d236	0x14023d2ae	0x140540640
0x14023d559	0x14023d570	0x140540678	1	4	0x14023d230	0x14023d236	0x14052129c
0x14023d570	0x14023d5f1	0x140528d7c	1	0			
0x14023d5f1	0x14023d63b	0x1405406f4	1	4	0x14023d570	0x14023d5f1	0x140528d7c
0x14023d63b	0x14023d673	0x140540708	1	4	0x14023d570	0x14023d5f1	0x140528d7c
0x14023d680	0x14023d9d4	0x14053c418	1	0			
0x14023d9e0	0x14023da2f	0x140540fbc	1	0			
0x14023da2f	0x14023da4f	0x1405406d0	1	4	0x14023d9e0	0x14023da2f	0x140540fbc
0x14023da4f	0x14023dac6	0x1405406e4	1	4	0x14023d9e0	0x14023da2f	0x140540fbc
0x14023dad0	0x14023dcbe	0x1405463d4	1	0			
0x14023dce0	0x14023dd02	0x14053c418	1	0			
0x14023dd10	0x14023dd32	0x14053c418	1	0			
0x14023dd40	0x14023de19	0x1405463d4	1	0			
0x14023de20	0x14023dee6	0x14053c418	1	0			
0x14023def0	0x14023e037	0x14054854c	1	0			
0x14023e040	0x14023e079	0x14053c418	1	0			
0x14023e080	0x14023e348	0x14054854c	1	0			
0x14023e350	0x14023e38c	0x14053c418	1	0			
0x14023e390	0x14023e3d9	0x1405463d4	1	0			
0x14023e430	0x14023e552	0x14054e970	1	0			
0x14023e560	0x14023e5d4	0x140538250	1	0			
0x14023e610	0x14023e7c0	0x14053c418	1	0			
0x14023e7c0	0x14023e8ba	0x14053c418	1	0			
0x14023e8c0	0x14023e9ca	0x1405463d4	1	0			
0x14023e9d0	0x14023ea46	0x140540ae8	1	2			
0x14023ea50	0x14023ec15	0x140540d00	1	2			
0x14023ec20	0x14023eca2	0x140545b9c	1	0			
0x14023ecb0	0x14023ed40	0x1405255c0	1	0			
0x14023ed40	0x14023edcc	0x140540de0	1	2			
0x14023edd0	0x14023eee6	0x1405409f8	1	2			
0x14023eef0	0x14023f23f	0x140540b60	1	2			
0x14023f240	0x14023f2a9	0x140540910	1	2			
0x14023f2b0	0x14023f2f3	0x140540988	1	2			
0x14023f300	0x14023f39d	0x140540e10	1	2			
0x14023f3a0	0x14023f42a	0x140540e78	1	2			
0x14023f4c0	0x14023f51d	0x140540cb0	1	2			
0x14023f560	0x14023f5a8	0x140540b18	1	3			
0x14023f5c0	0x14023f68b	0x140540db8	1	3			
0x14023f690	0x14023f6be	0x140540ce8	1	3			
0x14023f6d0	0x14023f71b	0x1405409b0	1	3			
0x14023f750	0x14023f789	0x140540940	1	3			
0x14023f7a0	0x14023f86d	0x140540ac0	1	3			
0x14023f870	0x14023f9cc	0x140540c70	1	3			
0x14023f9f0	0x14023fa2e	0x1405463d4	1	0			
0x14023fa30	0x14023fa6e	0x1405463d4	1	0			
0x14023fa70	0x14023fadc	0x140540b30	1	3			
0x14023fae0	0x14023fb1e	0x1405463d4	1	0			
0x14023fb20	0x14023fb4b	0x14053c418	1	0			
0x14023fb50	0x14023fb7b	0x14053c418	1	0			
0x14023fb80	0x14023fbab	0x14053c418	1	0			
0x14023fbb0	0x14023fc23	0x1405409c8	1	3			
0x14023fc30	0x14023fc5b	0x14053c418	1	0			
0x14023fc60	0x14023fc9a	0x14053c418	1	0			
0x14023fca0	0x14023fd01	0x140540958	1	3			
0x14023fd10	0x14023fd3b	0x14053c418	1	0			
0x14023fd40	0x14023fd6b	0x14053c418	1	0			
0x14023fd70	0x14023fddf	0x1405463d4	1	0			
0x14023fde0	0x14023fe0b	0x14053c418	1	0			
0x14023fe10	0x14023fe44	0x1405463d4	1	0			
0x14023fe50	0x14023fe84	0x1405463d4	1	0			
0x14023fe90	0x14023fece	0x1405463d4	1	0			
0x14023fed0	0x14023ff1c	0x1405463d4	1	0			
0x14023ff20	0x14023ff84	0x1405463d4	1	0			
0x14023ff90	0x14023ffbb	0x14053c418	1	0			
0x14023ffc0	0x140240026	0x1405463d4	1	0			
0x140240030	0x14024005b	0x14053c418	1	0			
0x140240060	0x14024008b	0x14053c418	1	0			
0x140240090	0x1402402e0	0x140540840	1	2			
0x1402402e0	0x140240420	0x14054854c	1	0			
0x140240680	0x14024076f	0x140540ec8	1	0			
0x14024076f	0x140240792	0x140540ed8	1	4	0x140240680	0x14024076f	0x140540ec8
0x140240792	0x1402408a0	0x140540eec	1	4	0x140240680	0x14024076f	0x140540ec8
0x1402408a0	0x140240a50	0x1405255c0	1	0			
0x140240a50	0x140240b90	0x14053c418	1	0			
0x140240b90	0x140240bca	0x1405463d4	1	0			
0x140240bd0	0x140240bf7	0x14053c418	1	0			
0x140240c00	0x140240ca3	0x140532a4c	1	0			
0x140240ca3	0x140240ced	0x140540efc	1	4	0x140240c00	0x140240ca3	0x140532a4c
0x140240ced	0x140241028	0x140540f10	1	4	0x140240c00	0x140240ca3	0x140532a4c
0x140241030	0x14024104d	0x140540fbc	1	0			
0x14024104d	0x1402411e6	0x140540f20	1	4	0x140241030	0x14024104d	0x140540fbc
0x1402411e6	0x140241246	0x140540f34	1	4	0x140241030	0x14024104d	0x140540fbc
0x140241246	0x1402412fe	0x140540f34	1	4	0x140241030	0x14024104d	0x140540fbc
0x1402412fe	0x14024135b	0x140540f34	1	4	0x140241030	0x14024104d	0x140540fbc
0x14024135b	0x1402413c3	0x140540f34	1	4	0x140241030	0x14024104d	0x140540fbc
0x1402413c3	0x1402413d4	0x140540f34	1	4	0x140241030	0x14024104d	0x140540fbc
0x1402413d4	0x1402413e1	0x140540f34	1	4	0x140241030	0x14024104d	0x140540fbc
0x1402413e1	0x140241420	0x140540f48	1	4	0x140241030	0x14024104d	0x140540fbc
0x140241420	0x140241466	0x14053c418	1	0			
0x140241470	0x1402414d6	0x14053c418	1	0			
0x1402414e0	0x1402416d0	0x14054854c	1	0			
0x1402416f0	0x140241725	0x140545b9c	1	0			
0x140241725	0x14024190c	0x140540f58	1	4	0x1402416f0	0x140241725	0x140545b9c
0x14024190c	0x140241930	0x140540f78	1	4	0x1402416f0	0x140241725	0x140545b9c
0x140241930	0x140241a2f	0x14053c418	1	0			
0x140241a30	0x140241f98	0x140540f88	1	0			
0x140241fa0	0x140241fdc	0x14053c418	1	0			
0x140241fe0	0x140242620	0x140540f88	1	0			
0x140242640	0x14024267e	0x140540fbc	1	0			
0x14024267e	0x1402426f2	0x140540fe8	1	4	0x140242640	0x14024267e	0x140540fbc
0x1402426f2	0x140242718	0x140540ffc	1	4	0x140242640	0x14024267e	0x140540fbc
0x140242718	0x140242746	0x140540ffc	1	4	0x140242640	0x14024267e	0x140540fbc
0x140242746	0x140242781	0x140540ffc	1	4	0x140242640	0x14024267e	0x140540fbc
0x140242781	0x1402427ba	0x140540ffc	1	4	0x140242640	0x14024267e	0x140540fbc
0x1402427ba	0x1402427f2	0x140540ffc	1	4	0x140242640	0x14024267e	0x140540fbc
0x1402427f2	0x140242814	0x140540ffc	1	4	0x140242640	0x14024267e	0x140540fbc
0x140242814	0x140242838	0x140540ffc	1	4	0x140242640	0x14024267e	0x140540fbc
0x140242838	0x140242849	0x140540ffc	1	4	0x140242640	0x14024267e	0x140540fbc
0x140242849	0x14024289d	0x140540ffc	1	4	0x140242640	0x14024267e	0x140540fbc
0x14024289d	0x1402428f1	0x140540ffc	1	4	0x140242640	0x14024267e	0x140540fbc
0x1402428f1	0x140242900	0x140540ffc	1	4	0x140242640	0x14024267e	0x140540fbc
0x140242900	0x140242944	0x140541010	1	4	0x140242640	0x14024267e	0x140540fbc
0x140242950	0x1402429ab	0x140540fbc	1	0			
0x1402429ab	0x1402429cb	0x140541020	1	4	0x140242950	0x1402429ab	0x140540fbc
0x1402429cb	0x1402429d9	0x140541034	1	4	0x140242950	0x1402429ab	0x140540fbc
0x1402429e0	0x140242ae1	0x140540fbc	1	0			
0x140242ae1	0x140242b01	0x140540fc4	1	4	0x1402429e0	0x140242ae1	0x140540fbc
0x140242b01	0x140242b0f	0x140540fd8	1	4	0x1402429e0	0x140242ae1	0x140540fbc
0x140242b10	0x140242bbc	0x140540fbc	1	0			
0x140242bbc	0x140242bdc	0x140540f98	1	4	0x140242b10	0x140242bbc	0x140540fbc
0x140242bdc	0x140242bea	0x140540fac	1	4	0x140242b10	0x140242bbc	0x140540fbc
0x140242bf0	0x140242c1f	0x14053c418	1	0			
0x140242c20	0x140242c8b	0x14054f8f4	1	0			
0x140242c90	0x140242cbc	0x14054f8f4	1	0			
0x140242cc0	0x140242dd4	0x14053c418	1	0			
0x140242de0	0x140242e44	0x14053c418	1	0			
0x140242e50	0x140242ec6	0x14053c418	1	0			
0x140242ed0	0x140242f2e	0x14053c418	1	0			
0x140242f30	0x140243134	0x14053c418	1	0			
0x140243140	0x1402431a6	0x14054f8f4	1	0			
0x1402431b0	0x140243600	0x1405255c0	1	0			
0x140243600	0x14024362c	0x14053c418	1	0			
0x140243630	0x1402436d5	0x140541060	1	2			
0x140243700	0x14024376d	0x1405410a0	1	3			
0x140243780	0x1402437c9	0x1405463d4	1	0			
0x1402437d0	0x140243804	0x1405463d4	1	0			
0x140243810	0x140243a6b	0x1405410b8	1	3			
0x140243a70	0x140243ae5	0x1405463d4	1	0			
0x140243af0	0x140243c2c	0x1405411c8	1	3			
0x140243c2c	0x140243c73	0x1405411f0	1	4	0x140243af0	0x140243c2c	0x1405411c8
0x140243c73	0x140243f33	0x140541204	1	4	0x140243c2c	0x140243c73	0x1405411f0
0x140243f33	0x140243f6e	0x140541218	1	4	0x140243c2c	0x140243c73	0x1405411f0
0x140243f70	0x1402440a5	0x140541044	1	3			
0x1402440b0	0x1402440ca	0x140541160	1	3			
0x1402440ca	0x14024431a	0x140541170	1	4	0x1402440b0	0x1402440ca	0x140541160
0x14024431a	0x1402444d3	0x140541194	1	4	0x1402440ca	0x14024431a	0x140541170
0x1402444d3	0x14024457b	0x1405411a8	1	4	0x1402440ca	0x14024431a	0x140541170
0x14024457b	0x1402445a0	0x1405411b8	1	4	0x1402440b0	0x1402440ca	0x140541160
0x1402445a0	0x14024465e	0x1405235c4	1	0			
0x140244660	0x140244713	0x14054854c	1	0			
0x140244720	0x140244761	0x14053c418	1	0			
0x1402447b0	0x140244807	0x1405463d4	1	0			
0x140244810	0x14024486a	0x14053c418	1	0			
0x140244870	0x140244939	0x14054124c	1	0			
0x1402449a0	0x140244a53	0x14054124c	1	0			
0x140244a60	0x140244b4b	0x1405412a8	1	3			
0x140244b50	0x140244d20	0x140541228	1	3			
0x140244d20	0x140244dae	0x14054125c	1	3			
0x140244dae	0x140244e8c	0x140541284	1	4	0x140244d20	0x140244dae	0x14054125c
0x140244e8c	0x140244f2e	0x140541298	1	4	0x140244d20	0x140244dae	0x14054125c
0x140244f30	0x140244f7f	0x14053c418	1	0			
0x140244fe0	0x140245045	0x1405463d4	1	0			
0x140245050	0x1402450ca	0x14054f5b0	1	3			
0x1402450d0	0x14024512a	0x14053c418	1	0			
0x140245130	0x1402451f6	0x14054124c	1	0			
0x140245260	0x14024541c	0x1405412c4	1	3			
0x140245420	0x140245497	0x1405412e4	1	3			
0x1402454a0	0x1402457f4	0x140525f58	1	0			
0x140245800	0x140245820	0x14054b888	1	3			
0x140245820	0x1402458c1	0x1405412f4	1	4	0x140245800	0x140245820	0x14054b888
0x1402458c1	0x1402458d3	0x140541308	1	4	0x140245800	0x140245820	0x14054b888
0x1402458e0	0x140245a39	0x140541318	1	3			
0x140245a50	0x140245adf	0x140541380	1	2			
0x140245ae0	0x140245b0c	0x140541368	1	3			
0x140245b10	0x140245b92	0x1405413f0	1	3			
0x140245ba0	0x140245bd4	0x1405463d4	1	0			
0x140245be0	0x140245d32	0x140541418	1	3			
0x140245d40	0x140245da0	0x14053c418	1	0			
0x140245da0	0x140245dc0	0x14053c418	1	0			
0x140245dc0	0x140245de0	0x14053c418	1	0			
0x140245de0	0x140245f52	0x140545fec	1	0			
0x140245fb0	0x140245fe1	0x140541518	1	3			
0x140245fe1	0x14024611f	0x140541528	1	4	0x140245fb0	0x140245fe1	0x140541518
0x14024611f	0x140246135	0x14054153c	1	4	0x140245fb0	0x140245fe1	0x140541518
0x140246140	0x14024616f	0x1405415e8	1	3			
0x14024616f	0x140246401	0x1405415fc	1	4	0x140246140	0x14024616f	0x1405415e8
0x140246401	0x140246418	0x14054162c	1	4	0x140246140	0x14024616f	0x1405415e8
0x140246450	0x14024667d	0x1405463d4	1	0			
0x140246680	0x140246c98	0x1405463d4	1	0			
0x140246ca0	0x140246d37	0x1405235c4	1	0			
0x140246d40	0x140246dc0	0x1405255c0	1	0			
0x140246e20	0x140246e85	0x140545b9c	1	0			
0x140246e90	0x140246ef5	0x140545b9c	1	0			
0x140246f00	0x140246f2d	0x140541460	1	3			
0x140246f2d	0x140246ff4	0x140541474	1	4	0x140246f00	0x140246f2d	0x140541460
0x140246ff4	0x14024739a	0x140541490	1	4	0x140246f2d	0x140246ff4	0x140541474
0x14024739a	0x1402473ac	0x1405414ac	1	4	0x140246f2d	0x140246ff4	0x140541474
0x1402473ac	0x1402473c3	0x1405414bc	1	4	0x140246f00	0x140246f2d	0x140541460
0x1402473c3	0x140247508	0x1405414cc	1	4	0x140246f00	0x140246f2d	0x140541460
0x140247510	0x140247708	0x14054163c	1	3			
0x140247710	0x140247aca	0x14054154c	1	3			
0x140247ad0	0x140247e7c	0x140541564	1	3			
0x140247e80	0x140248140	0x14054157c	1	3			
0x140248140	0x1402481e0	0x140541598	1	2			
0x140248300	0x14024831d	0x140528d7c	1	0			
0x14024831d	0x140248340	0x1405414f4	1	4	0x140248300	0x14024831d	0x140528d7c
0x140248340	0x1402483b1	0x140541508	1	4	0x140248300	0x14024831d	0x140528d7c
0x1402483c0	0x140248478	0x14054165c	1	2			
0x1402484b0	0x1402484db	0x14053c418	1	0			
0x1402484e0	0x140248562	0x1405463d4	1	0			
0x140248570	0x14024858a	0x140541718	1	0			
0x14024858a	0x140248633	0x140541728	1	4	0x140248570	0x14024858a	0x140541718
0x140248633	0x140248709	0x14054173c	1	4	0x140248570	0x14024858a	0x140541718
0x140248710	0x140248752	0x14054174c	1	0			
0x140248752	0x140248885	0x140541760	1	4	0x140248710	0x140248752	0x14054174c
0x140248885	0x1402489e3	0x140541774	1	4	0x140248710	0x140248752	0x14054174c
0x1402489f0	0x140248bb6	0x1405416b4	1	3			
0x140248be0	0x140248d56	0x140541698	1	3			
0x140248d60	0x140248e04	0x1405463d4	1	0			
0x140248e10	0x140248f33	0x140541708	1	0			
0x140248f40	0x140248fea	0x140548e80	1	0			
0x140248ff0	0x14024906e	0x14053c418	1	0			
0x140249070	0x140249137	0x14053c418	1	0			
0x140249150	0x1402491bb	0x14054854c	1	0			
0x140249220	0x1402492ec	0x140541958	1	2			
0x1402492f0	0x14024947b	0x140541784	1	2			
0x140249480	0x1402494d5	0x1405418d4	1	2			
0x1402494e0	0x140249591	0x140541800	1	3			
0x1402495d0	0x140249604	0x1405463d4	1	0			
0x140249610	0x140249676	0x1405463d4	1	0			
0x140249680	0x1402496bc	0x1405463d4	1	0			
0x1402496c0	0x14024970c	0x14054854c	1	0			
0x140249710	0x14024a13e	0x14054183c	1	3			
0x14024a140	0x14024a378	0x140541908	1	3			
0x14024a380	0x14024a45f	0x140530260	1	3			
0x14024a460	0x14024a53c	0x1405463d4	1	0			
0x14024a540	0x14024ac34	0x140541818	1	3			
0x14024ac40	0x14024aca4	0x140530260	1	3			
0x14024acd0	0x14024ad23	0x140540fbc	1	0			
0x14024ad23	0x14024ad7a	0x1405418a8	1	4	0x14024acd0	0x14024ad23	0x140540fbc
0x14024ad7a	0x14024adc0	0x1405418c4	1	4	0x14024acd0	0x14024ad23	0x140540fbc
0x14024adc0	0x14024ae35	0x14053c418	1	0			
0x14024ae40	0x14024b3a0	0x14053af04	1	3			
0x14024b3a0	0x14024b3fa	0x14053c418	1	0			
0x14024b440	0x14024b46b	0x14053c418	1	0			
0x14024b4c0	0x14024b58c	0x140541b84	1	2			
0x14024b590	0x14024b6ec	0x140541990	1	2			
0x14024b6f0	0x14024b797	0x1405419f8	1	3			
0x14024b7c0	0x14024b7f4	0x1405463d4	1	0			
0x14024b800	0x14024b923	0x140538250	1	0			
0x14024b930	0x14024bfb7	0x140541a30	1	3			
0x14024bfc0	0x14024c1c7	0x140541b40	1	3			
0x14024c1d0	0x14024c1e9	0x140528d7c	1	0			
0x14024c1e9	0x14024c247	0x140541af8	1	4	0x14024c1d0	0x14024c1e9	0x140528d7c
0x14024c247	0x14024c25d	0x140541b0c	1	4	0x14024c1d0	0x14024c1e9	0x140528d7c
0x14024c260	0x14024c406	0x140541a10	1	3			
0x14024c410	0x14024c514	0x140541b5c	1	0			
0x14024c530	0x14024c563	0x14054f8f4	1	0			
0x14024c570	0x14024c659	0x1405255c0	1	0			
0x14024c660	0x14024c66a	0x140541aa0	1	0			
0x14024c66a	0x14024c7e3	0x140541aac	1	4	0x14024c660	0x14024c66a	0x140541aa0
0x14024c7e3	0x14024c878	0x140541ac4	1	4	0x14024c66a	0x14024c7e3	0x140541aac
0x14024c878	0x14024c932	0x140541ad8	1	4	0x14024c66a	0x14024c7e3	0x140541aac
0x14024c932	0x14024c9c5	0x140541ae8	1	4	0x14024c660	0x14024c66a	0x140541aa0
0x14024c9d0	0x14024ca0e	0x14054fa50	1	0			
0x14024ca10	0x14024ca4e	0x14054fa50	1	0			
0x14024ca50	0x14024ca8e	0x14054fa50	1	0			
0x14024ca90	0x14024cab0	0x140528d7c	1	0			
0x14024cab0	0x14024cae0	0x140541b1c	1	4	0x14024ca90	0x14024cab0	0x140528d7c
0x14024cae0	0x14024caf6	0x140541b30	1	4	0x14024ca90	0x14024cab0	0x140528d7c
0x14024cb00	0x14024cd6d	0x140543e9c	1	3			
0x14024cde0	0x14024ce5a	0x140541bb8	1	2			
0x14024ce60	0x14024cecd	0x14053c418	1	0			
0x14024cf00	0x14024cf34	0x1405463d4	1	0			
0x14024cf40	0x14024d6a6	0x140541c24	1	3			
0x14024d6b0	0x14024d6da	0x14053c418	1	0			
0x14024d6e0	0x14024d80a	0x140541c08	1	3			
0x14024d810	0x14024d8b6	0x14053c418	1	0			
0x14024d8f0	0x14024d96d	0x140541c98	1	2			
0x14024d9a0	0x14024da22	0x1405463d4	1	0			
0x14024da30	0x14024db98	0x140541cf0	1	3			
0x14024dba0	0x14024e078	0x140541cc8	1	3			
0x14024e0a0	0x14024e123	0x140541d40	1	0			
0x14024e123	0x14024e19d	0x140541d50	1	4	0x14024e0a0	0x14024e123	0x140541d40
0x14024e19d	0x14024e1c3	0x140541d68	1	4	0x14024e0a0	0x14024e123	0x140541d40
0x14024e1c3	0x14024e1fd	0x140541d78	1	4	0x14024e0a0	0x14024e123	0x140541d40
0x14024e1fd	0x14024e258	0x140541d90	1	4	0x14024e0a0	0x14024e123	0x140541d40
0x14024e258	0x14024e278	0x140541d68	1	4	0x14024e0a0	0x14024e123	0x140541d40
0x14024e280	0x14024e2ec	0x140528d7c	1	0			
0x14024e2ec	0x14024e360	0x140541da4	1	4	0x14024e280	0x14024e2ec	0x140528d7c
0x14024e360	0x14024e370	0x140541db8	1	4	0x14024e280	0x14024e2ec	0x140528d7c
0x14024e370	0x14024e3a8	0x140541dc8	1	3			
0x14024e3a8	0x14024e46c	0x140541de0	1	4	0x14024e370	0x14024e3a8	0x140541dc8
0x14024e46c	0x14024e4a7	0x140541e00	1	4	0x14024e370	0x14024e3a8	0x140541dc8
0x14024e4a7	0x14024e4ed	0x140541e10	1	4	0x14024e46c	0x14024e4a7	0x140541e00
0x14024e4ed	0x14024e540	0x140541e24	1	4	0x14024e46c	0x14024e4a7	0x140541e00
0x14024e540	0x14024e5b2	0x14053c418	1	0			
0x14024e5f0	0x14024e63d	0x1405463d4	1	0			
0x14024e640	0x14024e78d	0x140541e58	1	3			
0x14024e790	0x14024e8d6	0x140528d7c	1	0			
0x14024e8d6	0x14024e905	0x140541ea8	1	4	0x14024e790	0x14024e8d6	0x140528d7c
0x14024e905	0x14024e93f	0x140541ebc	1	4	0x14024e8d6	0x14024e905	0x140541ea8
0x14024e93f	0x14024e9f2	0x140541ed0	1	4	0x14024e8d6	0x14024e905	0x140541ea8
0x14024e9f2	0x14024ea23	0x140541ee0	1	4	0x14024e790	0x14024e8d6	0x140528d7c
0x14024ea40	0x14024ee09	0x140541e34	1	3			
0x14024ee10	0x14024ef1e	0x14053c418	1	0			
0x14024ef20	0x14024ef89	0x14053c418	1	0			
0x14024ef90	0x14024f05c	0x1405420d0	1	2			
0x14024f060	0x14024f1fb	0x140541ef0	1	2			
0x14024f200	0x14024f295	0x140541f58	1	3			
0x14024f2c0	0x14024f2f4	0x1405463d4	1	0			
0x14024f300	0x14024f3d1	0x140540fbc	1	0			
0x14024f3d1	0x14024f46a	0x140542070	1	4	0x14024f300	0x14024f3d1	0x140540fbc
0x14024f46a	0x14024f473	0x140542084	1	4	0x14024f300	0x14024f3d1	0x140540fbc
0x14024f480	0x14024f4ed	0x1405383d8	1	3			
0x14024f4ed	0x14024f8f0	0x1405420ac	1	4	0x14024f480	0x14024f4ed	0x1405383d8
0x14024f8f0	0x14024f920	0x1405420c0	1	4	0x14024f480	0x14024f4ed	0x1405383d8
0x14024f970	0x14024fcc4	0x140541f90	1	3			
0x14024fcd0	0x14024fd5d	0x140541fe8	1	0			
0x14024fd5d	0x14024fe08	0x140541ff8	1	4	0x14024fcd0	0x14024fd5d	0x140541fe8
0x14024fe08	0x14024fe16	0x140542014	1	4	0x14024fcd0	0x14024fd5d	0x140541fe8
0x14024fe16	0x14024fe25	0x140542028	1	4	0x14024fcd0	0x14024fd5d	0x140541fe8
0x14024fe30	0x14024fe8b	0x1405463d4	1	0			
0x14024fe90	0x1402503da	0x140541f70	1	3			
0x1402503e0	0x14025043f	0x140542038	1	3			
0x14025043f	0x14025056c	0x140542048	1	4	0x1402503e0	0x14025043f	0x140542038
0x14025056c	0x14025062d	0x140542060	1	4	0x1402503e0	0x14025043f	0x140542038
0x140250630	0x140250699	0x14053c418	1	0			
0x1402506a0	0x1402507d1	0x140530854	1	0			
0x1402507e0	0x140250983	0x1405463d4	1	0			
0x1402509b0	0x140250a09	0x14054854c	1	0			
0x140250a10	0x140250f10	0x1405383d8	1	3			
0x140250f10	0x140250fc1	0x14053c418	1	0			
0x140250fd0	0x1402514e8	0x140542094	1	3			
0x1402514f0	0x1402515a4	0x1405463d4	1	0			
0x1402515b0	0x1402516d6	0x1405383d8	1	3			
0x1402516f0	0x140251787	0x140535960	1	3			
0x1402517b0	0x140251841	0x140542130	1	2			
0x140251850	0x14025191e	0x140542108	1	2			
0x140251920	0x14025199b	0x140542160	1	3			
0x1402519c0	0x1402519f4	0x1405463d4	1	0			
0x140251a00	0x140251c27	0x140524aa8	1	3			
0x140251c80	0x140251e8a	0x140542198	1	3			
0x140251e90	0x140251f4b	0x140526458	1	0			
0x140251f50	0x140252192	0x140542178	1	3			
0x1402521a0	0x140252292	0x14053c418	1	0			
0x140252360	0x140252381	0x14052d9ec	1	3			
0x140252381	0x1402523bb	0x140542214	1	4	0x140252360	0x140252381	0x14052d9ec
0x1402523bb	0x140252477	0x140542228	1	4	0x140252360	0x140252381	0x14052d9ec
0x140252480	0x140252690	0x1405423a0	1	0			
0x140252690	0x14025272f	0x14053c418	1	0			
0x140252730	0x14025284c	0x14052f760	1	3			
0x140252870	0x140252932	0x140542314	1	3			
0x140252932	0x140252a06	0x140542330	1	4	0x140252870	0x140252932	0x140542314
0x140252a06	0x140252a28	0x140542344	1	4	0x140252870	0x140252932	0x140542314
0x140252a28	0x140252ae3	0x140542354	1	4	0x140252870	0x140252932	0x140542314
0x140252ae3	0x140252b0c	0x140542344	1	4	0x140252870	0x140252932	0x140542314
0x140252b10	0x140252ba8	0x140542368	1	3			
0x140252ba8	0x140252c88	0x14054237c	1	4	0x140252b10	0x140252ba8	0x140542368
0x140252c88	0x140252cb3	0x140542390	1	4	0x140252b10	0x140252ba8	0x140542368
0x140252cc0	0x140252ce3	0x140542278	1	0			
0x140252ce3	0x140252f2e	0x140542288	1	4	0x140252cc0	0x140252ce3	0x140542278
0x140252f2e	0x140252f45	0x14054229c	1	4	0x140252cc0	0x140252ce3	0x140542278
0x140252f50	0x140253329	0x140542238	1	2			
0x140253330	0x140253363	0x1405422ac	1	3			
0x140253363	0x140253630	0x1405422c4	1	4	0x140253330	0x140253363	0x1405422ac
0x140253630	0x140253651	0x140542304	1	4	0x140253330	0x140253363	0x1405422ac
0x140253660	0x14025368a	0x14053c418	1	0			
0x1402536b0	0x1402536c8	0x140523c40	1	0			
0x1402536c8	0x14025370d	0x1405421f0	1	4	0x1402536b0	0x1402536c8	0x140523c40
0x14025370d	0x140253718	0x140542204	1	4	0x1402536b0	0x1402536c8	0x140523c40
0x140253720	0x1402537ec	0x140542594	1	2			
0x1402537f0	0x140253919	0x1405423b0	1	2			
0x140253920	0x1402539d4	0x140542428	1	3			
0x140253a00	0x140253a34	0x1405463d4	1	0			
0x140253a40	0x140253aa7	0x14054fa50	1	0			
0x140253ab0	0x140253cbc	0x140542440	1	3			
0x140253cbc	0x140253e55	0x140542460	1	4	0x140253ab0	0x140253cbc	0x140542440
0x140253e60	0x140253edb	0x1405463d4	1	0			
0x140253ee0	0x1402541d9	0x140542840	1	3			
0x1402541e0	0x140254222	0x140534958	1	0			
0x140254222	0x14025431f	0x1405424b8	1	4	0x1402541e0	0x140254222	0x140534958
0x14025431f	0x1402543c3	0x1405424d8	1	4	0x1402541e0	0x140254222	0x140534958
0x1402543c3	0x1402543c9	0x1405424f0	1	4	0x1402541e0	0x140254222	0x140534958
0x1402543d0	0x1402544a3	0x140530854	1	0			
0x1402544b0	0x1402544d2	0x140542480	1	0			
0x1402544d2	0x140254628	0x140542488	1	4	0x1402544b0	0x1402544d2	0x140542480
0x140254628	0x140254665	0x1405424a8	1	4	0x1402544b0	0x1402544d2	0x140542480
0x140254690	0x1402546ba	0x14053c418	1	0			
0x140254700	0x14025481a	0x140542524	1	3			
0x140254820	0x14025482e	0x14053c418	1	0			
0x14025482e	0x1402548ad	0x140542570	1	4	0x140254820	0x14025482e	0x14053c418
0x1402548ad	0x1402548c5	0x140542584	1	4	0x140254820	0x14025482e	0x14053c418
0x1402548e0	0x1402549a8	0x140526458	1	0			
0x1402549b0	0x140254a16	0x1405463d4	1	0			
0x140254a20	0x140254a92	0x140528d7c	1	0			
0x140254a92	0x140254ad9	0x140542500	1	4	0x140254a20	0x140254a92	0x140528d7c
0x140254ad9	0x140254b45	0x140542514	1	4	0x140254a20	0x140254a92	0x140528d7c
0x140254b50	0x140254c34	0x1405425f8	1	2			
0x140254c40	0x140254c76	0x1405425c8	1	2			
0x140254c80	0x140254cfd	0x140542640	1	3			
0x140254d00	0x140254d23	0x14053c418	1	0			
0x140254d50	0x140254d84	0x1405463d4	1	0			
0x140254d90	0x140255003	0x140542670	1	3			
0x140255010	0x140255074	0x14054854c	1	0			
0x140255080	0x1402551fe	0x140542658	1	3			
0x140255200	0x14025521b	0x140542740	1	3			
0x14025521b	0x140255222	0x140542754	1	4	0x140255200	0x14025521b	0x140542740
0x140255222	0x1402555bb	0x140542768	1	4	0x14025521b	0x140255222	0x140542754
0x1402555bb	0x1402556bd	0x14054277c	1	4	0x140255222	0x1402555bb	0x140542768
0x1402556bd	0x1402556dd	0x140542790	1	4	0x140255222	0x1402555bb	0x140542768
0x1402556dd	0x140255743	0x1405427a0	1	4	0x140255743	0x140255762	0x1405427b8
0x140255743	0x140255762	0x1405427b8	1	4	0x14025521b	0x140255222	0x140542754
0x140255762	0x140255795	0x1405427c8	1	4	0x140255200	0x14025521b	0x140542740
0x1402557a0	0x14025597d	0x140542704	1	3			
0x140255980	0x140255a9e	0x140528cd4	1	3			
0x140255aa0	0x140255ac4	0x140528d7c	1	0			
0x140255ac4	0x140255ae9	0x1405426e0	1	4	0x140255aa0	0x140255ac4	0x140528d7c
0x140255ae9	0x140255b14	0x1405426f4	1	4	0x140255aa0	0x140255ac4	0x140528d7c
0x140255b20	0x140255b9e	0x14054854c	1	0			
0x140255ba0	0x140255c40	0x1405427d8	1	2			
0x140255c40	0x140255cca	0x140542828	1	3			
0x140255cf0	0x140255d24	0x1405463d4	1	0			
0x140255d30	0x1402561a2	0x140542970	1	3			
0x1402561b0	0x1402561d7	0x14053e570	1	0			
0x1402561d7	0x1402562e3	0x1405428f4	1	4	0x1402561b0	0x1402561d7	0x14053e570
0x1402562e3	0x14025636d	0x140542908	1	4	0x1402561d7	0x1402562e3	0x1405428f4
0x14025636d	0x14025640f	0x14054291c	1	4	0x1402561d7	0x1402562e3	0x1405428f4
0x14025640f	0x14025651e	0x14054292c	1	4	0x1402561b0	0x1402561d7	0x14053e570
0x14025651e	0x140256524	0x140542940	1	4	0x1402561b0	0x1402561d7	0x14053e570
0x140256530	0x140256898	0x140542864	1	3			
0x1402568a0	0x1402568ef	0x14053c418	1	0			
0x1402568f0	0x140256ca4	0x140542840	1	3			
0x140256cb0	0x140256e4e	0x140535d70	1	3			
0x140256f20	0x140256f3a	0x1405428a4	1	3			
0x140256f3a	0x140257012	0x1405428b8	1	4	0x140256f20	0x140256f3a	0x1405428a4
0x140257012	0x14025732b	0x1405428d8	1	4	0x140256f20	0x140256f3a	0x1405428a4
0x140257330	0x14025751b	0x140542950	1	0			
0x140257520	0x1402575f0	0x14053c418	1	0			
0x140257620	0x1402577c5	0x140545b9c	1	0			
0x1402577d0	0x140257821	0x14053c418	1	0			
0x140257830	0x14025794a	0x1405429b4	1	3			
0x140257950	0x1402579eb	0x140528d7c	1	0			
0x1402579eb	0x140257a1c	0x140542880	1	4	0x140257950	0x1402579eb	0x140528d7c
0x140257a1c	0x140257a22	0x140542894	1	4	0x140257950	0x1402579eb	0x140528d7c
0x140257a30	0x140257aa5	0x14053c418	1	0			
0x140257ab0	0x140257b3c	0x140542a00	1	2			
0x140257b40	0x140257bad	0x14053c418	1	0			
0x140257be0	0x140257c14	0x1405463d4	1	0			
0x140257c20	0x140257daf	0x140542a70	1	3			
0x140257dd0	0x140257ff2	0x140542a50	1	3			
0x140258030	0x140258398	0x140542ac0	1	3			
0x1402583a0	0x1402586df	0x140542ae4	1	3			
0x1402586e0	0x14025872a	0x14053c418	1	0			
0x140258760	0x14025882c	0x140542dcc	1	2			
0x140258830	0x1402589c0	0x140542b2c	1	2			
0x1402589c0	0x140258a70	0x140542b90	1	3			
0x140258aa0	0x140258ad4	0x1405463d4	1	0			
0x140258ae0	0x140259100	0x140528f18	1	3			
0x140259100	0x140259924	0x140542bcc	1	3			
0x140259930	0x140259980	0x140542d8c	1	3			
0x140259980	0x140259b20	0x140542da4	1	4	0x140259930	0x140259980	0x140542d8c
0x140259b20	0x140259be8	0x140542dbc	1	4	0x140259930	0x140259980	0x140542d8c
0x140259bf0	0x140259c50	0x14053c418	1	0			
0x140259c50	0x140259c75	0x140542c78	1	3			
0x140259c75	0x140259d2e	0x140542c8c	1	4	0x140259c50	0x140259c75	0x140542c78
0x140259d2e	0x140259d63	0x140542ca0	1	4	0x140259c75	0x140259d2e	0x140542c8c
0x140259d63	0x140259d78	0x140542cb4	1	4	0x140259c75	0x140259d2e	0x140542c8c
0x140259d78	0x140259e2b	0x140542cc4	1	4	0x140259c50	0x140259c75	0x140542c78
0x140259e30	0x140259f52	0x14054e970	1	0			
0x140259f60	0x14025a327	0x140542ba8	1	3			
0x14025a330	0x14025a3cd	0x14054300c	1	3			
0x14025a3cd	0x14025a448	0x140542d68	1	4	0x14025a330	0x14025a3cd	0x14054300c
0x14025a448	0x14025a45b	0x140542d7c	1	4	0x14025a330	0x14025a3cd	0x14054300c
0x14025a460	0x14025a621	0x140542f10	1	0			
0x14025a630	0x14025a671	0x140542cd4	1	3			
0x14025a671	0x14025a836	0x140542cec	1	4	0x14025a630	0x14025a671	0x140542cd4
0x14025a836	0x14025a954	0x140542d08	1	4	0x14025a671	0x14025a836	0x140542cec
0x14025a954	0x14025aac4	0x140542d1c	1	4	0x14025a836	0x14025a954	0x140542d08
0x14025aac4	0x14025abe9	0x140542d30	1	4	0x14025a836	0x14025a954	0x140542d08
0x14025abe9	0x14025ac59	0x140542d40	1	4	0x14025a630	0x14025a671	0x140542cd4
0x14025ac59	0x14025ac75	0x140542d58	1	4	0x14025a630	0x14025a671	0x140542cd4
0x14025ac80	0x14025aced	0x14053c418	1	0			
0x14025aced	0x14025ad4d	0x140542c30	1	4	0x14025ac80	0x14025aced	0x14053c418
0x14025ad4d	0x14025ad80	0x140542c44	1	4	0x14025aced	0x14025ad4d	0x140542c30
0x14025ad80	0x14025ada8	0x140542c58	1	4	0x14025aced	0x14025ad4d	0x140542c30
0x14025ada8	0x14025adae	0x140542c68	1	4	0x14025ac80	0x14025aced	0x14053c418
0x14025af30	0x14025affc	0x1405430e4	1	2			
0x14025b000	0x14025b1b5	0x140542e00	1	2			
0x14025b1c0	0x14025b270	0x140542ea0	1	3			
0x14025b2a0	0x14025b2d4	0x1405463d4	1	0			
0x14025b2e0	0x14025b9ad	0x140542f78	1	3			
0x14025b9b0	0x14025c1d0	0x140542eb8	1	3			
0x14025c1d0	0x14025c21b	0x140543054	1	3			
0x14025c21b	0x14025c29b	0x14054306c	1	4	0x14025c1d0	0x14025c21b	0x140543054
0x14025c29b	0x14025c3b1	0x14054308c	1	4	0x14025c21b	0x14025c29b	0x14054306c
0x14025c3b1	0x14025c455	0x1405430a0	1	4	0x14025c21b	0x14025c29b	0x14054306c
0x14025c455	0x14025c470	0x1405430b0	1	4	0x14025c1d0	0x14025c21b	0x140543054
0x14025c470	0x14025c4db	0x1405463d4	1	0			
0x14025c4e0	0x14025c4ff	0x14053e9b4	1	3			
0x14025c4ff	0x14025c5e4	0x140542f30	1	4	0x14025c4e0	0x14025c4ff	0x14053e9b4
0x14025c5e4	0x14025c616	0x140542f44	1	4	0x14025c4ff	0x14025c5e4	0x140542f30
0x14025c616	0x14025c627	0x140542f58	1	4	0x14025c4ff	0x14025c5e4	0x140542f30
0x14025c627	0x14025c6c5	0x140542f68	1	4	0x14025c4e0	0x14025c4ff	0x14053e9b4
0x14025c6d0	0x14025c7eb	0x14054e970	1	0			
0x14025c830	0x14025cc38	0x140542840	1	3			
0x14025cc40	0x14025ccc2	0x14054300c	1	3			
0x14025ccc2	0x14025cd2d	0x14054301c	1	4	0x14025cc40	0x14025ccc2	0x14054300c
0x14025cd2d	0x14025cd40	0x140543030	1	4	0x14025cc40	0x14025ccc2	0x14054300c
0x14025cd40	0x14025cec9	0x140542f10	1	0			
0x14025ced0	0x14025cf38	0x140542fb8	1	3			
0x14025cf38	0x14025d110	0x140542fcc	1	4	0x14025ced0	0x14025cf38	0x140542fb8
0x14025d110	0x14025d3a9	0x140542fe4	1	4	0x14025cf38	0x14025d110	0x140542fcc
0x14025d3a9	0x14025d3c3	0x140542ffc	1	4	0x14025ced0	0x14025cf38	0x140542fb8
0x14025d410	0x14025d41e	0x14053c418	1	0			
0x14025d41e	0x14025d49d	0x1405430c0	1	4	0x14025d410	0x14025d41e	0x14053c418
0x14025d49d	0x14025d4b5	0x1405430d4	1	4	0x14025d410	0x14025d41e	0x14053c418
0x14025d4c0	0x14025d5fe	0x140542f20	1	0			
0x14025d600	0x14025d6f0	0x14053c418	1	0			
0x14025d720	0x14025d7c7	0x140543040	1	3			
0x14025d7d0	0x14025d89c	0x140543420	1	2			
0x14025d8b0	0x14025da9a	0x140543118	1	2			
0x14025daa0	0x14025db60	0x140543190	1	3			
0x14025db90	0x14025dbc4	0x1405463d4	1	0			
0x14025dc00	0x14025dc46	0x14054336c	1	3			
0x14025dc46	0x14025dcbf	0x140543388	1	4	0x14025dc00	0x14025dc46	0x14054336c
0x14025dcbf	0x14025dce0	0x1405433b0	1	4	0x14025dc00	0x14025dc46	0x14054336c
0x14025dce0	0x14025dd5b	0x14054339c	1	4	0x14025dc00	0x14025dc46	0x14054336c
0x14025dd5b	0x14025e1fb	0x1405433b0	1	4	0x14025dc00	0x14025dc46	0x14054336c
0x14025e200	0x14025e261	0x14053c418	1	0			
0x14025e270	0x14025e339	0x140545b9c	1	0			
0x14025e340	0x14025e5c1	0x1405431c4	1	3			
0x14025e5d0	0x14025e620	0x140543218	1	3			
0x14025e620	0x14025e64b	0x140543230	1	4	0x14025e5d0	0x14025e620	0x140543218
0x14025e64b	0x14025e80a	0x140543244	1	4	0x14025e620	0x14025e64b	0x140543230
0x14025e80a	0x14025e82d	0x14054325c	1	4	0x14025e620	0x14025e64b	0x140543230
0x14025e82d	0x14025e907	0x140543270	1	4	0x14025e620	0x14025e64b	0x140543230
0x14025e907	0x14025e924	0x140543280	1	4	0x14025e5d0	0x14025e620	0x140543218
0x14025e930	0x14025e9f2	0x1405433c0	1	3			
0x14025e9f2	0x14025ebcd	0x1405433d8	1	4	0x14025e930	0x14025e9f2	0x1405433c0
0x14025ebcd	0x14025ebef	0x1405433ec	1	4	0x14025e930	0x14025e9f2	0x1405433c0
0x14025ebf0	0x14025ec4b	0x1405463d4	1	0			
0x14025ec50	0x14025ec81	0x140543320	1	3			
0x14025ec81	0x14025ecf8	0x140543334	1	4	0x14025ec50	0x14025ec81	0x140543320
0x14025ecf8	0x14025ed13	0x140543348	1	4	0x14025ec50	0x14025ec81	0x140543320
0x14025ed13	0x14025edcd	0x140543358	1	4	0x14025ec50	0x14025ec81	0x140543320
0x14025edcd	0x14025ef2d	0x140543348	1	4	0x14025ec50	0x14025ec81	0x140543320
0x14025ef30	0x14025f138	0x1405431a8	1	3			
0x14025f140	0x14025f1f8	0x14053c418	1	0			
0x14025f200	0x14025f296	0x14053c418	1	0			
0x14025f2c0	0x14025f306	0x140543290	1	3			
0x14025f306	0x14025f396	0x1405432a0	1	4	0x14025f2c0	0x14025f306	0x140543290
0x14025f396	0x14025f3c6	0x1405432b4	1	4	0x14025f2c0	0x14025f306	0x140543290
0x14025f3d0	0x14025f61a	0x140525f58	1	0			
0x14025f620	0x14025f76f	0x1405482bc	1	0			
0x14025f770	0x14025f7f5	0x1405432c4	1	0			
0x14025f7f5	0x14025f802	0x1405432cc	1	4	0x14025f770	0x14025f7f5	0x1405432c4
0x14025f802	0x14025fa3e	0x1405432e4	1	4	0x14025f7f5	0x14025f802	0x1405432cc
0x14025fa3e	0x14025fac1	0x140543300	1	4	0x14025f7f5	0x14025f802	0x1405432cc
0x14025fac1	0x14025fafd	0x140543310	1	4	0x14025f770	0x14025f7f5	0x1405432c4
0x14025fb30	0x14025fbcd	0x140526458	1	0			
0x14025fbd0	0x14025fbde	0x14053c418	1	0			
0x14025fbde	0x14025fc5d	0x1405433fc	1	4	0x14025fbd0	0x14025fbde	0x14053c418
0x14025fc5d	0x14025fc75	0x140543410	1	4	0x14025fbd0	0x14025fbde	0x14053c418
0x14025fc80	0x14025fcda	0x1405255c0	1	0			
0x14025fcf0	0x14025fd47	0x140545b9c	1	0			
0x14025fd50	0x14025fead	0x140526458	1	0			
0x14025feb0	0x14025fef1	0x1405463d4	1	0			
0x14025ff00	0x14025ffcc	0x140543650	1	2			
0x14025ffd0	0x14026008b	0x140543458	1	2			
0x140260090	0x140260125	0x1405434c0	1	3			
0x140260150	0x140260184	0x1405463d4	1	0			
0x140260190	0x1402604e7	0x1405434d8	1	3			
0x1402604f0	0x14026054b	0x1405463d4	1	0			
0x140260550	0x140260702	0x140541a10	1	3			
0x140260720	0x1402607a1	0x14054b888	1	3			
0x1402607b0	0x140260930	0x14053c418	1	0			
0x140260930	0x140260946	0x14053dd90	1	0			
0x140260946	0x140260b3b	0x140543528	1	4	0x140260930	0x140260946	0x14053dd90
0x140260b3b	0x140260c47	0x140543540	1	4	0x140260946	0x140260b3b	0x140543528
0x140260c47	0x140260e54	0x140543554	1	4	0x140260946	0x140260b3b	0x140543528
0x140260e54	0x140260eb8	0x140543564	1	4	0x140260930	0x140260946	0x14053dd90
0x140260ec0	0x140260eda	0x140543574	1	0			
0x140260eda	0x140261707	0x14054357c	1	4	0x140260ec0	0x140260eda	0x140543574
0x140261707	0x140261738	0x1405435a0	1	4	0x140260ec0	0x140260eda	0x140543574
0x140261740	0x1402617a2	0x1405435b0	1	3			
0x1402617a2	0x140261842	0x1405435c8	1	4	0x140261740	0x1402617a2	0x1405435b0
0x140261842	0x140261866	0x1405435e4	1	4	0x140261740	0x1402617a2	0x1405435b0
0x140261870	0x14026189e	0x140545b9c	1	0			
0x14026189e	0x1402618e7	0x1405435f4	1	4	0x140261870	0x14026189e	0x140545b9c
0x1402618e7	0x1402618ed	0x140543608	1	4	0x140261870	0x14026189e	0x140545b9c
0x1402618f0	0x140261af4	0x14053c418	1	0			
0x140261b00	0x140261d10	0x14053c418	1	0			
0x140261d10	0x140261f14	0x14053c418	1	0			
0x140261f20	0x140262134	0x14053c418	1	0			
0x140262140	0x140262340	0x14053c418	1	0			
0x140262340	0x140262554	0x14053c418	1	0			
0x140262560	0x14026257a	0x140543618	1	0			
0x14026257a	0x140262c12	0x140543624	1	4	0x140262560	0x14026257a	0x140543618
0x140262c12	0x140262c48	0x140543640	1	4	0x140262560	0x14026257a	0x140543618
0x140262d30	0x140262d53	0x14053c418	1	0			
0x140262d60	0x140262d83	0x14053c418	1	0			
0x140262dd0	0x140262e5a	0x140543688	1	2			
0x140262e70	0x140262ecb	0x1405463d4	1	0			
0x140262ed0	0x140263022	0x140543710	1	3			
0x140263030	0x140263063	0x14053dc0c	1	0			
0x140263063	0x1402632de	0x1405437d0	1	4	0x140263030	0x140263063	0x14053dc0c
0x1402632de	0x140263309	0x1405437ec	1	4	0x140263030	0x140263063	0x14053dc0c
0x140263310	0x140263a38	0x1405436e8	1	3			
0x140263a40	0x140263af6	0x14054854c	1	0			
0x140263b00	0x140263b17	0x140545b9c	1	0			
0x140263b17	0x140263b7e	0x140543758	1	4	0x140263b00	0x140263b17	0x140545b9c
0x140263b7e	0x140263bdb	0x140543770	1	4	0x140263b00	0x140263b17	0x140545b9c
0x140263bdb	0x140263bfa	0x140543770	1	4	0x140263b00	0x140263b17	0x140545b9c
0x140263bfa	0x140263c10	0x140543770	1	4	0x140263b00	0x140263b17	0x140545b9c
0x140263c10	0x140263c29	0x140543770	1	4	0x140263b00	0x140263b17	0x140545b9c
0x140263c29	0x140263c32	0x140543770	1	4	0x140263b00	0x140263b17	0x140545b9c
0x140263c32	0x140263c37	0x140543788	1	4	0x140263b00	0x140263b17	0x140545b9c
0x140263c37	0x140263c3d	0x14054379c	1	4	0x140263b00	0x140263b17	0x140545b9c
0x140263c40	0x140263cb3	0x14053c418	1	0			
0x140263cf0	0x140263d74	0x14053c418	1	0			
0x140263d74	0x140263db8	0x1405437ac	1	4	0x140263cf0	0x140263d74	0x14053c418
0x140263db8	0x140263dbe	0x1405437c0	1	4	0x140263cf0	0x140263d74	0x14053c418
0x140263dc0	0x140263e8c	0x140543a84	1	2			
0x140263e90	0x14026407b	0x1405437fc	1	2			
0x140264080	0x140264140	0x140543878	1	3			
0x140264170	0x1402641a4	0x1405463d4	1	0			
0x1402641b0	0x140264297	0x14052d9ec	1	3			
0x1402642a0	0x1402643a3	0x14052d9ec	1	3			
0x1402643b0	0x1402643fe	0x140528944	1	3			
0x1402643fe	0x140264458	0x140543a3c	1	4	0x1402643b0	0x1402643fe	0x140528944
0x140264458	0x14026447a	0x140543a50	1	4	0x1402643b0	0x1402643fe	0x140528944
0x14026447a	0x140264557	0x140543a60	1	4	0x140264458	0x14026447a	0x140543a50
0x140264557	0x1402645ff	0x140543a74	1	4	0x140264458	0x14026447a	0x140543a50
0x140264600	0x14026463b	0x140545b9c	1	0			
0x14026463b	0x140264695	0x140543a18	1	4	0x140264600	0x14026463b	0x140545b9c
0x140264695	0x1402646f1	0x140543a2c	1	4	0x140264600	0x14026463b	0x140545b9c
0x140264700	0x14026497e	0x1405439c4	1	0			
0x140264980	0x140264a3b	0x140545b9c	1	0			
0x140264a40	0x140264c9a	0x140543890	1	3			
0x140264ca0	0x140264cc9	0x140545b9c	1	0			
0x140264cc9	0x140264d23	0x1405439d0	1	4	0x140264ca0	0x140264cc9	0x140545b9c
0x140264d23	0x140264d34	0x1405439e4	1	4	0x140264ca0	0x140264cc9	0x140545b9c
0x140264d40	0x140264db2	0x1405438e0	1	3			
0x140264db2	0x140264f5a	0x1405438f8	1	4	0x140264d40	0x140264db2	0x1405438e0
0x140264f5a	0x140264f7d	0x140543914	1	4	0x140264d40	0x140264db2	0x1405438e0
0x140264f7d	0x140264fd8	0x140543928	1	4	0x140264d40	0x140264db2	0x1405438e0
0x140264fe0	0x14026503b	0x1405463d4	1	0			
0x140265040	0x140265276	0x140541f70	1	3			
0x140265280	0x140265349	0x14053c418	1	0			
0x140265350	0x1402653fb	0x14053c418	1	0			
0x140265400	0x140265452	0x140543938	1	0			
0x140265452	0x1402654d8	0x140543940	1	4	0x140265400	0x140265452	0x140543938
0x1402654d8	0x140265520	0x140543954	1	4	0x140265400	0x140265452	0x140543938
0x140265520	0x14026570e	0x140533eac	1	0			
0x140265710	0x140265963	0x1405444e8	1	0			
0x140265970	0x1402659b4	0x140543964	1	0			
0x1402659b4	0x1402659c7	0x140543970	1	4	0x140265970	0x1402659b4	0x140543964
0x1402659c7	0x140265c11	0x140543988	1	4	0x1402659b4	0x1402659c7	0x140543970
0x140265c11	0x140265c97	0x1405439a4	1	4	0x1402659b4	0x1402659c7	0x140543970
0x140265c97	0x140265cec	0x1405439b4	1	4	0x140265970	0x1402659b4	0x140543964
0x140265d20	0x140265db8	0x14053c418	1	0			
0x140265dc0	0x140265dfc	0x14052d9ec	1	3			
0x140265dfc	0x140265e55	0x1405439f4	1	4	0x140265dc0	0x140265dfc	0x14052d9ec
0x140265e55	0x140265f0d	0x140543a08	1	4	0x140265dc0	0x140265dfc	0x14052d9ec
0x140265f10	0x140265f5e	0x140545b9c	1	0			
0x140265f60	0x140265fae	0x140545b9c	1	0			
0x140265fb0	0x140265ffe	0x140545b9c	1	0			
0x140266000	0x140266051	0x140538250	1	0			
0x140266060	0x1402660ae	0x140545b9c	1	0			
0x1402660b0	0x1402661b4	0x14053c418	1	0			
0x1402661c0	0x1402663a5	0x14052d9ec	1	3			
0x1402663b0	0x1402663f1	0x1405463d4	1	0			
0x140266400	0x140266475	0x140543ab8	1	2			
0x1402664a0	0x140266522	0x1405463d4	1	0			
0x140266530	0x1402665a2	0x14053c418	1	0			
0x1402665a2	0x14026664e	0x140543c4c	1	4	0x140266530	0x1402665a2	0x14053c418
0x14026664e	0x1402666b4	0x140543c68	1	4	0x140266530	0x1402665a2	0x14053c418
0x1402666b4	0x1402667b7	0x140543c80	1	4	0x140266530	0x1402665a2	0x14053c418
0x1402667c0	0x140266b57	0x140532364	1	3			
0x140266b60	0x140266c5a	0x140543ae8	1	3			
0x140266c60	0x140266cc6	0x140543b30	1	3			
0x140266cc6	0x140266cca	0x140543b48	1	4	0x140266c60	0x140266cc6	0x140543b30
0x140266cca	0x140266d53	0x140543b5c	1	4	0x140266cc6	0x140266cca	0x140543b48
0x140266d53	0x140266d8b	0x140543b74	1	4	0x140266cc6	0x140266cca	0x140543b48
0x140266d8b	0x140266e5f	0x140543b88	1	4	0x140266cc6	0x140266cca	0x140543b48
0x140266e5f	0x140266e7b	0x140543b98	1	4	0x140266c60	0x140266cc6	0x140543b30
0x140266e80	0x140266f01	0x140528cd4	1	3			
0x140266f10	0x140267040	0x140543ba8	1	3			
0x140267040	0x14026725b	0x140543bb8	1	3			
0x1402672f0	0x1402673fb	0x140543c90	1	0			
0x1402673fb	0x14026749e	0x140543c9c	1	4	0x1402672f0	0x1402673fb	0x140543c90
0x14026749e	0x1402674ad	0x140543cb8	1	4	0x1402672f0	0x1402673fb	0x140543c90
0x1402674b0	0x1402674b6	0x140545b9c	1	0			
0x1402674b6	0x140267545	0x140543bf8	1	4	0x1402674b0	0x1402674b6	0x140545b9c
0x140267545	0x1402675f0	0x140543c10	1	4	0x1402674b6	0x140267545	0x140543bf8
0x1402675f0	0x140267606	0x140543c2c	1	4	0x1402674b6	0x140267545	0x140543bf8
0x140267606	0x140267634	0x140543c3c	1	4	0x1402674b0	0x1402674b6	0x140545b9c
0x140267640	0x1402677cf	0x140530688	1	0			
0x1402677d0	0x14026781b	0x14053c418	1	0			
0x140267860	0x1402678b9	0x14054854c	1	0			
0x1402678c0	0x14026798c	0x140543ee0	1	2			
0x140267990	0x140267b71	0x140543cc8	1	2			
0x140267b80	0x140267c23	0x140543d30	1	3			
0x140267c60	0x140267c94	0x1405463d4	1	0			
0x140267ca0	0x140267da5	0x140543e7c	1	0			
0x140267db0	0x140267e8b	0x140543e8c	1	0			
0x140267e90	0x140268027	0x140530260	1	3			
0x140268030	0x1402680d8	0x14053c418	1	0			
0x1402680e0	0x140268149	0x14053c418	1	0			
0x140268150	0x1402681c7	0x14053c418	1	0			
0x1402681d0	0x140268477	0x140543d70	1	3			
0x140268480	0x1402684c2	0x140543dc0	1	0			
0x1402684c2	0x14026861e	0x140543dd0	1	4	0x140268480	0x1402684c2	0x140543dc0
0x14026861e	0x14026863e	0x140543df0	1	4	0x140268480	0x1402684c2	0x140543dc0
0x14026863e	0x1402686aa	0x140543e08	1	4	0x140268480	0x1402684c2	0x140543dc0
0x1402686aa	0x1402686bc	0x140543e1c	1	4	0x140268480	0x1402684c2	0x140543dc0
0x1402686c0	0x14026871b	0x1405463d4	1	0			
0x140268720	0x140268a33	0x140543d48	1	3			
0x140268a40	0x140268acf	0x140532c6c	1	0			
0x140268ad0	0x140268bda	0x14053c418	1	0			
0x140268c20	0x140268c4e	0x14054fa50	1	0			
0x140268c50	0x140268c6a	0x140543e2c	1	0			
0x140268c6a	0x140268c7e	0x140543e34	1	4	0x140268c50	0x140268c6a	0x140543e2c
0x140268c7e	0x140268cf9	0x140543e48	1	4	0x140268c6a	0x140268c7e	0x140543e34
0x140268cf9	0x140268d50	0x140543e5c	1	4	0x140268c6a	0x140268c7e	0x140543e34
0x140268d50	0x140268d56	0x140543e6c	1	4	0x140268c50	0x140268c6a	0x140543e2c
0x140268d60	0x140268f0f	0x1405235c4	1	0			
0x140268f10	0x140269027	0x140545b9c	1	0			
0x140269030	0x1402691b1	0x140543ec8	1	0			
0x1402691c0	0x14026928a	0x140543e9c	1	3			
0x140269290	0x1402693ab	0x140543eb0	1	0			
0x1402693b0	0x1402694e5	0x14053c418	1	0			
0x1402694f0	0x14026961f	0x140545b9c	1	0			
0x140269620	0x140269691	0x14054e970	1	0			
0x140269700	0x14026975c	0x14053c418	1	0			
0x140269760	0x14026981d	0x140545b9c	1	0			
0x140269820	0x1402698b9	0x140530260	1	3			
0x1402698c0	0x14026993c	0x1405463d4	1	0			
0x140269940	0x140269996	0x140545b9c	1	0			
0x1402699c0	0x140269ab2	0x14054e970	1	0			
0x140269ac0	0x140269b98	0x140543f48	1	2			
0x140269ba0	0x140269bd2	0x140543f18	1	2			
0x140269be0	0x140269c5d	0x140543f78	1	3			
0x140269c60	0x140269c82	0x14053c418	1	0			
0x140269cb0	0x140269ce4	0x1405463d4	1	0			
0x140269cf0	0x140269eb7	0x140543fa8	1	3			
0x140269ec0	0x140269f10	0x14054854c	1	0			
0x140269f10	0x14026a01c	0x140543f90	1	3			
0x14026a020	0x14026a177	0x140545fec	1	0			
0x14026a180	0x14026a2dc	0x14054854c	1	0			
0x14026a2e0	0x14026a3fd	0x140530688	1	0			
0x14026a400	0x14026a519	0x140528cd4	1	3			
0x14026a520	0x14026a581	0x14053c418	1	0			
0x14026a590	0x14026aba8	0x140544020	1	0			
0x14026abb0	0x14026ad59	0x140544000	1	0			
0x14026ad90	0x14026ade4	0x1405463d4	1	0			
0x14026adf0	0x14026ae47	0x14054854c	1	0			
0x14026ae50	0x14026afa1	0x14054404c	1	2			
0x14026afb0	0x14026b01d	0x14053c418	1	0			
0x14026b050	0x14026b084	0x1405463d4	1	0			
0x14026b090	0x14026b104	0x14054854c	1	0			
0x14026b110	0x14026b3c6	0x1405440a0	1	3			
0x14026b3d0	0x14026b5b4	0x140544108	1	3			
0x14026b5c0	0x14026b61d	0x140544120	1	3			
0x14026b61d	0x14026b6c4	0x14054413c	1	4	0x14026b5c0	0x14026b61d	0x140544120
0x14026b6c4	0x14026b7ad	0x140544150	1	4	0x14026b5c0	0x14026b61d	0x140544120
0x14026b7b0	0x14026b7da	0x14053c418	1	0			
0x14026b7e0	0x14026b921	0x140522f1c	1	3			
0x14026b930	0x14026b9ae	0x140523670	1	3			
0x14026b9b0	0x14026bb08	0x14054854c	1	0			
0x14026bb10	0x14026bb96	0x14053c418	1	0			
0x14026bba0	0x14026bbe8	0x14053c418	1	0			
0x14026bc10	0x14026bc69	0x14054854c	1	0			
0x14026bca0	0x14026bd15	0x140544160	1	2			
0x14026bd40	0x14026bdc2	0x1405463d4	1	0			
0x14026bdd0	0x14026bf2c	0x1405441b8	1	3			
0x14026bf50	0x14026c01d	0x1405441a0	1	3			
0x14026c020	0x14026c15c	0x140545fec	1	0			
0x14026c200	0x14026c31e	0x140526458	1	0			
0x14026c320	0x14026c4e2	0x140544244	1	3			
0x14026c4f0	0x14026c549	0x14053c418	1	0			
0x14026c570	0x14026c7df	0x140544208	1	3			
0x14026c7df	0x14026c982	0x140544220	1	4	0x14026c570	0x14026c7df	0x140544208
0x14026c982	0x14026c9a7	0x140544234	1	4	0x14026c570	0x14026c7df	0x140544208
0x14026c9c0	0x14026ca2a	0x140523670	1	3			
0x14026ca40	0x14026ca8d	0x1405463d4	1	0			
0x14026ca90	0x14026cc09	0x140544288	1	3			
0x14026cc10	0x14026d1e8	0x14054425c	1	3			
0x14026d1f0	0x14026d214	0x14053e570	1	0			
0x14026d214	0x14026d2d9	0x1405442d8	1	4	0x14026d1f0	0x14026d214	0x14053e570
0x14026d2d9	0x14026d31d	0x1405442ec	1	4	0x14026d1f0	0x14026d214	0x14053e570
0x14026d31d	0x14026d323	0x140544300	1	4	0x14026d1f0	0x14026d214	0x14053e570
0x14026d330	0x14026d378	0x14053c418	1	0			
0x14026d380	0x14026d44c	0x1405444fc	1	2			
0x14026d450	0x14026d54a	0x140544310	1	2			
0x14026d550	0x14026d5ff	0x140544390	1	3			
0x14026d630	0x14026d664	0x1405463d4	1	0			
0x14026d670	0x14026d983	0x1405443c8	1	3			
0x14026d9e0	0x14026da09	0x140528d7c	1	0			
0x14026da09	0x14026da53	0x140544438	1	4	0x14026d9e0	0x14026da09	0x140528d7c
0x14026da53	0x14026da59	0x14054444c	1	4	0x14026d9e0	0x14026da09	0x140528d7c
0x14026da60	0x14026dc19	0x1405443a8	1	3			
0x14026dc20	0x14026de1d	0x1405444b4	1	0			
0x14026de1d	0x14026de94	0x1405444c4	1	4	0x14026dc20	0x14026de1d	0x1405444b4
0x14026de94	0x14026e028	0x1405444d8	1	4	0x14026dc20	0x14026de1d	0x1405444b4
0x14026e030	0x14026e089	0x140545b9c	1	0			
0x14026e090	0x14026e108	0x1405463d4	1	0			
0x14026e110	0x14026e2b7	0x1405444e8	1	0			
0x14026e2c0	0x14026e35c	0x14053c418	1	0			
0x14026e360	0x14026e3cf	0x140545b9c	1	0			
0x14026e3f0	0x14026e4d1	0x1405255c0	1	0			
0x14026e500	0x14026e564	0x14053c418	1	0			
0x14026e564	0x14026e58f	0x14054445c	1	4	0x14026e500	0x14026e564	0x14053c418
0x14026e58f	0x14026e595	0x140544470	1	4	0x14026e500	0x14026e564	0x14053c418
0x14026e5a0	0x14026e785	0x140544480	1	0			
0x14026e790	0x14026e80b	0x14053c418	1	0			
0x14026e810	0x14026e908	0x140533464	1	3			
0x14026e910	0x14026ead6	0x14053e794	1	3			
0x14026ead6	0x14026eb63	0x14054448c	1	4	0x14026e910	0x14026ead6	0x14053e794
0x14026eb63	0x14026eb76	0x1405444a4	1	4	0x14026e910	0x14026ead6	0x14053e794
0x14026eb80	0x14026ec9f	0x140544530	1	2			
0x14026eca0	0x14026ed0d	0x14053c418	1	0			
0x14026ed40	0x14026ed74	0x1405463d4	1	0			
0x14026ed80	0x14026eebf	0x140523f4c	1	3			
0x14026eec0	0x14026f464	0x140544594	1	3			
0x14026f470	0x14026f63c	0x140544668	1	3			
0x14026f640	0x14026f66a	0x14053c418	1	0			
0x14026f670	0x14026f95c	0x140544570	1	3			
0x14026f960	0x14026fa1b	0x140544608	1	3			
0x14026fa1b	0x14026fa4c	0x140544618	1	4	0x14026f960	0x14026fa1b	0x140544608
0x14026fa4c	0x14026fb56	0x14054462c	1	4	0x14026fa1b	0x14026fa4c	0x140544618
0x14026fb56	0x14026fbae	0x140544648	1	4	0x14026fa1b	0x14026fa4c	0x140544618
0x14026fbae	0x14026fbd3	0x140544658	1	4	0x14026f960	0x14026fa1b	0x140544608
0x14026fc20	0x14026fcec	0x1405448b0	1	2			
0x14026fcf0	0x14026fdbc	0x140544878	1	2			
0x14026fdc0	0x14026fe23	0x1405447b4	1	2			
0x14026fe30	0x14026ff0b	0x140544684	1	2			
0x14026ff10	0x14026ffa5	0x1405446f8	1	3			
0x14026fff0	0x140270064	0x1405463d4	1	0			
0x140270070	0x1402700a4	0x1405463d4	1	0			
0x1402700f0	0x140270427	0x14054480c	1	3			
0x140270430	0x14027060b	0x140544710	1	3			
0x140270610	0x1402708fc	0x140544760	1	0			
0x140270900	0x14027098b	0x1405463d4	1	0			
0x140270990	0x140270d23	0x1405447e8	1	3			
0x140270d30	0x1402710bd	0x1405447e8	1	3			
0x1402710c0	0x14027112c	0x14053c418	1	0			
0x140271130	0x1402711d5	0x1405255c0	1	0			
0x1402711e0	0x1402712c5	0x14053c418	1	0			
0x1402712d0	0x140271421	0x14054477c	1	3			
0x140271421	0x1402715a7	0x140544790	1	4	0x1402712d0	0x140271421	0x14054477c
0x1402715a7	0x1402715c5	0x1405447a4	1	4	0x1402712d0	0x140271421	0x14054477c
0x1402715d0	0x14027162a	0x14053c418	1	0			
0x140271630	0x140271662	0x14053c418	1	0			
0x1402716a0	0x1402716e0	0x14053c418	1	0			
0x1402716e0	0x140271720	0x14053c418	1	0			
0x140271770	0x1402717e5	0x1405448e8	1	2			
0x140271810	0x140271892	0x1405463d4	1	0			
0x1402718a0	0x14027190b	0x14053c418	1	0			
0x140271a40	0x140271b40	0x140544918	1	3			
0x140271b40	0x140271bc1	0x140528cd4	1	3			
0x140271bd0	0x140271e8a	0x1405449b4	1	3			
0x140271e90	0x140271ec9	0x140544960	1	0			
0x140271ec9	0x14027203f	0x14054496c	1	4	0x140271e90	0x140271ec9	0x140544960
0x14027203f	0x140272048	0x140544988	1	4	0x140271e90	0x140271ec9	0x140544960
0x140272120	0x14027222b	0x140530688	1	0			
0x140272230	0x140272280	0x14053c418	1	0			
0x140272290	0x140272475	0x140544998	1	3			
0x140272490	0x1402725db	0x140545fec	1	0			
0x1402725e0	0x140272736	0x1405449e8	1	2			
0x140272740	0x1402727bb	0x14053c418	1	0			
0x1402727e0	0x140272814	0x1405463d4	1	0			
0x140272820	0x140272981	0x140544b7c	1	3			
0x140272990	0x140272a79	0x140545fec	1	0			
0x140272a80	0x140272d72	0x140544a90	1	3			
0x140272d80	0x140272dce	0x140544ae0	1	3			
0x140272dce	0x140272eee	0x140544af4	1	4	0x140272d80	0x140272dce	0x140544ae0
0x140272eee	0x140272f09	0x140544b08	1	4	0x140272d80	0x140272dce	0x140544ae0
0x140272f10	0x140272f34	0x14053c418	1	0			
0x140272f40	0x1402730cf	0x140544a70	1	3			
0x1402730d0	0x140273103	0x140544ba0	1	3			
0x140273103	0x14027312c	0x140544bbc	1	4	0x1402730d0	0x140273103	0x140544ba0
0x14027312c	0x140273286	0x140544bd0	1	4	0x140273103	0x14027312c	0x140544bbc
0x140273286	0x1402733b8	0x140544bf0	1	4	0x140273103	0x14027312c	0x140544bbc
0x1402733b8	0x14027347e	0x140544c00	1	4	0x1402730d0	0x140273103	0x140544ba0
0x140273480	0x1402734f1	0x14053c418	1	0			
0x140273500	0x14027369e	0x140526458	1	0			
0x1402736a0	0x14027378b	0x14054854c	1	0			
0x140273790	0x14027382e	0x140526458	1	0			
0x140273830	0x1402738e7	0x140535960	1	3			
0x1402738f0	0x14027396a	0x1405463d4	1	0			
0x140273970	0x1402739d0	0x14053c418	1	0			
0x1402739d0	0x140273d57	0x140544b38	1	3			
0x140273d60	0x140273e88	0x14053af04	1	3			
0x140273e90	0x140273f0b	0x14053c418	1	0			
0x140273f30	0x14027430b	0x14053bc14	1	3			
0x140274320	0x140274485	0x14053c418	1	0			
0x140274490	0x140274619	0x140544b18	1	0			
0x140274620	0x14027471b	0x140535960	1	3			
0x140274730	0x1402748aa	0x140545fec	1	0			
0x1402748b0	0x140274a8d	0x14054854c	1	0			
0x140274ab0	0x140274b7c	0x140544e84	1	2			
0x140274b80	0x140274c18	0x140544d38	1	2			
0x140274c20	0x140274cc9	0x140544c10	1	2			
0x140274cd0	0x140274ceb	0x14053c418	1	0			
0x140274cf0	0x140274d6d	0x140544d68	1	3			
0x140274d70	0x140274dfb	0x140544c60	1	3			
0x140274e50	0x140274e84	0x1405463d4	1	0			
0x140274e90	0x140274ec4	0x1405463d4	1	0			
0x140274ed0	0x1402750fd	0x140544d80	1	3			
0x140275100	0x14027515f	0x140544c78	1	3			
0x14027515f	0x14027533a	0x140544c90	1	4	0x140275100	0x14027515f	0x140544c78
0x14027533a	0x1402754d0	0x140544ca8	1	4	0x14027515f	0x14027533a	0x140544c90
0x1402754d0	0x1402757eb	0x140544cbc	1	4	0x14027515f	0x14027533a	0x140544c90
0x1402757eb	0x14027580b	0x140544ccc	1	4	0x140275100	0x14027515f	0x140544c78
0x140275810	0x140275a06	0x140544cdc	1	3			
0x140275a10	0x140275bb4	0x140544dd0	1	0			
0x140275bc0	0x140275bef	0x14053c418	1	0			
0x140275bf0	0x140275c6b	0x1405463d4	1	0			
0x140275c70	0x140275ff0	0x1405447e8	1	3			
0x140275ff0	0x140276087	0x1405463d4	1	0			
0x140276090	0x14027612d	0x14053c418	1	0			
0x140276130	0x140276183	0x14053c418	1	0			
0x140276190	0x14027655a	0x140544cf8	1	0			
0x140276560	0x140276658	0x14053c7e4	1	0			
0x140276658	0x1402766b1	0x140544d14	1	4	0x140276560	0x140276658	0x14053c7e4
0x1402766b1	0x140276738	0x140544d28	1	4	0x140276560	0x140276658	0x14053c7e4
0x140276740	0x14027677a	0x1405463d4	1	0			
0x140276780	0x14027689a	0x140544e18	1	3			
0x1402768a0	0x1402768ae	0x14053c418	1	0			
0x1402768ae	0x14027692d	0x140544e60	1	4	0x1402768a0	0x1402768ae	0x14053c418
0x14027692d	0x140276945	0x140544e74	1	4	0x1402768a0	0x1402768ae	0x14053c418
0x140276950	0x140276a8a	0x140544e04	1	3			
0x140276a90	0x140276c88	0x140544ddc	1	3			
0x140276c90	0x140276d06	0x1405463d4	1	0			
0x140276d10	0x140276dd9	0x140544fdc	1	2			
0x140276de0	0x140276e7f	0x140544eb8	1	2			
0x140276e80	0x140276f10	0x140544f18	1	3			
0x140276f20	0x140276f54	0x1405463d4	1	0			
0x140276f60	0x140277488	0x140544f4c	1	3			
0x140277490	0x1402774e5	0x1405463d4	1	0			
0x1402774f0	0x140277659	0x140544f30	1	3			
0x140277660	0x1402776f6	0x1405463d4	1	0			
0x140277700	0x14027781a	0x140544f6c	1	3			
0x140277820	0x14027782e	0x14053c418	1	0			
0x14027782e	0x1402778aa	0x140544fb8	1	4	0x140277820	0x14027782e	0x14053c418
0x1402778aa	0x1402778bf	0x140544fcc	1	4	0x140277820	0x14027782e	0x14053c418
0x1402778e0	0x140277995	0x140545010	1	2			
0x1402779a0	0x1402779ca	0x14053c418	1	0			
0x1402779d0	0x140277a1b	0x1405463d4	1	0			
0x140277a70	0x140277abb	0x140538250	1	0			
0x140277ac0	0x140277cd4	0x140526458	1	0			
0x140277ce0	0x140277ff0	0x1405463d4	1	0			
0x140277ff0	0x140278090	0x14053c418	1	0			
0x1402780a0	0x140278284	0x14053c418	1	0			
0x140278290	0x140278654	0x14052a03c	1	0			
0x140278660	0x140278814	0x1405463d4	1	0			
0x140278820	0x140278cf8	0x140529a88	1	0			
0x140278d00	0x140278ff4	0x1405463d4	1	0			
0x140279000	0x1402792bc	0x14054854c	1	0			
0x1402792c0	0x1402795a4	0x1405463d4	1	0			
0x1402795b0	0x14027989c	0x1405463d4	1	0			
0x1402798a0	0x140279ad0	0x14053c418	1	0			
0x140279ad0	0x140279d08	0x14053c418	1	0			
0x140279d30	0x140279e60	0x140538250	1	0			
0x140279e60	0x140279ff0	0x140545b9c	1	0			
0x140279ff0	0x14027a065	0x1405247cc	1	0			
0x14027a320	0x14027a347	0x140545b9c	1	0			
0x14027a347	0x14027a35a	0x140545058	1	4	0x14027a320	0x14027a347	0x140545b9c
0x14027a35a	0x14027a3ac	0x140545070	1	4	0x14027a347	0x14027a35a	0x140545058
0x14027a3ac	0x14027a409	0x140545084	1	4	0x14027a347	0x14027a35a	0x140545058
0x14027a409	0x14027a438	0x140545094	1	4	0x14027a320	0x14027a347	0x140545b9c
0x14027a440	0x14027a5c3	0x1405450a4	1	0			
0x14027a630	0x14027a759	0x14052d9ec	1	3			
0x14027a7c0	0x14027aa87	0x1405255c0	1	0			
0x14027aa90	0x14027abc7	0x140545b9c	1	0			
0x14027abd0	0x14027ac50	0x1405450b4	1	2			
0x14027ac50	0x14027acc4	0x14054518c	1	3			
0x14027acd0	0x14027add6	0x1405450e0	1	3			
0x14027ade0	0x14027aecc	0x140545fec	1	0			
0x14027aed0	0x14027b0ca	0x1405468a0	1	0			
0x14027b0d0	0x14027b10a	0x140545b9c	1	0			
0x14027b10a	0x14027b116	0x140545128	1	4	0x14027b0d0	0x14027b10a	0x140545b9c
0x14027b116	0x14027b1a3	0x14054513c	1	4	0x14027b10a	0x14027b116	0x140545128
0x14027b1a3	0x14027b1e0	0x140545154	1	4	0x14027b10a	0x14027b116	0x140545128
0x14027b1e0	0x14027b319	0x140545168	1	4	0x14027b0d0	0x14027b10a	0x140545b9c
0x14027b319	0x14027b337	0x14054517c	1	4	0x14027b0d0	0x14027b10a	0x140545b9c
0x14027b340	0x14027b39d	0x14053c418	1	0			
0x14027b3a0	0x14027b43f	0x1405451b8	1	2			
0x14027b440	0x14027b4ad	0x1405451f8	1	3			
0x14027b4b0	0x14027b4e4	0x1405463d4	1	0			
0x14027b520	0x14027b5ed	0x14053c418	1	0			
0x14027b630	0x14027b7c1	0x14054561c	1	3			
0x14027b7d0	0x14027bcbd	0x14054528c	1	0			
0x14027bcbd	0x14027bd38	0x1405452a0	1	4	0x14027b7d0	0x14027bcbd	0x14054528c
0x14027bd38	0x14027bec8	0x1405452b4	1	4	0x14027b7d0	0x14027bcbd	0x14054528c
0x14027bed0	0x14027bf20	0x14054854c	1	0			
0x14027bf30	0x14027bf9f	0x14052271c	1	3			
0x14027bfa0	0x14027c00f	0x14052271c	1	3			
0x14027c020	0x14027c09e	0x14053c418	1	0			
0x14027c0f0	0x14027c156	0x14053c418	1	0			
0x14027c160	0x14027c182	0x140545558	1	0			
0x14027c182	0x14027c194	0x140545560	1	4	0x14027c160	0x14027c182	0x140545558
0x14027c194	0x14027c198	0x140545580	1	4	0x14027c182	0x14027c194	0x140545560
0x14027c198	0x14027c2f0	0x140545594	1	4	0x14027c194	0x14027c198	0x140545580
0x14027c2f0	0x14027c314	0x1405455b8	1	4	0x14027c194	0x14027c198	0x140545580
0x14027c314	0x14027c539	0x1405455d8	1	4	0x14027c182	0x14027c194	0x140545560
0x14027c539	0x14027c56e	0x1405455f8	1	4	0x14027c160	0x14027c182	0x140545558
0x14027c56e	0x14027c578	0x14054560c	1	4	0x14027c160	0x14027c182	0x140545558
0x14027c580	0x14027c658	0x140545358	1	0			
0x14027c658	0x14027c660	0x140545364	1	4	0x14027c580	0x14027c658	0x140545358
0x14027c660	0x14027c762	0x140545378	1	4	0x14027c658	0x14027c660	0x140545364
0x14027c762	0x14027c772	0x140545398	1	4	0x14027c660	0x14027c762	0x140545378
0x14027c772	0x14027c844	0x1405453b0	1	4	0x14027c762	0x14027c772	0x140545398
0x14027c844	0x14027c8df	0x1405453c4	1	4	0x14027c772	0x14027c844	0x1405453b0
0x14027c8df	0x14027c93c	0x1405453d8	1	4	0x14027c772	0x14027c844	0x1405453b0
0x14027c93c	0x14027d29f	0x1405453e8	1	4	0x14027c762	0x14027c772	0x140545398
0x14027d29f	0x14027d3c0	0x1405453f8	1	4	0x14027c658	0x14027c660	0x140545364
0x14027d3c0	0x14027d3ec	0x140545418	1	4	0x14027c580	0x14027c658	0x140545358
0x14027d3f0	0x14027d4a2	0x1405452c4	1	0			
0x14027d4a2	0x14027d693	0x1405452d0	1	4	0x14027d3f0	0x14027d4a2	0x1405452c4
0x14027d693	0x14027d881	0x1405452f4	1	4	0x14027d4a2	0x14027d693	0x1405452d0
0x14027d881	0x14027db55	0x140545314	1	4	0x14027d693	0x14027d881	0x1405452f4
0x14027db55	0x14027db9f	0x140545328	1	4	0x14027d693	0x14027d881	0x1405452f4
0x14027db9f	0x14027de9d	0x140545338	1	4	0x14027d3f0	0x14027d4a2	0x1405452c4
0x14027dea0	0x14027deb6	0x140545210	1	0			
0x14027deb6	0x14027e015	0x14054521c	1	4	0x14027dea0	0x14027deb6	0x140545210
0x14027e015	0x14027e370	0x140545254	1	4	0x14027deb6	0x14027e015	0x14054521c
0x14027e370	0x14027e591	0x14054526c	1	4	0x14027deb6	0x14027e015	0x14054521c
0x14027e591	0x14027e5b6	0x14054527c	1	4	0x14027dea0	0x14027deb6	0x140545210
0x14027e5c0	0x14027e605	0x140545474	1	0			
0x14027e605	0x14027e625	0x140545480	1	4	0x14027e5c0	0x14027e605	0x140545474
0x14027e625	0x14027e763	0x1405454a0	1	4	0x14027e605	0x14027e625	0x140545480
0x14027e763	0x14027e7e0	0x1405454c0	1	4	0x14027e605	0x14027e625	0x140545480
0x14027e7e0	0x14027e8a4	0x1405454d0	1	4	0x14027e5c0	0x14027e605	0x140545474
0x14027e8a4	0x14027e8e1	0x1405454e8	1	4	0x14027e5c0	0x14027e605	0x140545474
0x14027e8f0	0x14027eb73	0x14054051c	1	0			
0x14027eb73	0x14027eb7d	0x140545428	1	4	0x14027e8f0	0x14027eb73	0x14054051c
0x14027eb7d	0x14027ec4e	0x140545440	1	4	0x14027eb73	0x14027eb7d	0x140545428
0x14027ec4e	0x14027ecd2	0x140545454	1	4	0x14027eb73	0x14027eb7d	0x140545428
0x14027ecd2	0x14027eeb4	0x140545464	1	4	0x14027e8f0	0x14027eb73	0x14054051c
0x14027eec0	0x14027eee4	0x1405477fc	1	0			
0x14027eee4	0x14027eef5	0x1405454fc	1	4	0x14027eec0	0x14027eee4	0x1405477fc
0x14027eef5	0x14027f15f	0x140545510	1	4	0x14027eee4	0x14027eef5	0x1405454fc
0x14027f15f	0x14027f194	0x140545538	1	4	0x14027eee4	0x14027eef5	0x1405454fc
0x14027f194	0x14027f19a	0x140545548	1	4	0x14027eec0	0x14027eee4	0x1405477fc
0x14027f1f0	0x14027f381	0x14053c418	1	0			
0x14027f390	0x14027f3e5	0x1405463d4	1	0			
0x14027f3f0	0x14027f585	0x140545670	1	3			
0x14027f590	0x14027f609	0x14054f8f4	1	0			
0x14027f610	0x14027f64b	0x14053c418	1	0			
0x14027f650	0x14027f7d1	0x1405463d4	1	0			
0x14027f7e0	0x14027ffd8	0x1405456d0	1	3			
0x14027fff0	0x140280070	0x140545708	1	2			
0x140280070	0x1402800dd	0x140545738	1	3			
0x1402800e0	0x140280114	0x1405463d4	1	0			
0x140280270	0x140280443	0x140545750	1	3			
0x140280450	0x140280569	0x140539604	1	0			
0x140280569	0x14028099a	0x140545850	1	4	0x140280450	0x140280569	0x140539604
0x1402809a0	0x140280a2f	0x140526458	1	0			
0x140280aa0	0x140280aac	0x1405457e0	1	0			
0x140280aac	0x140280b35	0x1405457ec	1	4	0x140280aa0	0x140280aac	0x1405457e0
0x140280b35	0x1402810e5	0x140545800	1	4	0x140280aac	0x140280b35	0x1405457ec
0x1402810e5	0x1402810fa	0x140545830	1	4	0x140280aac	0x140280b35	0x1405457ec
0x1402810fa	0x140281113	0x140545840	1	4	0x140280aa0	0x140280aac	0x1405457e0
0x140281120	0x1402811ab	0x1405463d4	1	0			
0x1402811b0	0x140281224	0x140545868	1	2			
0x140281230	0x1402812af	0x140545910	1	3			
0x1402812d0	0x140281487	0x1405458a8	1	3			
0x140281490	0x1402814e5	0x1405463d4	1	0			
0x140281500	0x140281797	0x140530494	1	0			
0x1402817c0	0x140281834	0x140545940	1	2			
0x140281840	0x1402818b4	0x140545a74	1	3			
0x1402818c0	0x14028199c	0x140549794	1	0			
0x1402819a0	0x1402819c1	0x140545b9c	1	0			
0x1402819c1	0x140281a10	0x140545a4c	1	4	0x1402819a0	0x1402819c1	0x140545b9c
0x140281a10	0x140281a36	0x140545a64	1	4	0x1402819a0	0x1402819c1	0x140545b9c
0x140281a40	0x140281b46	0x140545968	1	3			
0x140281b50	0x140281ba0	0x14054854c	1	0			
0x140281ba0	0x140281d19	0x140549794	1	0			
0x140281d20	0x140281d29	0x1405459b0	1	0			
0x140281d29	0x140281d3c	0x1405459bc	1	4	0x140281d20	0x140281d29	0x1405459b0
0x140281d3c	0x140282073	0x1405459d4	1	4	0x140281d29	0x140281d3c	0x1405459bc
0x140282073	0x1402820c5	0x140545a0c	1	4	0x140281d29	0x140281d3c	0x1405459bc
0x1402820c5	0x140282371	0x1405459f0	1	4	0x140281d29	0x140281d3c	0x1405459bc
0x140282371	0x140282430	0x140545a0c	1	4	0x140281d29	0x140281d3c	0x1405459bc
0x140282430	0x140282464	0x140545a24	1	4	0x140281d20	0x140281d29	0x1405459b0
0x140282464	0x1402824c9	0x140545a3c	1	4	0x140281d20	0x140281d29	0x1405459b0
0x1402824d0	0x14028252d	0x14053c418	1	0			
0x140282530	0x1402825c1	0x1405463d4	1	0			
0x1402825d0	0x14028269b	0x140545aa0	1	2			
0x1402826a0	0x140282724	0x140545c70	1	3			
0x140282740	0x1402828be	0x1405468a0	1	0			
0x1402828c0	0x1402829da	0x140545ae0	1	3			
0x1402829e0	0x140282f94	0x140545c58	1	0			
0x140282fa0	0x140282fa6	0x14053c418	1	0			
0x140282fa6	0x140282fc4	0x140545b30	1	4	0x140282fa0	0x140282fa6	0x14053c418
0x140282fc4	0x140283047	0x140545b44	1	4	0x140282fa6	0x140282fc4	0x140545b30
0x140283047	0x14028305f	0x140545b58	1	4	0x140282fa6	0x140282fc4	0x140545b30
0x14028305f	0x140283079	0x140545b68	1	4	0x140282fa0	0x140282fa6	0x14053c418
0x140283080	0x140283098	0x140536ae4	1	0			
0x140283098	0x140283114	0x140545b78	1	4	0x140283080	0x140283098	0x140536ae4
0x140283114	0x14028311f	0x140545b8c	1	4	0x140283080	0x140283098	0x140536ae4
0x140283120	0x1402831c5	0x140526458	1	0			
0x1402831d0	0x1402831fd	0x14054f8f4	1	0			
0x1402831fd	0x140283324	0x140545c30	1	4	0x1402831d0	0x1402831fd	0x14054f8f4
0x140283324	0x140283360	0x140545c48	1	4	0x1402831d0	0x1402831fd	0x14054f8f4
0x140283360	0x1402833a9	0x14054fa50	1	0			
0x1402833b0	0x1402833ed	0x14054e970	1	0			
0x1402833ed	0x14028346a	0x140545bf0	1	4	0x1402833b0	0x1402833ed	0x14054e970
0x14028346a	0x1402834af	0x140545c08	1	4	0x1402833b0	0x1402833ed	0x14054e970
0x1402834af	0x1402834d8	0x140545c08	1	4	0x1402833b0	0x1402833ed	0x14054e970
0x1402834d8	0x1402835a0	0x140545c08	1	4	0x1402833b0	0x1402833ed	0x14054e970
0x1402835a0	0x1402835e3	0x140545c08	1	4	0x1402833b0	0x1402833ed	0x14054e970
0x1402835e3	0x1402837a2	0x140545c08	1	4	0x1402833b0	0x1402833ed	0x14054e970
0x1402837a2	0x1402837cf	0x140545c08	1	4	0x1402833b0	0x1402833ed	0x14054e970
0x1402837cf	0x140283830	0x140545c20	1	4	0x1402833b0	0x1402833ed	0x14054e970
0x140283830	0x140283afc	0x1405245f0	1	0			
0x140283b00	0x140283b2f	0x140545b9c	1	0			
0x140283b2f	0x140283b3b	0x140545ba4	1	4	0x140283b00	0x140283b2f	0x140545b9c
0x140283b3b	0x140283d13	0x140545bb8	1	4	0x140283b2f	0x140283b3b	0x140545ba4
0x140283d13	0x140283d40	0x140545bd0	1	4	0x140283b2f	0x140283b3b	0x140545ba4
0x140283d40	0x140283d51	0x140545be0	1	4	0x140283b00	0x140283b2f	0x140545b9c
0x140283d60	0x140283f00	0x14053bbc0	1	0			
0x140283f00	0x140283f92	0x140545fec	1	0			
0x140283fa0	0x14028401b	0x140545ca0	1	2			
0x140284020	0x140284094	0x140545dd0	1	3			
0x1402840b0	0x1402841e5	0x140549794	1	0			
0x1402841f0	0x140284392	0x140545db8	1	0			
0x1402843a0	0x1402844ba	0x140545cc8	1	3			
0x1402844c0	0x140284542	0x140548264	1	0			
0x140284550	0x1402845e3	0x14054f4a0	1	0			
0x1402845f0	0x140284660	0x14054854c	1	0			
0x140284660	0x140284687	0x14054f8f4	1	0			
0x140284687	0x1402847ae	0x140545d90	1	4	0x140284660	0x140284687	0x14054f8f4
0x1402847ae	0x140284812	0x140545da8	1	4	0x140284660	0x140284687	0x14054f8f4
0x140284820	0x140284869	0x14054fa50	1	0			
0x140284870	0x140284886	0x14054e970	1	0			
0x140284886	0x140284910	0x140545d50	1	4	0x140284870	0x140284886	0x14054e970
0x140284910	0x140284955	0x140545d68	1	4	0x140284870	0x140284886	0x14054e970
0x140284955	0x14028497e	0x140545d68	1	4	0x140284870	0x140284886	0x14054e970
0x14028497e	0x140284a46	0x140545d68	1	4	0x140284870	0x140284886	0x14054e970
0x140284a46	0x140284a89	0x140545d68	1	4	0x140284870	0x140284886	0x14054e970
0x140284a89	0x140284c33	0x140545d68	1	4	0x140284870	0x140284886	0x14054e970
0x140284c33	0x140284c60	0x140545d68	1	4	0x140284870	0x140284886	0x14054e970
0x140284c60	0x140284cc0	0x140545d80	1	4	0x140284870	0x140284886	0x14054e970
0x140284cc0	0x140284d5f	0x14053bbc0	1	0			
0x140284d60	0x140284d91	0x140545b9c	1	0			
0x140284d91	0x140284ddd	0x140545d18	1	4	0x140284d60	0x140284d91	0x140545b9c
0x140284ddd	0x140284e46	0x140545d3c	1	4	0x140284d60	0x140284d91	0x140545b9c
0x140284e46	0x140284e84	0x140545d3c	1	4	0x140284d60	0x140284d91	0x140545b9c
0x140284e84	0x140284e8a	0x140545d2c	1	4	0x140284d60	0x140284d91	0x140545b9c
0x140284e8a	0x140284ed2	0x140545d3c	1	4	0x140284d60	0x140284d91	0x140545b9c
0x140284ed2	0x140284f0a	0x140545d3c	1	4	0x140284d60	0x140284d91	0x140545b9c
0x140284f0a	0x140284f15	0x140545d2c	1	4	0x140284d60	0x140284d91	0x140545b9c
0x140284f20	0x14028503c	0x14053c418	1	0			
0x140285040	0x1402850ba	0x14054fa50	1	0			
0x1402850c0	0x140285128	0x140526458	1	0			
0x140285130	0x1402851c2	0x140545e00	1	2			
0x1402851d0	0x14028523d	0x140545e30	1	3			
0x140285240	0x140285274	0x1405463d4	1	0			
0x140285290	0x1402854e6	0x140545e48	1	3			
0x1402854f0	0x140285637	0x140530494	1	0			
0x140285640	0x1402856ce	0x14054fa50	1	0			
0x1402856d0	0x1402859a7	0x14052eba4	1	0			
0x1402859b0	0x140285a18	0x140526458	1	0			
0x140285a20	0x140285aeb	0x140545ec0	1	2			
0x140285af0	0x140285b6a	0x140545ef8	1	3			
0x140285b70	0x140285ba4	0x1405463d4	1	0			
0x140285bb0	0x140285ce5	0x14054854c	1	0			
0x140285cf0	0x140285d64	0x14054e970	1	0			
0x140285d64	0x140285ecc	0x140546004	1	4	0x140285cf0	0x140285d64	0x14054e970
0x140285ecc	0x140285f8b	0x140546018	1	4	0x140285cf0	0x140285d64	0x14054e970
0x140285f8b	0x14028605d	0x140546018	1	4	0x140285cf0	0x140285d64	0x14054e970
0x14028605d	0x1402860ac	0x140546018	1	4	0x140285cf0	0x140285d64	0x14054e970
0x1402860ac	0x14028612b	0x140546018	1	4	0x140285cf0	0x140285d64	0x14054e970
0x14028612b	0x140286166	0x140546018	1	4	0x140285cf0	0x140285d64	0x14054e970
0x140286166	0x140286191	0x140546018	1	4	0x140285cf0	0x140285d64	0x14054e970
0x140286191	0x1402861b4	0x140546018	1	4	0x140285cf0	0x140285d64	0x14054e970
0x1402861b4	0x14028629b	0x140546018	1	4	0x140285cf0	0x140285d64	0x14054e970
0x14028629b	0x140286318	0x14054602c	1	4	0x140285cf0	0x140285d64	0x14054e970
0x140286330	0x1402863a4	0x14054854c	1	0			
0x1402863b0	0x1402866e7	0x140545f10	1	3			
0x1402866f0	0x1402867af	0x140526458	1	0			
0x1402867b0	0x1402867e5	0x14054f8f4	1	0			
0x1402867f0	0x1402868ef	0x140545fec	1	0			
0x1402868f0	0x14028692c	0x14054fa50	1	0			
0x140286930	0x140286b80	0x14053c418	1	0			
0x140286b80	0x140286d05	0x14054e970	1	0			
0x140286d10	0x140286e78	0x140546068	1	0			
0x140286e80	0x14028714c	0x140545fd0	1	0			
0x140287150	0x1402871ca	0x14054fa50	1	0			
0x1402871d0	0x140287418	0x1405255c0	1	0			
0x140287420	0x140287527	0x14054603c	1	0			
0x140287530	0x140287d2a	0x140546050	1	0			
0x140287d30	0x140287dc2	0x140545fec	1	0			
0x140287dd0	0x140287f1d	0x140546084	1	2			
0x140287f20	0x140287f9a	0x1405460e8	1	3			
0x140287fa0	0x140287fd4	0x1405463d4	1	0			
0x140287ff0	0x14028810a	0x140546100	1	3			
0x140288110	0x1402881e8	0x140526458	1	0			
0x1402881f0	0x14028827e	0x14054d758	1	0			
0x140288280	0x1402888e0	0x1405468a0	1	0			
0x1402888e0	0x14028895a	0x14054fa50	1	0			
0x140288960	0x140288994	0x140533410	1	0			
0x140288994	0x1402889e9	0x140546164	1	4	0x140288960	0x140288994	0x140533410
0x1402889e9	0x140288a02	0x14054617c	1	4	0x140288960	0x140288994	0x140533410
0x140288a02	0x140288d9e	0x14054618c	1	4	0x140288960	0x140288994	0x140533410
0x140288da0	0x140288f77	0x140546150	1	0			
0x140288f80	0x140289365	0x1405461a4	1	0			
0x140289365	0x14028942f	0x1405461b4	1	4	0x140288f80	0x140289365	0x1405461a4
0x14028942f	0x140289538	0x1405461c8	1	4	0x140288f80	0x140289365	0x1405461a4
0x140289540	0x14028984c	0x1405245f0	1	0			
0x140289850	0x1402899da	0x14054e970	1	0			
0x1402899e0	0x140289a05	0x140546250	1	0			
0x140289a05	0x140289bfd	0x14054625c	1	4	0x1402899e0	0x140289a05	0x140546250
0x140289bfd	0x140289c05	0x140546284	1	4	0x1402899e0	0x140289a05	0x140546250
0x140289c10	0x140289de8	0x1405461d8	1	0			
0x140289de8	0x140289e76	0x1405461ec	1	4	0x140289c10	0x140289de8	0x1405461d8
0x140289e76	0x14028a020	0x140546200	1	4	0x140289c10	0x140289de8	0x1405461d8
0x14028a020	0x14028a049	0x140546210	1	0			
0x14028a049	0x14028a279	0x140546220	1	4	0x14028a020	0x14028a049	0x140546210
0x14028a279	0x14028a285	0x140546240	1	4	0x14028a020	0x14028a049	0x140546210
0x14028a290	0x14028a359	0x140545fec	1	0			
0x14028a360	0x14028a4b9	0x140546294	1	2			
0x14028a4c0	0x14028a54c	0x1405462e8	1	3			
0x14028a550	0x14028a584	0x1405463d4	1	0			
0x14028a5a0	0x14028a95e	0x140546300	1	3			
0x14028a960	0x14028aa8a	0x140546428	1	0			
0x14028aa90	0x14028aba3	0x140530494	1	0			
0x14028abb0	0x14028abd4	0x14054e970	1	0			
0x14028abd4	0x14028ac32	0x140546438	1	4	0x14028abb0	0x14028abd4	0x14054e970
0x14028ac32	0x14028ac85	0x14054644c	1	4	0x14028abb0	0x14028abd4	0x14054e970
0x14028ac85	0x14028acb4	0x14054644c	1	4	0x14028abb0	0x14028abd4	0x14054e970
0x14028acb4	0x14028ad71	0x14054644c	1	4	0x14028abb0	0x14028abd4	0x14054e970
0x14028ad71	0x14028ae5f	0x14054644c	1	4	0x14028abb0	0x14028abd4	0x14054e970
0x14028ae5f	0x14028aed9	0x14054644c	1	4	0x14028abb0	0x14028abd4	0x14054e970
0x14028aed9	0x14028af38	0x14054644c	1	4	0x14028abb0	0x14028abd4	0x14054e970
0x14028af38	0x14028af70	0x140546460	1	4	0x14028abb0	0x14028abd4	0x14054e970
0x14028af70	0x14028b854	0x140539ec4	1	0			
0x14028b860	0x14028bb4c	0x1405463e0	1	0			
0x14028bb50	0x14028bed4	0x14054640c	1	0			
0x14028bee0	0x14028c10d	0x1405463f8	1	0			
0x14028c110	0x14028c35f	0x1405463d4	1	0			
0x14028c360	0x14028c4e8	0x140545fec	1	0			
0x14028c4f0	0x14028c84c	0x1405463a0	1	0			
0x14028c84c	0x14028c8a7	0x1405463b0	1	4	0x14028c4f0	0x14028c84c	0x1405463a0
0x14028c8a7	0x14028cae8	0x1405463c4	1	4	0x14028c4f0	0x14028c84c	0x1405463a0
0x14028caf0	0x14028cbc2	0x14054854c	1	0			
0x14028cbd0	0x14028d4ec	0x140533eac	1	0			
0x14028d4f0	0x14028d5af	0x140546470	1	2			
0x14028d5b0	0x14028d634	0x140546578	1	3			
0x14028d640	0x14028d799	0x140549794	1	0			
0x14028d7a0	0x14028da05	0x14054652c	1	0			
0x14028da10	0x14028db6a	0x1405464b0	1	3			
0x14028db70	0x14028dbf8	0x140526458	1	0			
0x14028dc40	0x14028de08	0x140546540	1	0			
0x14028de08	0x14028dea3	0x140546554	1	4	0x14028dc40	0x14028de08	0x140546540
0x14028dea3	0x14028df7c	0x140546568	1	4	0x14028dc40	0x14028de08	0x140546540
0x14028df80	0x14028e001	0x14053c418	1	0			
0x14028e001	0x14028e134	0x140546508	1	4	0x14028df80	0x14028e001	0x14053c418
0x14028e134	0x14028e1a6	0x14054651c	1	4	0x14028df80	0x14028e001	0x14053c418
0x14028e1b0	0x14028e48a	0x1405235c4	1	0			
0x14028e490	0x14028e522	0x140545fec	1	0			
0x14028e530	0x14028e5c6	0x1405465a8	1	2			
0x14028e5d0	0x14028e647	0x140546620	1	3			
0x14028e650	0x14028e756	0x1405465d8	1	3			
0x14028e760	0x14028e7b0	0x14054854c	1	0			
0x14028e7b0	0x14028eb94	0x14052b5e0	1	3			
0x14028eba0	0x14028ec78	0x140530688	1	0			
0x14028ec80	0x14028efe4	0x140525f58	1	0			
0x14028eff0	0x14028f058	0x140526458	1	0			
0x14028f060	0x14028f19a	0x140546650	1	2			
0x14028f1a0	0x14028f23c	0x1405466b8	1	3			
0x14028f240	0x14028f274	0x1405463d4	1	0			
0x14028f280	0x14028f2b9	0x14053de28	1	0			
0x14028f2b9	0x14028f35a	0x1405467fc	1	4	0x14028f280	0x14028f2b9	0x14053de28
0x14028f35a	0x14028f39a	0x140546810	1	4	0x14028f280	0x14028f2b9	0x14053de28
0x14028f3a0	0x14028f4d5	0x140549794	1	0			
0x14028f4e0	0x14028f61e	0x140523c40	1	0			
0x14028f61e	0x14028f6ef	0x140546748	1	4	0x14028f4e0	0x14028f61e	0x140523c40
0x14028f6f0	0x14028f77b	0x14054f8f4	1	0			
0x14028f780	0x14028f810	0x140536ae4	1	0			
0x14028f810	0x14028f883	0x1405467d8	1	4	0x14028f780	0x14028f810	0x140536ae4
0x14028f883	0x14028f892	0x1405467ec	1	4	0x14028f780	0x14028f810	0x140536ae4
0x14028f8a0	0x14028f9ca	0x1405466d0	1	3			
0x14028f9d0	0x14028fa77	0x140526458	1	0			
0x14028fa90	0x14028fe8c	0x1405467c0	1	0			
0x14028fe90	0x14028fef2	0x14054e970	1	0			
0x14028ff00	0x1402900ff	0x14054675c	1	0			
0x140290100	0x14029011b	0x140546784	1	0			
0x14029011b	0x1402902cf	0x140546790	1	4	0x140290100	0x14029011b	0x140546784
0x1402902cf	0x140290326	0x1405467b0	1	4	0x140290100	0x14029011b	0x140546784
0x140290330	0x140290535	0x140545b9c	1	0			
0x140290535	0x1402905e1	0x140546720	1	4	0x140290330	0x140290535	0x140545b9c
0x1402905e1	0x140290898	0x140546738	1	4	0x140290330	0x140290535	0x140545b9c
0x1402908a0	0x140290917	0x140546820	1	0			
0x140290920	0x140290ad6	0x140529a88	1	0			
0x140290ae0	0x140290cf2	0x1405235c4	1	0			
0x140290d00	0x140290de2	0x140545fec	1	0			
0x140290df0	0x140290e6d	0x140546828	1	2			
0x140290e70	0x140290ee4	0x1405468bc	1	3			
0x140290ef0	0x140290ff6	0x140546858	1	3			
0x140291000	0x140291050	0x14054854c	1	0			
0x140291050	0x14029126c	0x1405468a0	1	0			
0x140291270	0x140291817	0x140533eac	1	0			
0x140291820	0x14029187d	0x14053c418	1	0			
0x140291880	0x1402918dd	0x1405463d4	1	0			
0x1402918e0	0x1402919ee	0x1405468e8	1	2			
0x1402919f0	0x140291a5d	0x140546918	1	3			
0x140291a60	0x140291a94	0x1405463d4	1	0			
0x140291ad0	0x140291c67	0x140546930	1	3			
0x140291c70	0x140291d45	0x140545fec	1	0			
0x140291d60	0x140292012	0x140546a34	1	0			
0x140292020	0x140292129	0x14053c418	1	0			
0x140292129	0x1402921f7	0x1405469a0	1	4	0x140292020	0x140292129	0x14053c418
0x1402921f7	0x1402922a0	0x1405469b4	1	4	0x140292020	0x140292129	0x14053c418
0x1402922a0	0x1402928f8	0x14054e970	1	0			
0x140292900	0x14029291d	0x14054e970	1	0			
0x14029291d	0x140292978	0x1405469fc	1	4	0x140292900	0x14029291d	0x14054e970
0x140292978	0x140292987	0x140546a10	1	4	0x140292900	0x14029291d	0x14054e970
0x140292987	0x140292a4f	0x140546a10	1	4	0x140292900	0x14029291d	0x14054e970
0x140292a4f	0x140292acb	0x140546a10	1	4	0x140292900	0x14029291d	0x14054e970
0x140292acb	0x140292af9	0x140546a10	1	4	0x140292900	0x14029291d	0x14054e970
0x140292af9	0x140292b53	0x140546a10	1	4	0x140292900	0x14029291d	0x14054e970
0x140292b53	0x140292ba3	0x140546a10	1	4	0x140292900	0x14029291d	0x14054e970
0x140292ba3	0x140292bbc	0x140546a10	1	4	0x140292900	0x14029291d	0x14054e970
0x140292bbc	0x140292c1d	0x140546a10	1	4	0x140292900	0x14029291d	0x14054e970
0x140292c1d	0x140292c4c	0x140546a10	1	4	0x140292900	0x14029291d	0x14054e970
0x140292c4c	0x140292ca9	0x140546a10	1	4	0x140292900	0x14029291d	0x14054e970
0x140292ca9	0x140292cd8	0x140546a10	1	4	0x140292900	0x14029291d	0x14054e970
0x140292cd8	0x140292d05	0x140546a10	1	4	0x140292900	0x14029291d	0x14054e970
0x140292d05	0x140292d5d	0x140546a10	1	4	0x140292900	0x14029291d	0x14054e970
0x140292d5d	0x140292e61	0x140546a10	1	4	0x140292900	0x14029291d	0x14054e970
0x140292e61	0x140292e90	0x140546a10	1	4	0x140292900	0x14029291d	0x14054e970
0x140292e90	0x140292ecc	0x140546a10	1	4	0x140292900	0x14029291d	0x14054e970
0x140292ecc	0x140292f14	0x140546a10	1	4	0x140292900	0x14029291d	0x14054e970
0x140292f14	0x140292f6c	0x140546a10	1	4	0x140292900	0x14029291d	0x14054e970
0x140292f6c	0x140292fd8	0x140546a10	1	4	0x140292900	0x14029291d	0x14054e970
0x140292fd8	0x140292fef	0x140546a10	1	4	0x140292900	0x14029291d	0x14054e970
0x140292fef	0x14029302c	0x140546a24	1	4	0x140292900	0x14029291d	0x14054e970
0x140293050	0x14029305e	0x14053c418	1	0			
0x14029305e	0x1402930da	0x140546a50	1	4	0x140293050	0x14029305e	0x14053c418
0x1402930da	0x1402930ef	0x140546a64	1	4	0x140293050	0x14029305e	0x14053c418
0x1402930f0	0x140293280	0x140533eac	1	0			
0x140293280	0x1402932a1	0x1405469c4	1	0			
0x1402932a1	0x140293323	0x1405469d8	1	4	0x140293280	0x1402932a1	0x1405469c4
0x140293323	0x1402934b8	0x1405469ec	1	4	0x140293280	0x1402932a1	0x1405469c4
0x140293560	0x140293658	0x140545fec	1	0			
0x140293750	0x1402938cd	0x1405463d4	1	0			
0x1402938d0	0x140293da4	0x140530494	1	0			
0x140293db0	0x140294158	0x14054854c	1	0			
0x140294160	0x140294710	0x140545fec	1	0			
0x140294710	0x140294dac	0x140545fec	1	0			
0x140294db0	0x140295200	0x14054854c	1	0			
0x140295200	0x14029527d	0x140546a74	1	2			
0x140295280	0x1402952ff	0x140546b48	1	3			
0x140295310	0x1402954e1	0x140546aa8	1	3			
0x1402954f0	0x140295565	0x1405463d4	1	0			
0x1402955a0	0x14029581c	0x140546b10	1	0			
0x14029581c	0x140295a28	0x140546b1c	1	4	0x1402955a0	0x14029581c	0x140546b10
0x140295a28	0x140295a5c	0x140546b38	1	4	0x1402955a0	0x14029581c	0x140546b10
0x140295a80	0x140295b08	0x14054e970	1	0			
0x140295b10	0x140295b92	0x140546b78	1	2			
0x140295ba0	0x140295c14	0x140546be8	1	3			
0x140295c20	0x140295d26	0x140546ba0	1	3			
0x140295d30	0x140295d80	0x14054854c	1	0			
0x140295d80	0x140296358	0x1405468a0	1	0			
0x140296360	0x1402963bf	0x14053c418	1	0			
0x1402963c0	0x14029665c	0x140525f58	1	0			
0x140296660	0x140296712	0x14053c418	1	0			
0x140296720	0x1402967fd	0x1405463d4	1	0			
0x140296800	0x1402968aa	0x140546c20	1	2			
0x1402968b0	0x140296914	0x1405463d4	1	0			
0x140296920	0x140296a40	0x140546c68	1	3			
0x140296a40	0x140296b93	0x14054854c	1	0			
0x140296ba0	0x140296bcc	0x140546d3c	1	3			
0x140296bcc	0x140296c9e	0x140546d50	1	4	0x140296ba0	0x140296bcc	0x140546d3c
0x140296c9e	0x140296cce	0x140546d64	1	4	0x140296ba0	0x140296bcc	0x140546d3c
0x140296cce	0x140296d5b	0x140546d74	1	4	0x140296c9e	0x140296cce	0x140546d64
0x140296d5b	0x140296d72	0x140546d88	1	4	0x140296c9e	0x140296cce	0x140546d64
0x140296d80	0x140296dac	0x14053c418	1	0			
0x140296db0	0x140296e93	0x14053c418	1	0			
0x140296ea0	0x140296fe5	0x140546cec	1	3			
0x140296fe5	0x140297301	0x140546d04	1	4	0x140296ea0	0x140296fe5	0x140546cec
0x140297301	0x14029731c	0x140546d2c	1	4	0x140296ea0	0x140296fe5	0x140546cec
0x140297320	0x140297405	0x140546cb0	1	3			
0x140297405	0x140297511	0x140546cc8	1	4	0x140297320	0x140297405	0x140546cb0
0x140297511	0x140297531	0x140546cdc	1	4	0x140297320	0x140297405	0x140546cb0
0x140297540	0x14029757a	0x14053c418	1	0			
0x140297580	0x140297642	0x140546d98	1	2			
0x140297650	0x1402976d7	0x140546df8	1	3			
0x1402976e0	0x140297714	0x1405463d4	1	0			
0x140297720	0x140297976	0x140546e10	1	3			
0x140297980	0x140297a55	0x140545fec	1	0			
0x140297a60	0x140297a70	0x140546f4c	1	0			
0x140297a70	0x140297b92	0x140546f58	1	4	0x140297a60	0x140297a70	0x140546f4c
0x140297b92	0x140297c96	0x140546f70	1	4	0x140297a70	0x140297b92	0x140546f58
0x140297c96	0x140297ca8	0x140546f84	1	4	0x140297a70	0x140297b92	0x140546f58
0x140297ca8	0x140297cf0	0x140546f94	1	4	0x140297a60	0x140297a70	0x140546f4c
0x140297cf0	0x140297f0c	0x14053c418	1	0			
0x140297f10	0x1402980f2	0x140546edc	1	3			
0x1402980f2	0x140298716	0x140546ef4	1	4	0x140297f10	0x1402980f2	0x140546edc
0x140298716	0x140298a18	0x140546f10	1	4	0x140297f10	0x1402980f2	0x140546edc
0x140298a18	0x140298b2d	0x140546f28	1	4	0x140297f10	0x1402980f2	0x140546edc
0x140298b2d	0x140298c77	0x140546f3c	1	4	0x140297f10	0x1402980f2	0x140546edc
0x140298c80	0x140298e10	0x140548c80	1	0			
0x140298e10	0x140298f30	0x140546eb4	1	4	0x140298c80	0x140298e10	0x140548c80
0x140298f30	0x140298f58	0x140546ecc	1	4	0x140298c80	0x140298e10	0x140548c80
0x140298f60	0x14029915d	0x1405468a0	1	0			
0x140299160	0x140299388	0x14054854c	1	0			
0x140299390	0x14029940a	0x1405482bc	1	0			
0x14029940a	0x1402994bc	0x140546e90	1	4	0x140299390	0x14029940a	0x1405482bc
0x1402994bc	0x14029979f	0x140546ea4	1	4	0x140299390	0x14029940a	0x1405482bc
0x1402997a0	0x140299817	0x14054fa50	1	0			
0x140299820	0x1402998ec	0x140526458	1	0			
0x1402998f0	0x140299999	0x140545fec	1	0			
0x1402999a0	0x140299a9c	0x140546fa4	1	2			
0x140299aa0	0x140299b12	0x140546fe8	1	3			
0x140299b20	0x140299b54	0x1405463d4	1	0			
0x140299be0	0x140299f98	0x140547168	1	0			
0x140299fa0	0x14029a114	0x140547000	1	3			
0x14029a120	0x14029a1f3	0x140530494	1	0			
0x14029a230	0x14029a27f	0x14054fa50	1	0			
0x14029a280	0x14029a3b5	0x140549794	1	0			
0x14029a3c0	0x14029a3de	0x14054e970	1	0			
0x14029a3de	0x14029a5bd	0x1405470e0	1	4	0x14029a3c0	0x14029a3de	0x14054e970
0x14029a5bd	0x14029a6cf	0x140547104	1	4	0x14029a3de	0x14029a5bd	0x1405470e0
0x14029a6cf	0x14029a6e7	0x140547118	1	4	0x14029a3de	0x14029a5bd	0x1405470e0
0x14029a6e7	0x14029a728	0x140547128	1	4	0x14029a3c0	0x14029a3de	0x14054e970
0x14029a728	0x14029a78a	0x140547144	1	4	0x14029a3c0	0x14029a3de	0x14054e970
0x14029a78a	0x14029a7a9	0x140547158	1	4	0x14029a3c0	0x14029a3de	0x14054e970
0x14029a7b0	0x14029a7e2	0x140547058	1	0			
0x14029a7e2	0x14029aad9	0x140547068	1	4	0x14029a7b0	0x14029a7e2	0x140547058
0x14029aad9	0x14029af54	0x140547084	1	4	0x14029a7b0	0x14029a7e2	0x140547058
0x14029af60	0x14029b649	0x1405470c4	1	0			
0x14029b650	0x14029b663	0x14052129c	1	0			
0x14029b663	0x14029b710	0x140547094	1	4	0x14029b650	0x14029b663	0x14052129c
0x14029b710	0x14029b716	0x1405470b4	1	4	0x14029b650	0x14029b663	0x14052129c
0x14029b720	0x14029b7c6	0x140547184	1	2			
0x14029b7d0	0x14029b85f	0x140547210	1	3			
0x14029b860	0x14029b894	0x1405463d4	1	0			
0x14029b8b0	0x14029ba81	0x140547228	1	3			
0x14029ba90	0x14029bb25	0x1405463d4	1	0			
0x14029bb40	0x14029bf6c	0x140547290	1	0			
0x14029bf6c	0x14029c065	0x1405472a0	1	4	0x14029bb40	0x14029bf6c	0x140547290
0x14029c065	0x14029c1de	0x1405472bc	1	4	0x14029bb40	0x14029bf6c	0x140547290
0x14029c1e0	0x14029c336	0x14054854c	1	0			
0x14029c340	0x14029c3e3	0x1405463d4	1	0			
0x14029c3f0	0x14029c45d	0x1405472cc	1	2			
0x14029c460	0x14029c4d4	0x1405473c8	1	3			
0x14029c4e0	0x14029c5e6	0x1405472f8	1	3			
0x14029c5f0	0x14029c640	0x14054854c	1	0			
0x14029c640	0x14029c75f	0x14052eba4	1	0			
0x14029c75f	0x14029dded	0x140547340	1	4	0x14029c640	0x14029c75f	0x14052eba4
0x14029dded	0x14029de1b	0x140547354	1	4	0x14029c640	0x14029c75f	0x14052eba4
0x14029de20	0x14029de28	0x140547364	1	0			
0x14029de28	0x14029df50	0x140547370	1	4	0x14029de20	0x14029de28	0x140547364
0x14029df50	0x14029e20a	0x140547394	1	4	0x14029de28	0x14029df50	0x140547370
0x14029e20a	0x14029ee0f	0x1405473a8	1	4	0x14029de28	0x14029df50	0x140547370
0x14029ee0f	0x14029ef44	0x1405473b8	1	4	0x14029de20	0x14029de28	0x140547364
0x14029ef50	0x14029efad	0x14053c418	1	0			
0x14029efb0	0x14029f027	0x1405473f8	1	0			
0x14029f030	0x14029f0a4	0x1405463d4	1	0			
0x14029f0b0	0x14029f146	0x14053a758	1	0			
0x14029f150	0x14029f1d8	0x140547404	1	2			
0x14029f1e0	0x14029f25f	0x140547580	1	3			
0x14029f260	0x14029f42a	0x140547438	1	3			
0x14029f430	0x14029f568	0x1405474a0	1	0			
0x14029f568	0x14029f74c	0x1405474b8	1	4	0x14029f430	0x14029f568	0x1405474a0
0x14029f74c	0x14029f77d	0x1405474d4	1	4	0x14029f430	0x14029f568	0x1405474a0
0x14029f77d	0x14029f8d8	0x1405474e8	1	4	0x14029f74c	0x14029f77d	0x1405474d4
0x14029f8d8	0x14029f8dd	0x1405474fc	1	4	0x14029f74c	0x14029f77d	0x1405474d4
0x14029f8dd	0x14029f8f1	0x14054750c	1	4	0x14029f430	0x14029f568	0x1405474a0
0x14029f900	0x14029fc88	0x140538234	1	0			
0x14029fc90	0x14029fcd7	0x14053c418	1	0			
0x14029fce0	0x1402a021e	0x14054751c	1	0			
0x1402a021e	0x1402a0231	0x140547534	1	4	0x14029fce0	0x1402a021e	0x14054751c
0x1402a0231	0x1402a045b	0x14054754c	1	4	0x1402a021e	0x1402a0231	0x140547534
0x1402a045b	0x1402a0535	0x140547560	1	4	0x1402a021e	0x1402a0231	0x140547534
0x1402a0535	0x1402a061c	0x140547570	1	4	0x14029fce0	0x1402a021e	0x14054751c
0x1402a0620	0x1402a06af	0x1405475b0	1	0			
0x1402a06af	0x1402a07f1	0x1405475bc	1	4	0x1402a0620	0x1402a06af	0x1405475b0
0x1402a07f1	0x1402a07fa	0x1405475e0	1	4	0x1402a0620	0x1402a06af	0x1405475b0
0x1402a0800	0x1402a084f	0x1405463d4	1	0			
0x1402a0850	0x1402a0903	0x1405475f0	1	2			
0x1402a0910	0x1402a098a	0x140547640	1	3			
0x1402a0990	0x1402a09c4	0x1405463d4	1	0			
0x1402a0ad0	0x1402a0b09	0x1405477fc	1	0			
0x1402a0b09	0x1402a0ee6	0x140547804	1	4	0x1402a0ad0	0x1402a0b09	0x1405477fc
0x1402a0ee6	0x1402a0f04	0x140547820	1	4	0x1402a0ad0	0x1402a0b09	0x1405477fc
0x1402a0ff0	0x1402a1117	0x14054f8f4	1	0			
0x1402a1140	0x1402a11f7	0x14053c418	1	0			
0x1402a1200	0x1402a1252	0x140547738	1	0			
0x1402a1252	0x1402a206c	0x140547748	1	4	0x1402a1200	0x1402a1252	0x140547738
0x1402a206c	0x1402a20a0	0x14054775c	1	4	0x1402a1200	0x1402a1252	0x140547738
0x1402a20a0	0x1402a2266	0x140547658	1	3			
0x1402a2270	0x1402a233a	0x140526458	1	0			
0x1402a2340	0x1402a235f	0x140547a68	1	0			
0x1402a235f	0x1402a23d2	0x1405478cc	1	4	0x1402a2340	0x1402a235f	0x140547a68
0x1402a23d2	0x1402a23e1	0x1405478e8	1	4	0x1402a2340	0x1402a235f	0x140547a68
0x1402a23f0	0x1402a2535	0x140548264	1	0			
0x1402a2540	0x1402a26e3	0x140545fec	1	0			
0x1402a26f0	0x1402a27d0	0x14053c418	1	0			
0x1402a27d0	0x1402a2854	0x1405476c0	1	0			
0x1402a2854	0x1402a288b	0x1405476d0	1	4	0x1402a27d0	0x1402a2854	0x1405476c0
0x1402a288b	0x1402a29da	0x1405476f0	1	4	0x1402a2854	0x1402a288b	0x1405476d0
0x1402a29da	0x1402a2dae	0x140547704	1	4	0x1402a2854	0x1402a288b	0x1405476d0
0x1402a2dae	0x1402a3038	0x140547714	1	4	0x1402a27d0	0x1402a2854	0x1405476c0
0x1402a3038	0x1402a3118	0x140547728	1	4	0x1402a27d0	0x1402a2854	0x1405476c0
0x1402a3120	0x1402a316b	0x14053c418	1	0			
0x1402a3170	0x1402a319e	0x14053c418	1	0			
0x1402a31a0	0x1402a31ba	0x140528d7c	1	0			
0x1402a31ba	0x1402a31ef	0x140547840	1	4	0x1402a31a0	0x1402a31ba	0x140528d7c
0x1402a31ef	0x1402a32ff	0x140547854	1	4	0x1402a31a0	0x1402a31ba	0x140528d7c
0x1402a32ff	0x1402a33ce	0x140547854	1	4	0x1402a31a0	0x1402a31ba	0x140528d7c
0x1402a33ce	0x1402a33d4	0x140547868	1	4	0x1402a31a0	0x1402a31ba	0x140528d7c
0x1402a33e0	0x1402a3411	0x14053c418	1	0			
0x1402a3420	0x1402a342c	0x14053ed60	1	0			
0x1402a342c	0x1402a3527	0x140547878	1	4	0x1402a3420	0x1402a342c	0x14053ed60
0x1402a3527	0x1402a3681	0x14054788c	1	4	0x1402a342c	0x1402a3527	0x140547878
0x1402a3681	0x1402a3721	0x1405478a0	1	4	0x1402a3420	0x1402a342c	0x14053ed60
0x1402a3730	0x1402a3991	0x140547830	1	0			
0x1402a39a0	0x1402a39ea	0x14054776c	1	3			
0x1402a39ea	0x1402a3a9b	0x140547780	1	4	0x1402a39a0	0x1402a39ea	0x14054776c
0x1402a3a9b	0x1402a3bd4	0x14054779c	1	4	0x1402a39ea	0x1402a3a9b	0x140547780
0x1402a3bd4	0x1402a3e5d	0x1405477b0	1	4	0x1402a39ea	0x1402a3a9b	0x140547780
0x1402a3e5d	0x1402a3f8e	0x1405477c0	1	4	0x1402a3bd4	0x1402a3e5d	0x1405477b0
0x1402a3f8e	0x1402a3fac	0x1405477dc	1	4	0x1402a3bd4	0x1402a3e5d	0x1405477b0
0x1402a3fac	0x1402a3fe0	0x1405477ec	1	4	0x1402a39a0	0x1402a39ea	0x14054776c
0x1402a3fe0	0x1402a41c1	0x14052a03c	1	0			
0x1402a41d0	0x1402a4260	0x1405478b0	1	0			
0x1402a4260	0x1402a429e	0x14053c418	1	0			
0x1402a42a0	0x1402a4338	0x1405478f8	1	2			
0x1402a4340	0x1402a43ad	0x140547938	1	3			
0x1402a43b0	0x1402a43e4	0x1405463d4	1	0			
0x1402a4510	0x1402a4562	0x1405479d4	1	0			
0x1402a4562	0x1402a4d73	0x1405479e4	1	4	0x1402a4510	0x1402a4562	0x1405479d4
0x1402a4d73	0x1402a4da8	0x1405479f8	1	4	0x1402a4510	0x1402a4562	0x1405479d4
0x1402a4db0	0x1402a4eb9	0x140547950	1	3			
0x1402a4ec0	0x1402a4f37	0x140526458	1	0			
0x1402a4f40	0x1402a4f55	0x14053a254	1	0			
0x1402a4f55	0x1402a4fb2	0x140547aa4	1	4	0x1402a4f40	0x1402a4f55	0x14053a254
0x1402a4fb2	0x1402a4fbd	0x140547abc	1	4	0x1402a4f40	0x1402a4f55	0x14053a254
0x1402a4fc0	0x1402a4fdf	0x140547a68	1	0			
0x1402a4fdf	0x1402a5052	0x140547a78	1	4	0x1402a4fc0	0x1402a4fdf	0x140547a68
0x1402a5052	0x1402a5061	0x140547a94	1	4	0x1402a4fc0	0x1402a4fdf	0x140547a68
0x1402a5070	0x1402a51b5	0x140548264	1	0			
0x1402a51c0	0x1402a534b	0x140547998	1	0			
0x1402a5350	0x1402a5408	0x14053c418	1	0			
0x1402a5410	0x1402a571c	0x1405479b0	1	0			
0x1402a5720	0x1402a576b	0x14053c418	1	0			
0x1402a5770	0x1402a579e	0x14053c418	1	0			
0x1402a57a0	0x1402a57ba	0x140528d7c	1	0			
0x1402a57ba	0x1402a57ef	0x140547a08	1	4	0x1402a57a0	0x1402a57ba	0x140528d7c
0x1402a57ef	0x1402a58d2	0x140547a1c	1	4	0x1402a57a0	0x1402a57ba	0x140528d7c
0x1402a58d2	0x1402a59a1	0x140547a1c	1	4	0x1402a57a0	0x1402a57ba	0x140528d7c
0x1402a59a1	0x1402a59a7	0x140547a30	1	4	0x1402a57a0	0x1402a57ba	0x140528d7c
0x1402a59b0	0x1402a59e1	0x14053c418	1	0			
0x1402a59f0	0x1402a59fd	0x14053ed60	1	0			
0x1402a59fd	0x1402a5bda	0x140547a40	1	4	0x1402a59f0	0x1402a59fd	0x14053ed60
0x1402a5bda	0x1402a5c75	0x140547a58	1	4	0x1402a59f0	0x1402a59fd	0x14053ed60
0x1402a5c80	0x1402a5cb0	0x140538250	1	0			
0x1402a5cb0	0x1402a5e9f	0x14053bbc0	1	0			
0x1402a5ea0	0x1402a5f30	0x1405478b0	1	0			
0x1402a5f30	0x1402a5f6e	0x14053c418	1	0			
0x1402a5f70	0x1402a5fc5	0x1405463d4	1	0			
0x1402a5fd0	0x1402a60f9	0x140547acc	1	3			
0x1402a6110	0x1402a62ad	0x140547b28	1	0			
0x1402a62ad	0x1402a6353	0x140547b38	1	4	0x1402a6110	0x1402a62ad	0x140547b28
0x1402a6353	0x1402a644c	0x140547b50	1	4	0x1402a6110	0x1402a62ad	0x140547b28
0x1402a6450	0x1402a64c8	0x140547b60	1	2			
0x1402a64d0	0x1402a6544	0x140547c74	1	3			
0x1402a6550	0x1402a6656	0x140547b88	1	3			
0x1402a6660	0x1402a668c	0x14053c418	1	0			
0x1402a6690	0x1402a68a5	0x140545fec	1	0			
0x1402a68b0	0x1402a68b6	0x14054e970	1	0			
0x1402a68b6	0x1402a692c	0x140547bd0	1	4	0x1402a68b0	0x1402a68b6	0x14054e970
0x1402a692c	0x1402a6a45	0x140547be4	1	4	0x1402a68b6	0x1402a692c	0x140547bd0
0x1402a6a45	0x1402a6aee	0x140547c08	1	4	0x1402a68b6	0x1402a692c	0x140547bd0
0x1402a6aee	0x1402a6b85	0x140547c28	1	4	0x1402a68b6	0x1402a692c	0x140547bd0
0x1402a6b85	0x1402a6cde	0x140547c40	1	4	0x1402a68b6	0x1402a692c	0x140547bd0
0x1402a6cde	0x1402a6d64	0x140547c54	1	4	0x1402a68b6	0x1402a692c	0x140547bd0
0x1402a6d64	0x1402a6d9f	0x140547c64	1	4	0x1402a68b0	0x1402a68b6	0x14054e970
0x1402a6da0	0x1402a6dfd	0x14053c418	1	0			
0x1402a6e00	0x1402a6e46	0x1405463d4	1	0			
0x1402a6e50	0x1402a6ea5	0x1405463d4	1	0			
0x1402a6eb0	0x1402a6ffd	0x140547ca0	1	3			
0x1402a7010	0x1402a7038	0x140547d20	1	0			
0x1402a7038	0x1402a70c7	0x140547d2c	1	4	0x1402a7010	0x1402a7038	0x140547d20
0x1402a70c7	0x1402a714d	0x140547d44	1	4	0x1402a7010	0x1402a7038	0x140547d20
0x1402a7150	0x1402a71a5	0x1405463d4	1	0			
0x1402a71b0	0x1402a730c	0x140547d54	1	3			
0x1402a7310	0x1402a734c	0x14053c418	1	0			
0x1402a7380	0x1402a744c	0x140547db8	1	0			
0x1402a744c	0x1402a74da	0x140547dc8	1	4	0x1402a7380	0x1402a744c	0x140547db8
0x1402a74da	0x1402a7568	0x140547ddc	1	4	0x1402a7380	0x1402a744c	0x140547db8
0x1402a7570	0x1402a7603	0x140547dec	1	2			
0x1402a7610	0x1402a767d	0x140547e30	1	3			
0x1402a7680	0x1402a76b4	0x1405463d4	1	0			
0x1402a76d0	0x1402a7945	0x140547e48	1	3			
0x1402a7960	0x1402a7a97	0x140545fec	1	0			
0x1402a7aa0	0x1402a7e3f	0x140539ec4	1	0			
0x1402a7e40	0x1402a7eac	0x140547ed8	1	2			
0x1402a7eb0	0x1402a7f67	0x140547f38	1	2			
0x1402a7f70	0x1402a8004	0x140547fb0	1	3			
0x1402a8010	0x1402a8044	0x1405463d4	1	0			
0x1402a8060	0x1402a81c2	0x140547fc8	1	3			
0x1402a81d0	0x1402a823f	0x14053c418	1	0			
0x1402a8240	0x1402a8250	0x14054e970	1	0			
0x1402a8250	0x1402a82cd	0x14054803c	1	4	0x1402a8240	0x1402a8250	0x14054e970
0x1402a82cd	0x1402a82d3	0x140548050	1	4	0x1402a8240	0x1402a8250	0x14054e970
0x1402a82e0	0x1402a882f	0x140548020	1	0			
0x1402a8830	0x1402a88aa	0x14054fa50	1	0			
0x1402a88b0	0x1402a8921	0x1405463d4	1	0			
0x1402a8930	0x1402a8b88	0x140548060	1	2			
0x1402a8b90	0x1402a8ccb	0x140548130	1	3			
0x1402a8cd0	0x1402a8d04	0x1405463d4	1	0			
0x1402a8d20	0x1402a8f5a	0x140548148	1	3			
0x1402a8f60	0x1402a9674	0x14052eba4	1	0			
0x1402a9680	0x1402a97fb	0x14054652c	1	0			
0x1402a97fb	0x1402a9891	0x1405481e0	1	4	0x1402a9680	0x1402a97fb	0x14054652c
0x1402a9891	0x1402a9905	0x1405481f4	1	4	0x1402a9680	0x1402a97fb	0x14054652c
0x1402a9910	0x1402a9ac5	0x140545fec	1	0			
0x1402a9af0	0x1402a9b22	0x140545b9c	1	0			
0x1402a9b50	0x1402a9b73	0x14052fb70	1	0			
0x1402a9b73	0x1402a9bf5	0x140548224	1	4	0x1402a9b50	0x1402a9b73	0x14052fb70
0x1402a9bf5	0x1402a9c5c	0x14054823c	1	4	0x1402a9b50	0x1402a9b73	0x14052fb70
0x1402a9c5c	0x1402a9ccf	0x14054823c	1	4	0x1402a9b50	0x1402a9b73	0x14052fb70
0x1402a9ccf	0x1402a9cf6	0x14054823c	1	4	0x1402a9b50	0x1402a9b73	0x14052fb70
0x1402a9cf6	0x1402a9d6c	0x14054823c	1	4	0x1402a9b50	0x1402a9b73	0x14052fb70
0x1402a9d6c	0x1402a9d90	0x14054823c	1	4	0x1402a9b50	0x1402a9b73	0x14052fb70
0x1402a9d90	0x1402a9e01	0x14054823c	1	4	0x1402a9b50	0x1402a9b73	0x14052fb70
0x1402a9e01	0x1402a9e28	0x14054823c	1	4	0x1402a9b50	0x1402a9b73	0x14052fb70
0x1402a9e28	0x1402a9e96	0x14054823c	1	4	0x1402a9b50	0x1402a9b73	0x14052fb70
0x1402a9e96	0x1402a9eb3	0x14054823c	1	4	0x1402a9b50	0x1402a9b73	0x14052fb70
0x1402a9eb3	0x1402a9ec5	0x14054823c	1	4	0x1402a9b50	0x1402a9b73	0x14052fb70
0x1402a9ec5	0x1402a9ee8	0x140548254	1	4	0x1402a9b50	0x1402a9b73	0x14052fb70
0x1402a9ef0	0x1402aa2a4	0x140539ec4	1	0			
0x1402aa2b0	0x1402aaca0	0x140539ec4	1	0			
0x1402aaca0	0x1402aacb3	0x14052a970	1	0			
0x1402aacb3	0x1402aad5f	0x140548290	1	4	0x1402aaca0	0x1402aacb3	0x14052a970
0x1402aad5f	0x1402aad60	0x1405482ac	1	4	0x1402aaca0	0x1402aacb3	0x14052a970
0x1402aad60	0x1402aadf5	0x140548264	1	0			
0x1402aae00	0x1402aba78	0x14053f640	1	0			
0x1402aba80	0x1402abcf4	0x14054652c	1	0			
0x1402abcf4	0x1402abe5f	0x14054826c	1	4	0x1402aba80	0x1402abcf4	0x14054652c
0x1402abe5f	0x1402ac27c	0x140548280	1	4	0x1402aba80	0x1402abcf4	0x14054652c
0x1402ac280	0x1402ac580	0x1405482bc	1	0			
0x1402ac580	0x1402ac5e7	0x14054fa50	1	0			
0x1402ac5f0	0x1402ac93c	0x140548204	1	0			
0x1402ac980	0x1402aca67	0x1405463d4	1	0			
0x1402aca70	0x1402ad190	0x14053ad6c	1	0			
0x1402ad190	0x1402ad319	0x140530494	1	0			
0x1402ad320	0x1402ad3b3	0x1405482cc	1	2			
0x1402ad3c0	0x1402ad42d	0x140548310	1	3			
0x1402ad430	0x1402ad464	0x1405463d4	1	0			
0x1402ad480	0x1402ad6f5	0x140548328	1	3			
0x1402ad700	0x1402ad78f	0x140526458	1	0			
0x1402ad7a0	0x1402ad93b	0x140545fec	1	0			
0x1402ad940	0x1402ad9bf	0x14054fa50	1	0			
0x1402ad9c0	0x1402adced	0x14052eba4	1	0			
0x1402adcf0	0x1402add58	0x140526458	1	0			
0x1402add60	0x1402ade6e	0x1405483d0	1	2			
0x1402ade70	0x1402adeea	0x140548420	1	3			
0x1402adef0	0x1402adf24	0x1405463d4	1	0			
0x1402adf40	0x1402ae25a	0x140548438	1	3			
0x1402ae260	0x1402ae345	0x140545fec	1	0			
0x1402ae350	0x1402ae38c	0x14054fa50	1	0			
0x1402ae390	0x1402ae5f0	0x14053c418	1	0			
0x1402ae5f0	0x1402ae720	0x140548574	1	0			
0x1402ae720	0x1402ae7e6	0x140545fec	1	0			
0x1402ae7f0	0x1402aecc4	0x14054e970	1	0			
0x1402aecd0	0x1402af0d4	0x140539ec4	1	0			
0x1402af0e0	0x1402af297	0x140548518	1	0			
0x1402af297	0x1402af367	0x140548524	1	4	0x1402af0e0	0x1402af297	0x140548518
0x1402af367	0x1402af541	0x14054853c	1	4	0x1402af0e0	0x1402af297	0x140548518
0x1402af550	0x1402af674	0x1405255c0	1	0			
0x1402af680	0x1402af787	0x14054603c	1	0			
0x1402af790	0x1402afdfb	0x14054855c	1	0			
0x1402afe00	0x1402afe6b	0x1405484d0	1	0			
0x1402afe6b	0x1402affa7	0x1405484e4	1	4	0x1402afe00	0x1402afe6b	0x1405484d0
0x1402affa7	0x1402affbc	0x140548508	1	4	0x1402afe00	0x1402afe6b	0x1405484d0
0x1402affc0	0x1402b0188	0x14054854c	1	0			
0x1402b0190	0x1402b02ff	0x140548590	1	2			
0x1402b0300	0x1402b03a6	0x140548620	1	3			
0x1402b03b0	0x1402b03e4	0x1405463d4	1	0			
0x1402b0420	0x1402b0555	0x140549794	1	0			
0x1402b0560	0x1402b068c	0x140548638	1	3			
0x1402b0690	0x1402b07d7	0x140523450	1	0			
0x1402b07e0	0x1402b08fe	0x140545fec	1	0			
0x1402b0900	0x1402b0ae5	0x1405488c4	1	0			
0x1402b0ae5	0x1402b0b62	0x1405488d8	1	4	0x1402b0900	0x1402b0ae5	0x1405488c4
0x1402b0b62	0x1402b0c84	0x1405488ec	1	4	0x1402b0ae5	0x1402b0b62	0x1405488d8
0x1402b0c84	0x1402b0c92	0x140548900	1	4	0x1402b0ae5	0x1402b0b62	0x1405488d8
0x1402b0c92	0x1402b0dd8	0x140548910	1	4	0x1402b0900	0x1402b0ae5	0x1405488c4
0x1402b0de0	0x1402b106a	0x14054c8c4	1	0			
0x1402b106a	0x1402b1104	0x140548864	1	4	0x1402b0de0	0x1402b106a	0x14054c8c4
0x1402b1104	0x1402b1124	0x14054887c	1	4	0x1402b0de0	0x1402b106a	0x14054c8c4
0x1402b1130	0x1402b11e0	0x14054888c	1	0			
0x1402b11e0	0x1402b124e	0x1405488a0	1	4	0x1402b1130	0x1402b11e0	0x14054888c
0x1402b124e	0x1402b14a0	0x1405488b4	1	4	0x1402b1130	0x1402b11e0	0x14054888c
0x1402b14a0	0x1402b16b8	0x14053c418	1	0			
0x1402b16c0	0x1402b16d0	0x14054fa50	1	0			
0x1402b16d0	0x1402b1754	0x140548944	1	4	0x1402b16c0	0x1402b16d0	0x14054fa50
0x1402b1754	0x1402b1759	0x140548958	1	4	0x1402b16c0	0x1402b16d0	0x14054fa50
0x1402b1760	0x1402b196f	0x140547db8	1	0			
0x1402b196f	0x1402b19ee	0x140548920	1	4	0x1402b1760	0x1402b196f	0x140547db8
0x1402b19ee	0x1402b1ab8	0x140548934	1	4	0x1402b1760	0x1402b196f	0x140547db8
0x1402b1ac0	0x1402b1b50	0x140526458	1	0			
0x1402b1b50	0x1402b1b85	0x1405487d0	1	3			
0x1402b1b85	0x1402b1ce4	0x1405487e4	1	4	0x1402b1b50	0x1402b1b85	0x1405487d0
0x1402b1ce4	0x1402b1e2a	0x14054880c	1	4	0x1402b1b50	0x1402b1b85	0x1405487d0
0x1402b1e2a	0x1402b1e40	0x140548820	1	4	0x1402b1b50	0x1402b1b85	0x1405487d0
0x1402b1e40	0x1402b1ec2	0x140548724	1	0			
0x1402b1ec2	0x1402b22d9	0x140548734	1	4	0x1402b1e40	0x1402b1ec2	0x140548724
0x1402b22d9	0x1402b235b	0x14054874c	1	4	0x1402b1ec2	0x1402b22d9	0x140548734
0x1402b235b	0x1402b2436	0x140548764	1	4	0x1402b22d9	0x1402b235b	0x14054874c
0x1402b2436	0x1402b2441	0x14054877c	1	4	0x1402b22d9	0x1402b235b	0x14054874c
0x1402b2441	0x1402b2466	0x14054878c	1	4	0x1402b1ec2	0x1402b22d9	0x140548734
0x1402b2466	0x1402b25c3	0x14054879c	1	4	0x1402b1e40	0x1402b1ec2	0x140548724
0x1402b25d0	0x1402b27a8	0x140548830	1	0			
0x1402b27a8	0x1402b2828	0x140548840	1	4	0x1402b25d0	0x1402b27a8	0x140548830
0x1402b2828	0x1402b28e8	0x140548854	1	4	0x1402b25d0	0x1402b27a8	0x140548830
0x1402b28f0	0x1402b2989	0x14053ce70	1	0			
0x1402b2990	0x1402b2b4e	0x1405487ac	1	3			
0x1402b2b50	0x1402b2bee	0x140545b9c	1	0			
0x1402b2bee	0x1402b2bfa	0x1405486d8	1	4	0x1402b2b50	0x1402b2bee	0x140545b9c
0x1402b2bfa	0x1402b2df3	0x1405486ec	1	4	0x1402b2bee	0x1402b2bfa	0x1405486d8
0x1402b2df3	0x1402b2e34	0x140548704	1	4	0x1402b2bee	0x1402b2bfa	0x1405486d8
0x1402b2e34	0x1402b2e4c	0x140548714	1	4	0x1402b2b50	0x1402b2bee	0x140545b9c
0x1402b2e50	0x1402b2e6a	0x14054e970	1	0			
0x1402b2e6a	0x1402b2ecc	0x140548688	1	4	0x1402b2e50	0x1402b2e6a	0x14054e970
0x1402b2ecc	0x1402b2f3a	0x14054869c	1	4	0x1402b2e6a	0x1402b2ecc	0x140548688
0x1402b2f3a	0x1402b2f7a	0x1405486b8	1	4	0x1402b2e6a	0x1402b2ecc	0x140548688
0x1402b2f7a	0x1402b2ffb	0x1405486c8	1	4	0x1402b2e50	0x1402b2e6a	0x14054e970
0x1402b3000	0x1402b3165	0x140548968	1	2			
0x1402b3170	0x1402b3209	0x1405489d0	1	3			
0x1402b3210	0x1402b3244	0x1405463d4	1	0			
0x1402b3260	0x1402b32dc	0x14053c418	1	0			
0x1402b32e0	0x1402b3436	0x140549794	1	0			
0x1402b3440	0x1402b3447	0x140548a88	1	0			
0x1402b3447	0x1402b345b	0x140548a94	1	4	0x1402b3440	0x1402b3447	0x140548a88
0x1402b345b	0x1402b3460	0x140548aac	1	4	0x1402b3447	0x1402b345b	0x140548a94
0x1402b3460	0x1402b3732	0x140548ac0	1	4	0x1402b345b	0x1402b3460	0x140548aac
0x1402b3732	0x1402b3871	0x140548ad4	1	4	0x1402b3460	0x1402b3732	0x140548ac0
0x1402b3871	0x1402b395f	0x140548ae8	1	4	0x1402b3460	0x1402b3732	0x140548ac0
0x1402b395f	0x1402b3990	0x140548af8	1	4	0x1402b345b	0x1402b3460	0x140548aac
0x1402b3990	0x1402b3a0f	0x140548b08	1	4	0x1402b3447	0x1402b345b	0x140548a94
0x1402b3a0f	0x1402b3a6b	0x140548b18	1	4	0x1402b3440	0x1402b3447	0x140548a88
0x1402b3a70	0x1402b3c36	0x1405489e8	1	3			
0x1402b3c40	0x1402b3d26	0x14054854c	1	0			
0x1402b3d30	0x1402b3e59	0x140549794	1	0			
0x1402b3e60	0x1402b3ee4	0x140548b28	1	0			
0x1402b3ee4	0x1402b3fd5	0x140548b34	1	4	0x1402b3e60	0x1402b3ee4	0x140548b28
0x1402b3fd5	0x1402b3fe0	0x140548b48	1	4	0x1402b3e60	0x1402b3ee4	0x140548b28
0x1402b3fe0	0x1402b434f	0x140548a50	1	0			
0x1402b434f	0x1402b4430	0x140548a5c	1	4	0x1402b3fe0	0x1402b434f	0x140548a50
0x1402b4430	0x1402b4449	0x140548a78	1	4	0x1402b3fe0	0x1402b434f	0x140548a50
0x1402b4490	0x1402b4587	0x140530494	1	0			
0x1402b4590	0x1402b4898	0x140548b7c	1	0			
0x1402b48a0	0x1402b49af	0x1405211bc	1	0			
0x1402b49af	0x1402b4a3f	0x140548b58	1	4	0x1402b48a0	0x1402b49af	0x1405211bc
0x1402b4a3f	0x1402b4b10	0x140548b6c	1	4	0x1402b48a0	0x1402b49af	0x1405211bc
0x1402b4b10	0x1402b4baa	0x140548b98	1	2			
0x1402b4bb0	0x1402b4c1d	0x140548bd8	1	3			
0x1402b4c20	0x1402b4c54	0x1405463d4	1	0			
0x1402b4c60	0x1402b5151	0x140548d54	1	3			
0x1402b5160	0x1402b53cb	0x140548bf0	1	3			
0x1402b53d0	0x1402b53e3	0x140548c80	1	0			
0x1402b53e3	0x1402b53f1	0x140548c8c	1	4	0x1402b53d0	0x1402b53e3	0x140548c80
0x1402b53f1	0x1402b5439	0x140548ca0	1	4	0x1402b53e3	0x1402b53f1	0x140548c8c
0x1402b5439	0x1402b5450	0x140548cb4	1	4	0x1402b53e3	0x1402b53f1	0x140548c8c
0x1402b5450	0x1402b5475	0x140548cc4	1	4	0x1402b53d0	0x1402b53e3	0x140548c80
0x1402b5480	0x1402b56e6	0x140526458	1	0			
0x1402b56f0	0x1402b59b8	0x1405468a0	1	0			
0x1402b59c0	0x1402b5b18	0x140548d38	1	0			
0x1402b5b20	0x1402b5c06	0x140548cfc	1	0			
0x1402b5c06	0x1402b5cfa	0x140548d14	1	4	0x1402b5b20	0x1402b5c06	0x140548cfc
0x1402b5cfa	0x1402b5e82	0x140548d28	1	4	0x1402b5b20	0x1402b5c06	0x140548cfc
0x1402b5e90	0x1402b5eab	0x140548c80	1	0			
0x1402b5eab	0x1402b5f06	0x140548cd4	1	4	0x1402b5e90	0x1402b5eab	0x140548c80
0x1402b5f06	0x1402b5f11	0x140548cec	1	4	0x1402b5e90	0x1402b5eab	0x140548c80
0x1402b5f20	0x1402b6017	0x140548d6c	1	2			
0x1402b6020	0x1402b60e6	0x140548de8	1	3			
0x1402b60f0	0x1402b6124	0x1405463d4	1	0			
0x1402b6130	0x1402b6140	0x14054921c	1	0			
0x1402b6140	0x1402b61c9	0x14054903c	1	4	0x1402b6130	0x1402b6140	0x14054921c
0x1402b61c9	0x1402b6252	0x140549050	1	4	0x1402b6140	0x1402b61c9	0x14054903c
0x1402b6252	0x1402b6381	0x140549064	1	4	0x1402b6140	0x1402b61c9	0x14054903c
0x1402b6381	0x1402b6430	0x140549074	1	4	0x1402b6130	0x1402b6140	0x14054921c
0x1402b6430	0x1402b6560	0x140548e30	1	3			
0x1402b6560	0x1402b65ed	0x140526458	1	0			
0x1402b65f0	0x1402b6608	0x140548eb4	1	0			
0x1402b6608	0x1402b66fc	0x140548ebc	1	4	0x1402b65f0	0x1402b6608	0x140548eb4
0x1402b66fc	0x1402b7b06	0x140548eec	1	4	0x1402b6608	0x1402b66fc	0x140548ebc
0x1402b7b06	0x1402b7c23	0x140548f08	1	4	0x1402b66fc	0x1402b7b06	0x140548eec
0x1402b7c23	0x1402b7d15	0x140548f1c	1	4	0x1402b66fc	0x1402b7b06	0x140548eec
0x1402b7d15	0x1402b7eb1	0x140548f2c	1	4	0x1402b6608	0x1402b66fc	0x140548ebc
0x1402b7eb1	0x1402b7f14	0x140548f3c	1	4	0x1402b65f0	0x1402b6608	0x140548eb4
0x1402b7f20	0x1402b8090	0x140548e80	1	0			
0x1402b80a0	0x1402b8131	0x140548fdc	1	0			
0x1402b8131	0x1402b813e	0x140548fe8	1	4	0x1402b80a0	0x1402b8131	0x140548fdc
0x1402b813e	0x1402b8224	0x140549000	1	4	0x1402b8131	0x1402b813e	0x140548fe8
0x1402b8224	0x1402b82a4	0x14054901c	1	4	0x1402b8131	0x1402b813e	0x140548fe8
0x1402b82a4	0x1402b82c8	0x14054902c	1	4	0x1402b80a0	0x1402b8131	0x140548fdc
0x1402b82d0	0x1402b8a04	0x140548e00	1	0			
0x1402b8a10	0x1402b8ffc	0x140548e94	1	0			
0x1402b90d0	0x1402b9198	0x140545fec	1	0			
0x1402b91a0	0x1402b91bd	0x140545b9c	1	0			
0x1402b91bd	0x1402b9246	0x140548f4c	1	4	0x1402b91a0	0x1402b91bd	0x140545b9c
0x1402b9246	0x1402b92de	0x140548f60	1	4	0x1402b91bd	0x1402b9246	0x140548f4c
0x1402b92de	0x1402b92e7	0x140548f7c	1	4	0x1402b91bd	0x1402b9246	0x140548f4c
0x1402b92e7	0x1402b92ec	0x140548f90	1	4	0x1402b91bd	0x1402b9246	0x140548f4c
0x1402b92ec	0x1402b92f2	0x140548fa0	1	4	0x1402b91a0	0x1402b91bd	0x140545b9c
0x1402b92f2	0x1402b9367	0x140548fb0	1	4	0x1402b91a0	0x1402b91bd	0x140545b9c
0x1402b9367	0x1402b93b6	0x140548fc8	1	4	0x1402b91a0	0x1402b91bd	0x140545b9c
0x1402b93b6	0x1402b9445	0x140548fc8	1	4	0x1402b91a0	0x1402b91bd	0x140545b9c
0x1402b9445	0x1402b9484	0x140548fc8	1	4	0x1402b91a0	0x1402b91bd	0x140545b9c
0x1402b9484	0x1402b94c0	0x140548fc8	1	4	0x1402b91a0	0x1402b91bd	0x140545b9c
0x1402b94c0	0x1402b94d8	0x140548fa0	1	4	0x1402b91a0	0x1402b91bd	0x140545b9c
0x1402b94e0	0x1402b95a4	0x140549084	1	2			
0x1402b95b0	0x1402b964c	0x1405490d8	1	3			
0x1402b9650	0x1402b9684	0x1405463d4	1	0			
0x1402b9690	0x1402b96a0	0x14054921c	1	0			
0x1402b96a0	0x1402b9729	0x14054922c	1	4	0x1402b9690	0x1402b96a0	0x14054921c
0x1402b9729	0x1402b97b2	0x140549240	1	4	0x1402b96a0	0x1402b9729	0x14054922c
0x1402b97b2	0x1402b98e2	0x140549254	1	4	0x1402b96a0	0x1402b9729	0x14054922c
0x1402b98e2	0x1402b9970	0x140549264	1	4	0x1402b9690	0x1402b96a0	0x14054921c
0x1402b9980	0x1402b9a9a	0x140549134	1	3			
0x1402b9aa0	0x1402b9b2d	0x140526458	1	0			
0x1402b9b30	0x1402b9bae	0x140549180	1	0			
0x1402b9bae	0x1402b9cbf	0x140549190	1	4	0x1402b9b30	0x1402b9bae	0x140549180
0x1402b9cbf	0x1402b9d5d	0x1405491a8	1	4	0x1402b9bae	0x1402b9cbf	0x140549190
0x1402b9d5d	0x1402b9e91	0x1405491bc	1	4	0x1402b9bae	0x1402b9cbf	0x140549190
0x1402b9e91	0x1402b9eae	0x1405491cc	1	4	0x1402b9b30	0x1402b9bae	0x140549180
0x1402b9ec0	0x1402ba01f	0x1405490f0	1	0			
0x1402ba01f	0x1402ba0e9	0x140549110	1	4	0x1402b9ec0	0x1402ba01f	0x1405490f0
0x1402ba0e9	0x1402ba273	0x140549124	1	4	0x1402b9ec0	0x1402ba01f	0x1405490f0
0x1402ba280	0x1402ba2f5	0x14054fa50	1	0			
0x1402ba300	0x1402ba41c	0x140545b9c	1	0			
0x1402ba420	0x1402ba42e	0x1405491dc	1	0			
0x1402ba42e	0x1402ba50f	0x1405491e8	1	4	0x1402ba420	0x1402ba42e	0x1405491dc
0x1402ba50f	0x1402ba5a8	0x14054920c	1	4	0x1402ba420	0x1402ba42e	0x1405491dc
0x1402ba5b0	0x1402ba641	0x140545fec	1	0			
0x1402ba650	0x1402ba6df	0x140549274	1	2			
0x1402ba6e0	0x1402ba74d	0x1405492b8	1	3			
0x1402ba750	0x1402ba784	0x1405463d4	1	0			
0x1402ba790	0x1402ba9f5	0x1405492d0	1	3			
0x1402baa00	0x1402baa8f	0x140526458	1	0			
0x1402baaa0	0x1402bac01	0x140549448	1	0			
0x1402bac10	0x1402bac30	0x140549360	1	0			
0x1402bac30	0x1402baca7	0x140549368	1	4	0x1402bac10	0x1402bac30	0x140549360
0x1402baca7	0x1402bacac	0x14054937c	1	4	0x1402bac30	0x1402baca7	0x140549368
0x1402bacac	0x1402bae80	0x140549390	1	4	0x1402baca7	0x1402bacac	0x14054937c
0x1402bae80	0x1402baf1b	0x1405493ac	1	4	0x1402bacac	0x1402bae80	0x140549390
0x1402baf1b	0x1402baf48	0x1405493c4	1	4	0x1402bacac	0x1402bae80	0x140549390
0x1402baf48	0x1402bb0b6	0x1405493d4	1	4	0x1402baca7	0x1402bacac	0x14054937c
0x1402bb0b6	0x1402bb148	0x1405493ec	1	4	0x1402bac30	0x1402baca7	0x140549368
0x1402bb148	0x1402bb14d	0x140549400	1	4	0x1402bac30	0x1402baca7	0x140549368
0x1402bb14d	0x1402bb153	0x140549410	1	4	0x1402bac10	0x1402bac30	0x140549360
0x1402bb160	0x1402bb1b5	0x140529c34	1	3			
0x1402bb1b5	0x1402bb2a5	0x140549420	1	4	0x1402bb160	0x1402bb1b5	0x140529c34
0x1402bb2a5	0x1402bb3e4	0x140549438	1	4	0x1402bb160	0x1402bb1b5	0x140529c34
0x1402bb3f0	0x1402bb49a	0x140549464	1	2			
0x1402bb4a0	0x1402bb50d	0x1405494a8	1	3			
0x1402bb510	0x1402bb544	0x1405463d4	1	0			
0x1402bb550	0x1402bb561	0x140539b24	1	0			
0x1402bb561	0x1402bb6e1	0x140549694	1	4	0x1402bb550	0x1402bb561	0x140539b24
0x1402bb6e1	0x1402bb715	0x1405496bc	1	4	0x1402bb550	0x1402bb561	0x140539b24
0x1402bb715	0x1402bb71a	0x1405496d0	1	4	0x1402bb550	0x1402bb561	0x140539b24
0x1402bb720	0x1402bb97b	0x1405494c0	1	3			
0x1402bb980	0x1402bba0f	0x140526458	1	0			
0x1402bba10	0x1402bbb87	0x140549558	1	0			
0x1402bbb87	0x1402bbe59	0x140549574	1	4	0x1402bba10	0x1402bbb87	0x140549558
0x1402bbe59	0x1402bbeb6	0x140549588	1	4	0x1402bba10	0x1402bbb87	0x140549558
0x1402bbec0	0x1402bbed6	0x14053e38c	1	0			
0x1402bbed6	0x1402bbf23	0x140549598	1	4	0x1402bbec0	0x1402bbed6	0x14053e38c
0x1402bbf23	0x1402bc32e	0x1405495b4	1	4	0x1402bbed6	0x1402bbf23	0x140549598
0x1402bc32e	0x1402bc4f3	0x1405495d4	1	4	0x1402bbf23	0x1402bc32e	0x1405495b4
0x1402bc4f3	0x1402bd42e	0x1405495e8	1	4	0x1402bbf23	0x1402bc32e	0x1405495b4
0x1402bd42e	0x1402bd45a	0x1405495f8	1	4	0x1402bbed6	0x1402bbf23	0x140549598
0x1402bd45a	0x1402bd4c4	0x140549608	1	4	0x1402bbec0	0x1402bbed6	0x14053e38c
0x1402bd4d0	0x1402bd539	0x14053c418	1	0			
0x1402bd540	0x1402bdb6c	0x140549540	1	0			
0x1402bdb70	0x1402bdb8f	0x140540fbc	1	0			
0x1402bdb8f	0x1402bdba6	0x140549618	1	4	0x1402bdb70	0x1402bdb8f	0x140540fbc
0x1402bdba6	0x1402bdbd8	0x14054962c	1	4	0x1402bdb8f	0x1402bdba6	0x140549618
0x1402bdbd8	0x1402bdbec	0x140549644	1	4	0x1402bdb8f	0x1402bdba6	0x140549618
0x1402bdbec	0x1402bdbf2	0x140549658	1	4	0x1402bdb70	0x1402bdb8f	0x140540fbc
0x1402bdbf2	0x1402bdc3e	0x140549668	1	4	0x1402bdb70	0x1402bdb8f	0x140540fbc
0x1402bdc3e	0x1402bdca7	0x140549680	1	4	0x1402bdb70	0x1402bdb8f	0x140540fbc
0x1402bdca7	0x1402bdcb7	0x140549680	1	4	0x1402bdb70	0x1402bdb8f	0x140540fbc
0x1402bdd20	0x1402bdd94	0x1405496e0	1	2			
0x1402bdda0	0x1402bde14	0x140549800	1	3			
0x1402bde20	0x1402bdf38	0x140549708	1	3			
0x1402bdf40	0x1402bdf90	0x14054854c	1	0			
0x1402bdfa0	0x1402bdfa8	0x1405497b0	1	0			
0x1402bdfa8	0x1402be1d2	0x1405497bc	1	4	0x1402bdfa0	0x1402bdfa8	0x1405497b0
0x1402be1d2	0x1402be6d7	0x1405497dc	1	4	0x1402bdfa8	0x1402be1d2	0x1405497bc
0x1402be6d7	0x1402be711	0x1405497f0	1	4	0x1402bdfa0	0x1402bdfa8	0x1405497b0
0x1402be720	0x1402be979	0x140549794	1	0			
0x1402be980	0x1402be9d1	0x14053e38c	1	0			
0x1402be9d1	0x1402beaf0	0x140549758	1	4	0x1402be980	0x1402be9d1	0x14053e38c
0x1402beaf0	0x1402becaa	0x140549784	1	4	0x1402be980	0x1402be9d1	0x14053e38c
0x1402becb0	0x1402bee3c	0x140526458	1	0			
0x1402bee40	0x1402bee8e	0x140549830	1	2			
0x1402bee90	0x1402beee5	0x1405463d4	1	0			
0x1402bef00	0x1402bf018	0x140549860	1	3			
0x1402bf050	0x1402bf185	0x140532f5c	1	0			
0x1402bf185	0x1402bf21c	0x1405498b0	1	4	0x1402bf050	0x1402bf185	0x140532f5c
0x1402bf21c	0x1402bf327	0x1405498c4	1	4	0x1402bf050	0x1402bf185	0x140532f5c
0x1402bf350	0x1402bf3ea	0x1405498d4	1	2			
0x1402bf3f0	0x1402bf45d	0x140549918	1	3			
0x1402bf460	0x1402bf494	0x1405463d4	1	0			
0x1402bf4b0	0x1402bf5eb	0x140538234	1	0			
0x1402bf5eb	0x1402bf757	0x1405499d4	1	4	0x1402bf4b0	0x1402bf5eb	0x140538234
0x1402bf757	0x1402bf778	0x1405499e8	1	4	0x1402bf4b0	0x1402bf5eb	0x140538234
0x1402bf780	0x1402bfa6a	0x140549794	1	0			
0x1402bfa70	0x1402bfc36	0x140549930	1	3			
0x1402bfc40	0x1402bfcef	0x140526458	1	0			
0x1402bfcf0	0x1402bfe6e	0x14054e970	1	0			
0x1402bfe70	0x1402bfeb4	0x1405499a0	1	0			
0x1402bfeb4	0x1402bffa5	0x1405499ac	1	4	0x1402bfe70	0x1402bfeb4	0x1405499a0
0x1402bffa5	0x1402c0224	0x1405499c4	1	4	0x1402bfe70	0x1402bfeb4	0x1405499a0
0x1402c0230	0x1402c0298	0x140526458	1	0			
0x1402c0350	0x1402c03d8	0x14054f8f4	1	0			
0x1402c0430	0x1402c04b6	0x14054f8f4	1	0			
0x1402c0500	0x1402c051c	0x1405499f8	1	3			
0x1402c051c	0x1402c05ab	0x140549a08	1	4	0x1402c0500	0x1402c051c	0x1405499f8
0x1402c05ab	0x1402c071b	0x140549a28	1	4	0x1402c051c	0x1402c05ab	0x140549a08
0x1402c071b	0x1402c0740	0x140549a40	1	4	0x1402c051c	0x1402c05ab	0x140549a08
0x1402c0740	0x1402c07bc	0x140549a50	1	4	0x1402c0500	0x1402c051c	0x1405499f8
0x1402c07f0	0x1402c5db9	0x14053c418	1	0			
0x1402c5dc0	0x1402c5de4	0x14053c418	1	0			
0x1402c5df0	0x1402c5e10	0x140549a60	1	3			
0x1402c5e10	0x1402c5f55	0x140549a70	1	4	0x1402c5df0	0x1402c5e10	0x140549a60
0x1402c5f55	0x1402c5f75	0x140549a8c	1	4	0x1402c5df0	0x1402c5e10	0x140549a60
0x1402c5f75	0x1402c5fe7	0x140549a9c	1	4	0x1402c5df0	0x1402c5e10	0x140549a60
0x1402c6010	0x1402c60d3	0x140538250	1	0			
0x1402c60e0	0x1402c614e	0x14054f8f4	1	0			
0x1402c6150	0x1402c6225	0x140549794	1	0			
0x1402c6270	0x1402c62ac	0x140549ae8	1	3			
0x1402c62ac	0x1402c6489	0x140549b08	1	4	0x1402c6270	0x1402c62ac	0x140549ae8
0x1402c6489	0x1402c64ae	0x140549b30	1	4	0x1402c6270	0x1402c62ac	0x140549ae8
0x1402c64d0	0x1402c64e7	0x14054f8f4	1	0			
0x1402c64f0	0x1402c6607	0x140549b9c	1	3			
0x1402c6607	0x1402c67e1	0x140549bbc	1	4	0x1402c64f0	0x1402c6607	0x140549b9c
0x1402c67e1	0x1402c6805	0x140549bd0	1	4	0x1402c64f0	0x1402c6607	0x140549b9c
0x1402c6870	0x1402c68e4	0x140526458	1	0			
0x1402c68f0	0x1402c69f0	0x14053dcd0	1	3			
0x1402c69f0	0x1402c6a6f	0x1405463d4	1	0			
0x1402c6a70	0x1402c6b3f	0x14052aa04	1	0			
0x1402c6b40	0x1402c6c0f	0x14052aa04	1	0			
0x1402c6c30	0x1402c6cde	0x140533a64	1	3			
0x1402c6ce0	0x1402c6d87	0x140549b88	1	0			
0x1402c6d90	0x1402c6fd3	0x14053bbc0	1	0			
0x1402c6fe0	0x1402c7012	0x14054f8f4	1	0			
0x1402c7012	0x1402c7037	0x140549b40	1	4	0x1402c6fe0	0x1402c7012	0x14054f8f4
0x1402c7037	0x1402c706c	0x140549b54	1	4	0x1402c7012	0x1402c7037	0x140549b40
0x1402c706c	0x1402c7071	0x140549b68	1	4	0x1402c7012	0x1402c7037	0x140549b40
0x1402c7071	0x1402c7076	0x140549b78	1	4	0x1402c6fe0	0x1402c7012	0x14054f8f4
0x1402c7090	0x1402c71b7	0x140549be0	1	3			
0x1402c71c0	0x1402c72d2	0x1405282a8	1	3			
0x1402c7430	0x1402c745b	0x14053c418	1	0			
0x1402c7460	0x1402c748f	0x140538250	1	0			
0x1402c74f0	0x1402c758e	0x14052aa04	1	0			
0x1402c7590	0x1402c76c6	0x14052a03c	1	0			
0x1402c76d0	0x1402c7785	0x140549c00	1	2			
0x1402c7790	0x1402c77fa	0x140549cb8	1	3			
0x1402c7860	0x1402c78ca	0x140535db4	1	3			
0x1402c79e0	0x1402c79f6	0x14053dd90	1	0			
0x1402c79f6	0x1402c7af1	0x140549c28	1	4	0x1402c79e0	0x1402c79f6	0x14053dd90
0x1402c7af1	0x1402c7b0d	0x140549c44	1	4	0x1402c79e0	0x1402c79f6	0x14053dd90
0x1402c7b0d	0x1402c7b12	0x140549c5c	1	4	0x1402c7af1	0x1402c7b0d	0x140549c44
0x1402c7b12	0x1402c7ef0	0x140549c70	1	4	0x1402c7b0d	0x1402c7b12	0x140549c5c
0x1402c7ef0	0x1402c7fb1	0x140549c88	1	4	0x1402c7b0d	0x1402c7b12	0x140549c5c
0x1402c7fb1	0x1402c7fbb	0x140549c98	1	4	0x1402c7af1	0x1402c7b0d	0x140549c44
0x1402c7fbb	0x1402c7fc1	0x140549ca8	1	4	0x1402c79e0	0x1402c79f6	0x14053dd90
0x1402c7fd0	0x1402c830b	0x140545fec	1	0			
0x1402c83d0	0x1402c8428	0x140549ce8	1	0			
0x1402c8450	0x1402c8611	0x140549dfc	1	3			
0x1402c8611	0x1402c863b	0x140549e30	1	4	0x1402c8450	0x1402c8611	0x140549dfc
0x1402c863b	0x1402c8c07	0x140549e44	1	4	0x1402c8611	0x1402c863b	0x140549e30
0x1402c8c07	0x1402c8c0f	0x140549e68	1	4	0x1402c8611	0x1402c863b	0x140549e30
0x1402c8c0f	0x1402c8c73	0x140549e78	1	4	0x1402c8450	0x1402c8611	0x140549dfc
0x1402c8c80	0x1402c8cd8	0x140549d54	1	3			
0x1402c8cd8	0x1402c8df5	0x140549d6c	1	4	0x1402c8c80	0x1402c8cd8	0x140549d54
0x1402c8df5	0x1402c8e0c	0x140549d90	1	4	0x1402c8c80	0x1402c8cd8	0x140549d54
0x1402c8e0c	0x1402c8f60	0x140549da0	1	4	0x1402c8c80	0x1402c8cd8	0x140549d54
0x1402c8f60	0x1402c8fc1	0x14054854c	1	0			
0x1402c8fd0	0x1402c8fef	0x140549cf8	1	3			
0x1402c8fef	0x1402c9247	0x140549d0c	1	4	0x1402c8fd0	0x1402c8fef	0x140549cf8
0x1402c9247	0x1402c925f	0x140549d30	1	4	0x1402c8fd0	0x1402c8fef	0x140549cf8
0x1402c925f	0x1402c9290	0x140549d44	1	4	0x1402c8fd0	0x1402c8fef	0x140549cf8
0x1402c9290	0x1402c92a4	0x14054f8f4	1	0			
0x1402c92b0	0x1402c92cc	0x140549dc4	1	0			
0x1402c92cc	0x1402c9311	0x140549dd4	1	4	0x1402c92b0	0x1402c92cc	0x140549dc4
0x1402c9311	0x1402c932b	0x140549dec	1	4	0x1402c92b0	0x1402c92cc	0x140549dc4
0x1402c9350	0x1402c944a	0x140538158	1	0			
0x1402c9450	0x1402c949c	0x140549ea4	1	3			
0x1402c949c	0x1402c94b3	0x140549ec0	1	4	0x1402c9450	0x1402c949c	0x140549ea4
0x1402c94b3	0x1402c96fe	0x140549ed8	1	4	0x1402c949c	0x1402c94b3	0x140549ec0
0x1402c96fe	0x1402c97dc	0x140549f10	1	4	0x1402c94b3	0x1402c96fe	0x140549ed8
0x1402c97dc	0x1402c9902	0x140549f24	1	4	0x1402c96fe	0x1402c97dc	0x140549f10
0x1402c9902	0x1402c9957	0x140549f38	1	4	0x1402c96fe	0x1402c97dc	0x140549f10
0x1402c9957	0x1402c9c09	0x140549f48	1	4	0x1402c949c	0x1402c94b3	0x140549ec0
0x1402c9c09	0x1402c9cbf	0x140549f7c	1	4	0x1402c9450	0x1402c949c	0x140549ea4
0x1402c9cbf	0x1402c9d65	0x140549fb0	1	4	0x1402c9450	0x1402c949c	0x140549ea4
0x1402c9d65	0x1402c9d81	0x140549fd4	1	4	0x1402c9450	0x1402c949c	0x140549ea4
0x1402c9d81	0x1402c9dc0	0x140549fe8	1	4	0x1402c9450	0x1402c949c	0x140549ea4
0x1402c9dc0	0x1402c9f37	0x14054a05c	1	3			
0x1402c9f40	0x1402c9ff4	0x140533a64	1	3			
0x1402ca0a0	0x1402ca0a8	0x140549ff8	1	0			
0x1402ca0a8	0x1402ca0b0	0x14054a004	1	4	0x1402ca0a0	0x1402ca0a8	0x140549ff8
0x1402ca0b0	0x1402ca184	0x14054a018	1	4	0x1402ca0a8	0x1402ca0b0	0x14054a004
0x1402ca184	0x1402ca1b4	0x14054a038	1	4	0x1402ca0a8	0x1402ca0b0	0x14054a004
0x1402ca1b4	0x1402ca1ce	0x14054a04c	1	4	0x1402ca0a0	0x1402ca0a8	0x140549ff8
0x1402ca1d0	0x1402ca2c1	0x140549e88	1	3			
0x1402ca310	0x1402ca345	0x14054a078	1	3			
0x1402ca345	0x1402ca412	0x14054a090	1	4	0x1402ca310	0x1402ca345	0x14054a078
0x1402ca412	0x1402ca42a	0x14054a0b4	1	4	0x1402ca310	0x1402ca345	0x14054a078
0x1402ca42a	0x1402ca76d	0x14054a0c4	1	4	0x1402ca310	0x1402ca345	0x14054a078
0x1402ca770	0x1402ca79e	0x14054a0e8	1	3			
0x1402ca79e	0x1402ca7ce	0x14054a100	1	4	0x1402ca770	0x1402ca79e	0x14054a0e8
0x1402ca7ce	0x1402ca9c4	0x14054a128	1	4	0x1402ca79e	0x1402ca7ce	0x14054a100
0x1402ca9c4	0x1402caa5f	0x14054a140	1	4	0x1402ca7ce	0x1402ca9c4	0x14054a128
0x1402caa5f	0x1402caa7f	0x14054a170	1	4	0x1402ca79e	0x1402ca7ce	0x14054a100
0x1402caa7f	0x1402cabdd	0x14054a154	1	4	0x1402ca79e	0x1402ca7ce	0x14054a100
0x1402cabdd	0x1402cb14a	0x14054a170	1	4	0x1402ca79e	0x1402ca7ce	0x14054a100
0x1402cb14a	0x1402cb390	0x14054a184	1	4	0x1402ca770	0x1402ca79e	0x14054a0e8
0x1402cb3e0	0x1402cb42d	0x14054a194	1	3			
0x1402cb42d	0x1402cbb19	0x14054a1ac	1	4	0x1402cb3e0	0x1402cb42d	0x14054a194
0x1402cbb19	0x1402cbb6c	0x14054a1e4	1	4	0x1402cb3e0	0x1402cb42d	0x14054a194
0x1402cbbe0	0x1402cbcaf	0x14052a2f4	1	3			
0x1402cbcf0	0x1402cc02a	0x14054a1f4	1	3			
0x1402cc110	0x1402cc2f5	0x14054a278	1	3			
0x1402cc300	0x1402cc34e	0x14054a298	1	3			
0x1402cc34e	0x1402cc3b0	0x14054a2ac	1	4	0x1402cc300	0x1402cc34e	0x14054a298
0x1402cc3b0	0x1402cc3e9	0x14054a2c0	1	4	0x1402cc300	0x1402cc34e	0x14054a298
0x1402cc3f0	0x1402cc46d	0x140528dbc	1	3			
0x1402cc530	0x1402cc60c	0x14053c418	1	0			
0x1402cc610	0x1402cc88e	0x14054a23c	1	3			
0x1402cc890	0x1402cc995	0x14054a260	1	0			
0x1402cc9a0	0x1402cca26	0x1405463d4	1	0			
0x1402cca30	0x1402cca64	0x14053c418	1	0			
0x1402cca70	0x1402ccb46	0x140526458	1	0			
0x1402ccb50	0x1402ccbcd	0x1405235c4	1	0			
0x1402ccbcd	0x1402ccbf1	0x14054a218	1	4	0x1402ccb50	0x1402ccbcd	0x1405235c4
0x1402ccbf1	0x1402cccb0	0x14054a22c	1	4	0x1402ccb50	0x1402ccbcd	0x1405235c4
0x1402cccb0	0x1402ccd5b	0x14054854c	1	0			
0x1402ccf20	0x1402ccf91	0x14054a32c	1	0			
0x1402ccfa0	0x1402cd0f0	0x14054a2d0	1	3			
0x1402cd0f0	0x1402cd1c7	0x14054a2ec	1	3			
0x1402cd1c7	0x1402cd259	0x14054a304	1	4	0x1402cd0f0	0x1402cd1c7	0x14054a2ec
0x1402cd259	0x1402cd271	0x14054a31c	1	4	0x1402cd0f0	0x1402cd1c7	0x14054a2ec
0x1402cd280	0x1402cd33d	0x140523670	1	3			
0x1402cd340	0x1402cd400	0x140523670	1	3			
0x1402cd400	0x1402cd469	0x14054a6a8	1	3			
0x1402cd469	0x1402cd58b	0x14054a6c0	1	4	0x1402cd400	0x1402cd469	0x14054a6a8
0x1402cd58b	0x1402cd5c1	0x14054a6e8	1	4	0x1402cd400	0x1402cd469	0x14054a6a8
0x1402cd5c1	0x1402cd61b	0x14054a700	1	4	0x1402cd400	0x1402cd469	0x14054a6a8
0x1402cd620	0x1402cd7ed	0x14054a710	1	3			
0x1402cd7f0	0x1402cd949	0x14054a734	1	3			
0x1402cd950	0x1402cda0d	0x14054a75c	1	3			
0x1402cda0d	0x1402cdc20	0x14054a77c	1	4	0x1402cd950	0x1402cda0d	0x14054a75c
0x1402cdc20	0x1402cdc78	0x14054a790	1	4	0x1402cd950	0x1402cda0d	0x14054a75c
0x1402cdc80	0x1402cddb3	0x14054a93c	1	0			
0x1402cde00	0x1402cde63	0x14054ab0c	1	3			
0x1402cde63	0x1402cde72	0x14054ab48	1	4	0x1402cde00	0x1402cde63	0x14054ab0c
0x1402cde72	0x1402cdf6f	0x14054ab5c	1	4	0x1402cde63	0x1402cde72	0x14054ab48
0x1402cdf6f	0x1402cdff3	0x14054ab70	1	4	0x1402cde72	0x1402cdf6f	0x14054ab5c
0x1402cdff3	0x1402ce0bc	0x14054ab84	1	4	0x1402cde63	0x1402cde72	0x14054ab48
0x1402ce0bc	0x1402ce49a	0x14054ab98	1	4	0x1402cde00	0x1402cde63	0x14054ab0c
0x1402ce4a0	0x1402ce523	0x14054aa88	1	3			
0x1402ce523	0x1402ce5b3	0x14054aab0	1	4	0x1402ce4a0	0x1402ce523	0x14054aa88
0x1402ce5b3	0x1402ce5cd	0x14054aac4	1	4	0x1402ce4a0	0x1402ce523	0x14054aa88
0x1402ce5cd	0x1402ce693	0x14054aad4	1	4	0x1402ce5b3	0x1402ce5cd	0x14054aac4
0x1402ce693	0x1402ce6c5	0x14054aae8	1	4	0x1402ce5b3	0x1402ce5cd	0x14054aac4
0x1402ce6c5	0x1402ce6eb	0x14054aaf8	1	4	0x1402ce5b3	0x1402ce5cd	0x14054aac4
0x1402ce6eb	0x1402ce758	0x14054aae8	1	4	0x1402ce5b3	0x1402ce5cd	0x14054aac4
0x1402ce760	0x1402ce7cb	0x14054a8c0	1	3			
0x1402ce7cb	0x1402ce832	0x14054a8d4	1	4	0x1402ce760	0x1402ce7cb	0x14054a8c0
0x1402ce832	0x1402ce84a	0x14054a8e8	1	4	0x1402ce760	0x1402ce7cb	0x14054a8c0
0x1402ce850	0x1402ce88e	0x14054a8f8	1	3			
0x1402ce88e	0x1402ce8eb	0x14054a914	1	4	0x1402ce850	0x1402ce88e	0x14054a8f8
0x1402ce8eb	0x1402ce90a	0x14054a92c	1	4	0x1402ce850	0x1402ce88e	0x14054a8f8
0x1402cea80	0x1402ceb24	0x14054a99c	1	0			
0x1402ceb30	0x1402ceba7	0x14054b888	1	3			
0x1402cebb0	0x1402cf1d0	0x14054a9a8	1	3			
0x1402cf1d0	0x1402cf31d	0x14053c258	1	3			
0x1402cf320	0x1402cf81f	0x14054a9e4	1	3			
0x1402cf840	0x1402cf885	0x14054a958	1	0			
0x1402cf885	0x1402cf939	0x14054a978	1	4	0x1402cf840	0x1402cf885	0x14054a958
0x1402cf939	0x1402cfa25	0x14054a98c	1	4	0x1402cf840	0x1402cf885	0x14054a958
0x1402cfa30	0x1402cfd4e	0x14054a638	1	3			
0x1402cfd50	0x1402d00fb	0x14054a674	1	3			
0x1402d0100	0x1402d0174	0x14054a7a0	1	3			
0x1402d0174	0x1402d03fb	0x14054a7bc	1	4	0x1402d0100	0x1402d0174	0x14054a7a0
0x1402d03fb	0x1402d0419	0x14054a7dc	1	4	0x1402d0100	0x1402d0174	0x14054a7a0
0x1402d0419	0x1402d041d	0x14054a7ec	1	4	0x1402d0100	0x1402d0174	0x14054a7a0
0x1402d041d	0x1402d046b	0x14054a7dc	1	4	0x1402d0100	0x1402d0174	0x14054a7a0
0x1402d0470	0x1402d048a	0x14054a860	1	3			
0x1402d048a	0x1402d04d3	0x14054a874	1	4	0x1402d0470	0x1402d048a	0x14054a860
0x1402d04d3	0x1402d04e6	0x14054a88c	1	4	0x1402d0470	0x1402d048a	0x14054a860
0x1402d04e6	0x1402d050f	0x14054a89c	1	4	0x1402d04d3	0x1402d04e6	0x14054a88c
0x1402d050f	0x1402d0527	0x14054a8b0	1	4	0x1402d04d3	0x1402d04e6	0x14054a88c
0x1402d0530	0x1402d0623	0x14054a338	1	3			
0x1402d0630	0x1402d06ee	0x14054fa58	1	3			
0x1402d06f0	0x1402d074f	0x14054854c	1	0			
0x1402d0750	0x1402d0974	0x14054a358	1	3			
0x1402d0974	0x1402d09e4	0x14054a378	1	4	0x1402d0750	0x1402d0974	0x14054a358
0x1402d09e4	0x1402d0a18	0x14054a38c	1	4	0x1402d0750	0x1402d0974	0x14054a358
0x1402d0a20	0x1402d0adf	0x14054a39c	1	3			
0x1402d0adf	0x1402d0afc	0x14054a3bc	1	4	0x1402d0a20	0x1402d0adf	0x14054a39c
0x1402d0afc	0x1402d0bf8	0x14054a3d0	1	4	0x1402d0adf	0x1402d0afc	0x14054a3bc
0x1402d0bf8	0x1402d0c1f	0x14054a3e8	1	4	0x1402d0adf	0x1402d0afc	0x14054a3bc
0x1402d0c1f	0x1402d0c41	0x14054a3f8	1	4	0x1402d0a20	0x1402d0adf	0x14054a39c
0x1402d0c50	0x1402d0c6d	0x14054a420	1	3			
0x1402d0c6d	0x1402d0c9c	0x14054a430	1	4	0x1402d0c50	0x1402d0c6d	0x14054a420
0x1402d0c9c	0x1402d0caf	0x14054a444	1	4	0x1402d0c50	0x1402d0c6d	0x14054a420
0x1402d0caf	0x1402d0cd8	0x14054a454	1	4	0x1402d0c9c	0x1402d0caf	0x14054a444
0x1402d0cd8	0x1402d0cf0	0x14054a468	1	4	0x1402d0c9c	0x1402d0caf	0x14054a444
0x1402d0cf0	0x1402d0d33	0x14054a478	1	3			
0x1402d0d33	0x1402d0db6	0x14054a48c	1	4	0x1402d0cf0	0x1402d0d33	0x14054a478
0x1402d0db6	0x1402d0e4b	0x14054a4a0	1	4	0x1402d0d33	0x1402d0db6	0x14054a48c
0x1402d0e4b	0x1402d0e5c	0x14054a4bc	1	4	0x1402d0d33	0x1402d0db6	0x14054a48c
0x1402d0e5c	0x1402d0e7e	0x14054a4cc	1	4	0x1402d0cf0	0x1402d0d33	0x14054a478
0x1402d0e80	0x1402d0f28	0x140533a64	1	3			
0x1402d0f30	0x1402d0f52	0x140538250	1	0			
0x1402d0f60	0x1402d1047	0x14054a408	1	3			
0x1402d1050	0x1402d1113	0x14054a4dc	1	3			
0x1402d1120	0x1402d126d	0x14054a4f4	1	3			
0x1402d126d	0x1402d14d0	0x14054a51c	1	4	0x1402d1120	0x1402d126d	0x14054a4f4
0x1402d14d0	0x1402d14fc	0x14054a538	1	4	0x1402d1120	0x1402d126d	0x14054a4f4
0x1402d14fc	0x1402d19eb	0x14054a548	1	4	0x1402d1120	0x1402d126d	0x14054a4f4
0x1402d19eb	0x1402d1b93	0x14054a538	1	4	0x1402d1120	0x1402d126d	0x14054a4f4
0x1402d1ba0	0x1402d1cb6	0x14054a564	1	3			
0x1402d1cc0	0x1402d1d48	0x14054a5cc	1	3			
0x1402d1d48	0x1402d1d8e	0x14054a5ec	1	4	0x1402d1cc0	0x1402d1d48	0x14054a5cc
0x1402d1d8e	0x1402d1e12	0x14054a604	1	4	0x1402d1d48	0x1402d1d8e	0x14054a5ec
0x1402d1e12	0x1402d1e7a	0x14054a618	1	4	0x1402d1d48	0x1402d1d8e	0x14054a5ec
0x1402d1e7a	0x1402d1e9e	0x14054a628	1	4	0x1402d1cc0	0x1402d1d48	0x14054a5cc
0x1402d1ea0	0x1402d1f97	0x140530260	1	3			
0x1402d1fa0	0x1402d20b2	0x14054d4dc	1	3			
0x1402d20c0	0x1402d21a6	0x14054a57c	1	3			
0x1402d21a6	0x1402d235c	0x14054a5a0	1	4	0x1402d20c0	0x1402d21a6	0x14054a57c
0x1402d235c	0x1402d2382	0x14054a5bc	1	4	0x1402d20c0	0x1402d21a6	0x14054a57c
0x1402d2390	0x1402d24cb	0x14054a80c	1	3			
0x1402d24d0	0x1402d2663	0x14054a82c	1	3			
0x1402d2670	0x1402d2751	0x14054aa1c	1	3			
0x1402d2751	0x1402d279e	0x14054aa38	1	4	0x1402d2670	0x1402d2751	0x14054aa1c
0x1402d279e	0x1402d28a3	0x14054aa50	1	4	0x1402d2751	0x1402d279e	0x14054aa38
0x1402d28a3	0x1402d28b3	0x14054aa68	1	4	0x1402d2751	0x1402d279e	0x14054aa38
0x1402d28b3	0x1402d28d7	0x14054aa78	1	4	0x1402d2670	0x1402d2751	0x14054aa1c
0x1402d28e0	0x1402d2938	0x14054abac	1	2			
0x1402d29c0	0x1402d29e3	0x14053c418	1	0			
0x1402d2a10	0x1402d2a6e	0x14054abd8	1	3			
0x1402d2a6e	0x1402d2ad3	0x14054abf8	1	4	0x1402d2a10	0x1402d2a6e	0x14054abd8
0x1402d2ad3	0x1402d2b3f	0x14054ac0c	1	4	0x1402d2a6e	0x1402d2ad3	0x14054abf8
0x1402d2b3f	0x1402d2c10	0x14054ac20	1	4	0x1402d2a6e	0x1402d2ad3	0x14054abf8
0x1402d2c10	0x1402d2c97	0x14054ac30	1	4	0x1402d2a10	0x1402d2a6e	0x14054abd8
0x1402d2ca0	0x1402d2d3d	0x14054ac40	1	0			
0x1402d2d3d	0x1402d2ddf	0x14054ac50	1	4	0x1402d2ca0	0x1402d2d3d	0x14054ac40
0x1402d2ddf	0x1402d2df2	0x14054ac6c	1	4	0x1402d2ca0	0x1402d2d3d	0x14054ac40
0x1402d2e80	0x1402d2f4d	0x1405255c0	1	0			
0x1402d2f50	0x1402d3034	0x14054d758	1	0			
0x1402d3060	0x1402d30d5	0x14053c418	1	0			
0x1402d30e0	0x1402d31f8	0x14054ac7c	1	0			
0x1402d3200	0x1402d321a	0x140537c40	1	0			
0x1402d321a	0x1402d3237	0x14054ac88	1	4	0x1402d3200	0x1402d321a	0x140537c40
0x1402d3237	0x1402d3525	0x14054aca0	1	4	0x1402d321a	0x1402d3237	0x14054ac88
0x1402d3525	0x1402d360d	0x14054acb8	1	4	0x1402d321a	0x1402d3237	0x14054ac88
0x1402d360d	0x1402d3634	0x14054acc8	1	4	0x1402d3200	0x1402d321a	0x140537c40
0x1402d36a0	0x1402d3707	0x14054acd8	1	0			
0x1402d3707	0x1402d375f	0x14054acfc	1	4	0x1402d36a0	0x1402d3707	0x14054acd8
0x1402d375f	0x1402d3a37	0x14054ad20	1	4	0x1402d3707	0x1402d375f	0x14054acfc
0x1402d3a37	0x1402d3b19	0x14054ad38	1	4	0x1402d3707	0x1402d375f	0x14054acfc
0x1402d3b19	0x1402d3b5b	0x14054ad48	1	4	0x1402d36a0	0x1402d3707	0x14054acd8
0x1402d3c70	0x1402d48fe	0x14054aef8	1	3			
0x1402d4900	0x1402d4967	0x14054ae50	1	0			
0x1402d4967	0x1402d4970	0x14054ae60	1	4	0x1402d4900	0x1402d4967	0x14054ae50
0x1402d4970	0x1402d4988	0x14054ae74	1	4	0x1402d4967	0x1402d4970	0x14054ae60
0x1402d4988	0x1402d49ff	0x14054ae88	1	4	0x1402d4970	0x1402d4988	0x14054ae74
0x1402d49ff	0x1402d4a13	0x14054aea4	1	4	0x1402d4970	0x1402d4988	0x14054ae74
0x1402d4a13	0x1402d4a5b	0x14054aeb4	1	4	0x1402d4967	0x1402d4970	0x14054ae60
0x1402d4a5b	0x1402d4ab3	0x14054aec4	1	4	0x1402d4900	0x1402d4967	0x14054ae50
0x1402d4ac0	0x1402d4ad8	0x140523c40	1	0			
0x1402d4ad8	0x1402d4b13	0x14054ada8	1	4	0x1402d4ac0	0x1402d4ad8	0x140523c40
0x1402d4b13	0x1402d4b1e	0x14054adbc	1	4	0x1402d4ac0	0x1402d4ad8	0x140523c40
0x1402d4b80	0x1402d4bd0	0x14054ae04	1	0			
0x1402d4bd0	0x1402d4c06	0x14054ae18	1	4	0x1402d4b80	0x1402d4bd0	0x14054ae04
0x1402d4c06	0x1402d4c1c	0x14054ae2c	1	4	0x1402d4b80	0x1402d4bd0	0x14054ae04
0x1402d4c1c	0x1402d4c64	0x14054ae3c	1	4	0x1402d4b80	0x1402d4bd0	0x14054ae04
0x1402d4c64	0x1402d4c69	0x14054ae2c	1	4	0x1402d4b80	0x1402d4bd0	0x14054ae04
0x1402d4c70	0x1402d4cf6	0x14053c418	1	0			
0x1402d4d00	0x1402d4d3a	0x14054c8c4	1	0			
0x1402d4d3a	0x1402d4e03	0x14054ad80	1	4	0x1402d4d00	0x1402d4d3a	0x14054c8c4
0x1402d4e03	0x1402d4e7c	0x14054ad98	1	4	0x1402d4d00	0x1402d4d3a	0x14054c8c4
0x1402d4e80	0x1402d4f86	0x1405463d4	1	0			
0x1402d4f90	0x1402d511a	0x14054af84	1	3			
0x1402d5120	0x1402d52b8	0x14054afd8	1	3			
0x1402d52c0	0x1402d531f	0x14054af9c	1	3			
0x1402d531f	0x1402d5453	0x14054afb4	1	4	0x1402d52c0	0x1402d531f	0x14054af9c
0x1402d5453	0x1402d5478	0x14054afc8	1	4	0x1402d52c0	0x1402d531f	0x14054af9c
0x1402d5480	0x1402d558c	0x14054aff4	1	3			
0x1402d5590	0x1402d571a	0x14054af84	1	3			
0x1402d5720	0x1402d58aa	0x14054af84	1	3			
0x1402d58b0	0x1402d5b2a	0x140532378	1	0			
0x1402d5b30	0x1402d5b75	0x14054af44	1	3			
0x1402d5b75	0x1402d5e45	0x14054af5c	1	4	0x1402d5b30	0x1402d5b75	0x14054af44
0x1402d5e45	0x1402d5ea4	0x14054af74	1	4	0x1402d5b30	0x1402d5b75	0x14054af44
0x1402d5eb0	0x1402d6086	0x14054af2c	1	3			
0x1402d6090	0x1402d60cd	0x140528d7c	1	0			
0x1402d60cd	0x1402d6116	0x14054adcc	1	4	0x1402d6090	0x1402d60cd	0x140528d7c
0x1402d6116	0x1402d61b2	0x14054ade0	1	4	0x1402d6090	0x1402d60cd	0x140528d7c
0x1402d61b2	0x1402d61c5	0x14054ade0	1	4	0x1402d6090	0x1402d60cd	0x140528d7c
0x1402d61c5	0x1402d61cb	0x14054adf4	1	4	0x1402d6090	0x1402d60cd	0x140528d7c
0x1402d61d0	0x1402d63a9	0x14054aed8	1	3			
0x1402d63b0	0x1402d641a	0x14054af20	1	0			
0x1402d6420	0x1402d6443	0x14053c418	1	0			
0x1402d6450	0x1402d6518	0x140526458	1	0			
0x1402d6520	0x1402d6a53	0x14054b030	1	3			
0x1402d6a60	0x1402d6f3e	0x14054b0b4	1	3			
0x1402d6f40	0x1402d720e	0x14054b128	1	3			
0x1402d7210	0x1402d79f3	0x14054b088	1	3			
0x1402d7a00	0x1402d81c0	0x14054b0dc	1	3			
0x1402d81c0	0x1402d83de	0x14054b178	1	3			
0x1402d83e0	0x1402d96a4	0x14054b05c	1	3			
0x1402d96b0	0x1402da473	0x14054b088	1	3			
0x1402da480	0x1402da74e	0x14054b104	1	3			
0x1402da750	0x1402da9d0	0x14054b150	1	3			
0x1402da9d0	0x1402dad4e	0x14054b19c	1	3			
0x1402dad60	0x1402db10e	0x14054b00c	1	3			
0x1402db110	0x1402db1a5	0x140526458	1	0			
0x1402db1b0	0x1402db1ef	0x14054854c	1	0			
0x1402db270	0x1402db335	0x14054f4a0	1	0			
0x1402db3c0	0x1402db401	0x14054b1c4	1	3			
0x1402db401	0x1402db66e	0x14054b1d8	1	4	0x1402db3c0	0x1402db401	0x14054b1c4
0x1402db66e	0x1402db68c	0x14054b1ec	1	4	0x1402db3c0	0x1402db401	0x14054b1c4
0x1402db690	0x1402db6d4	0x1405463d4	1	0			
0x1402db6e0	0x1402db7ac	0x14054b638	1	2			
0x1402db7b0	0x1402db911	0x14054b1fc	1	2			
0x1402db920	0x1402db9f0	0x14054b2a0	1	3			
0x1402db9f0	0x1402dba24	0x1405463d4	1	0			
0x1402dba30	0x1402dc76a	0x14054b2b8	1	3			
0x1402dc770	0x1402dc810	0x14054854c	1	0			
0x1402dc810	0x1402dc8f7	0x14054f978	1	0			
0x1402dc900	0x1402dc992	0x14052aa04	1	0			
0x1402dc9a0	0x1402dca2e	0x14053c418	1	0			
0x1402dca30	0x1402dca9e	0x14054b350	1	3			
0x1402dca9e	0x1402dcb16	0x14054b364	1	4	0x1402dca30	0x1402dca9e	0x14054b350
0x1402dcb16	0x1402dcbac	0x14054b378	1	4	0x1402dca9e	0x1402dcb16	0x14054b364
0x1402dcbac	0x1402dd8df	0x14054b3a8	1	4	0x1402dcb16	0x1402dcbac	0x14054b378
0x1402dd8df	0x1402dda80	0x14054b3cc	1	4	0x1402dcbac	0x1402dd8df	0x14054b3a8
0x1402dda80	0x1402ddbf0	0x14054b3e0	1	4	0x1402dcbac	0x1402dd8df	0x14054b3a8
0x1402ddbf0	0x1402ddfd3	0x14054b3f0	1	4	0x1402dcb16	0x1402dcbac	0x14054b378
0x1402ddfd3	0x1402de0c4	0x14054b404	1	4	0x1402dca9e	0x1402dcb16	0x14054b364
0x1402de0c4	0x1402de1fa	0x14054b424	1	4	0x1402dca9e	0x1402dcb16	0x14054b364
0x1402de1fa	0x1402de203	0x14054b438	1	4	0x1402dca9e	0x1402dcb16	0x14054b364
0x1402de203	0x1402de219	0x14054b448	1	4	0x1402dca30	0x1402dca9e	0x14054b350
0x1402de260	0x1402de26e	0x14053c418	1	0			
0x1402de26e	0x1402de2ea	0x14054b614	1	4	0x1402de260	0x1402de26e	0x14053c418
0x1402de2ea	0x1402de302	0x14054b628	1	4	0x1402de260	0x1402de26e	0x14053c418
0x1402de310	0x1402de3f0	0x14053c418	1	0			
0x1402de3f0	0x1402de4b4	0x14053c418	1	0			
0x1402de4c0	0x1402de584	0x14053c418	1	0			
0x1402de590	0x1402de654	0x14053c418	1	0			
0x1402de660	0x1402de724	0x14053c418	1	0			
0x1402de730	0x1402de7c1	0x14053c418	1	0			
0x1402de7d0	0x1402de883	0x14053c418	1	0			
0x1402de9d0	0x1402dea3f	0x14053c418	1	0			
0x1402dea40	0x1402deb70	0x14054b4fc	1	3			
0x1402deb70	0x1402dec90	0x14054b478	1	4	0x1402dea40	0x1402deb70	0x14054b4fc
0x1402dec90	0x1402decc4	0x14054b48c	1	4	0x1402deb70	0x1402dec90	0x14054b478
0x1402decc4	0x1402dee1b	0x14054b4a8	1	4	0x1402dec90	0x1402decc4	0x14054b48c
0x1402dee1b	0x1402def72	0x14054b4cc	1	4	0x1402dec90	0x1402decc4	0x14054b48c
0x1402def72	0x1402def7a	0x14054b4dc	1	4	0x1402deb70	0x1402dec90	0x14054b478
0x1402def7a	0x1402def9f	0x14054b4ec	1	4	0x1402dea40	0x1402deb70	0x14054b4fc
0x1402defa0	0x1402df090	0x14054b4fc	1	3			
0x1402df090	0x1402df196	0x14054b518	1	4	0x1402defa0	0x1402df090	0x14054b4fc
0x1402df196	0x1402df1ea	0x14054b52c	1	4	0x1402df090	0x1402df196	0x14054b518
0x1402df1ea	0x1402df33b	0x14054b548	1	4	0x1402df196	0x1402df1ea	0x14054b52c
0x1402df33b	0x1402df482	0x14054b56c	1	4	0x1402df196	0x1402df1ea	0x14054b52c
0x1402df482	0x1402df48a	0x14054b57c	1	4	0x1402df090	0x1402df196	0x14054b518
0x1402df48a	0x1402df4af	0x14054b58c	1	4	0x1402defa0	0x1402df090	0x14054b4fc
0x1402df4b0	0x1402df528	0x140545b9c	1	0			
0x1402df530	0x1402df642	0x14053c418	1	0			
0x1402df650	0x1402df759	0x14053c418	1	0			
0x1402df760	0x1402df8a9	0x140526458	1	0			
0x1402df8b0	0x1402df8f1	0x14054b5d4	1	3			
0x1402df8f1	0x1402df99f	0x14054b5ec	1	4	0x1402df8b0	0x1402df8f1	0x14054b5d4
0x1402df99f	0x1402df9b8	0x14054b604	1	4	0x1402df8b0	0x1402df8f1	0x14054b5d4
0x1402df9c0	0x1402df9f5	0x14054b59c	1	0			
0x1402df9f5	0x1402dfa46	0x14054b5b0	1	4	0x1402df9c0	0x1402df9f5	0x14054b59c
0x1402dfa46	0x1402dfa68	0x14054b5c4	1	4	0x1402df9c0	0x1402df9f5	0x14054b59c
0x1402dfa70	0x1402dfc47	0x14054b458	1	3			
0x1402dfc50	0x1402dfc6e	0x1405499a0	1	0			
0x1402dfc6e	0x1402dff4d	0x14054b328	1	4	0x1402dfc50	0x1402dfc6e	0x1405499a0
0x1402dff4d	0x1402e001a	0x14054b340	1	4	0x1402dfc50	0x1402dfc6e	0x1405499a0
0x1402e0020	0x1402e005f	0x14054854c	1	0			
0x1402e0060	0x1402e0125	0x14054f4a0	1	0			
0x1402e01a0	0x1402e0674	0x14054b670	1	3			
0x1402e0840	0x1402e09b2	0x140531100	1	3			
0x1402e09c0	0x1402e0b29	0x14054b878	1	3			
0x1402e0b30	0x1402e0bbe	0x14054b888	1	3			
0x1402e0bc0	0x1402e0c32	0x14054b7d4	1	3			
0x1402e0c32	0x1402e0f95	0x14054b7e8	1	4	0x1402e0bc0	0x1402e0c32	0x14054b7d4
0x1402e0f95	0x1402e0fcb	0x14054b804	1	4	0x1402e0bc0	0x1402e0c32	0x14054b7d4
0x1402e0fd0	0x1402e1002	0x1405211bc	1	0			
0x1402e1002	0x1402e111a	0x14054b814	1	4	0x1402e0fd0	0x1402e1002	0x1405211bc
0x1402e111a	0x1402e1131	0x14054b828	1	4	0x1402e0fd0	0x1402e1002	0x1405211bc
0x1402e1140	0x1402e118a	0x14054b838	1	3			
0x1402e118a	0x1402e12ad	0x14054b854	1	4	0x1402e1140	0x1402e118a	0x14054b838
0x1402e12ad	0x1402e12d1	0x14054b868	1	4	0x1402e1140	0x1402e118a	0x14054b838
0x1402e1330	0x1402e13dd	0x14054f5b0	1	3			
0x1402e14b0	0x1402e175c	0x14054b688	1	3			
0x1402e1760	0x1402e193b	0x14053c418	1	0			
0x1402e1940	0x1402e1f5c	0x14054b6b4	1	3			
0x1402e1f60	0x1402e1fe6	0x14054b6d8	1	3			
0x1402e1fe6	0x1402e23bf	0x14054b6ec	1	4	0x1402e1f60	0x1402e1fe6	0x14054b6d8
0x1402e23bf	0x1402e23f5	0x14054b70c	1	4	0x1402e1f60	0x1402e1fe6	0x14054b6d8
0x1402e2400	0x1402e2472	0x14054b7d4	1	3			
0x1402e2472	0x1402e27d5	0x14054b71c	1	4	0x1402e2400	0x1402e2472	0x14054b7d4
0x1402e27d5	0x1402e280b	0x14054b738	1	4	0x1402e2400	0x1402e2472	0x14054b7d4
0x1402e2810	0x1402e2896	0x14054b6d8	1	3			
0x1402e2896	0x1402e2c6f	0x14054b748	1	4	0x1402e2810	0x1402e2896	0x14054b6d8
0x1402e2c6f	0x1402e2ca5	0x14054b768	1	4	0x1402e2810	0x1402e2896	0x14054b6d8
0x1402e2cb0	0x1402e2dde	0x14054b778	1	3			
0x1402e2dde	0x1402e2f91	0x14054b794	1	4	0x1402e2cb0	0x1402e2dde	0x14054b778
0x1402e2f91	0x1402e2fe3	0x14054b7a8	1	4	0x1402e2cb0	0x1402e2dde	0x14054b778
0x1402e2ff0	0x1402e3193	0x14054b7b8	1	3			
0x1402e31a0	0x1402e32ed	0x140545b9c	1	0			
0x1402e32f0	0x1402e346a	0x140532c74	1	3			
0x1402e3470	0x1402e351e	0x14054b888	1	3			
0x1402e35d0	0x1402e364d	0x140548264	1	0			
0x1402e3650	0x1402e36ab	0x14054b898	1	2			
0x1402e36b0	0x1402e3708	0x1405463d4	1	0			
0x1402e3710	0x1402e377a	0x14054b9bc	1	3			
0x1402e377a	0x1402e37d5	0x14054b9d0	1	4	0x1402e3710	0x1402e377a	0x14054b9bc
0x1402e37d5	0x1402e37f8	0x14054b9e4	1	4	0x1402e377a	0x1402e37d5	0x14054b9d0
0x1402e37f8	0x1402e37fd	0x14054b9f8	1	4	0x1402e377a	0x1402e37d5	0x14054b9d0
0x1402e37fd	0x1402e3818	0x14054ba34	1	4	0x1402e3710	0x1402e377a	0x14054b9bc
0x1402e3818	0x1402e3835	0x14054ba08	1	4	0x1402e3710	0x1402e377a	0x14054b9bc
0x1402e3835	0x1402e3839	0x14054ba20	1	4	0x1402e3710	0x1402e377a	0x14054b9bc
0x1402e3839	0x1402e38d5	0x14054ba34	1	4	0x1402e3710	0x1402e377a	0x14054b9bc
0x1402e38e0	0x1402e3a95	0x14054b9a4	1	3			
0x1402e3aa0	0x1402e3ac4	0x14054f8f4	1	0			
0x1402e3ac4	0x1402e3af0	0x14054bc5c	1	4	0x1402e3aa0	0x1402e3ac4	0x14054f8f4
0x1402e3af0	0x1402e3b0d	0x14054bc70	1	4	0x1402e3aa0	0x1402e3ac4	0x14054f8f4
0x1402e3b10	0x1402e3b8d	0x14053ce70	1	0			
0x1402e3b90	0x1402e3c1b	0x14053ce70	1	0			
0x1402e3c20	0x1402e3d6c	0x14054b8f8	1	3			
0x1402e3d90	0x1402e3e86	0x14054b948	1	3			
0x1402e3e86	0x1402e3eac	0x14054b95c	1	4	0x1402e3d90	0x1402e3e86	0x14054b948
0x1402e3eac	0x1402e40c4	0x14054b970	1	4	0x1402e3d90	0x1402e3e86	0x14054b948
0x1402e4190	0x1402e4234	0x14054ba44	1	0			
0x1402e4234	0x1402e4350	0x14054ba50	1	4	0x1402e4190	0x1402e4234	0x14054ba44
0x1402e4350	0x1402e435d	0x14054ba68	1	4	0x1402e4234	0x1402e4350	0x14054ba50
0x1402e435d	0x1402e43ef	0x14054ba7c	1	4	0x1402e4350	0x1402e435d	0x14054ba68
0x1402e43ef	0x1402e4432	0x14054ba94	1	4	0x1402e4350	0x1402e435d	0x14054ba68
0x1402e4432	0x1402e44ab	0x14054baac	1	4	0x1402e4350	0x1402e435d	0x14054ba68
0x1402e44ab	0x1402e44b6	0x14054bad0	1	4	0x1402e4234	0x1402e4350	0x14054ba50
0x1402e44b6	0x1402e44fd	0x14054babc	1	4	0x1402e4234	0x1402e4350	0x14054ba50
0x1402e44fd	0x1402e455e	0x14054bad0	1	4	0x1402e4234	0x1402e4350	0x14054ba50
0x1402e455e	0x1402e4569	0x14054bae0	1	4	0x1402e4190	0x1402e4234	0x14054ba44
0x1402e4570	0x1402e459f	0x140540fbc	1	0			
0x1402e459f	0x1402e47cd	0x14054bc84	1	4	0x1402e4570	0x1402e459f	0x140540fbc
0x1402e47cd	0x1402e47e7	0x14054bc9c	1	4	0x1402e4570	0x1402e459f	0x140540fbc
0x1402e47f0	0x1402e4839	0x140545b9c	1	0			
0x1402e4839	0x1402e487c	0x14054b8c0	1	4	0x1402e47f0	0x1402e4839	0x140545b9c
0x1402e487c	0x1402e488e	0x14054b8d4	1	4	0x1402e47f0	0x1402e4839	0x140545b9c
0x1402e488e	0x1402e48b5	0x14054b8d4	1	4	0x1402e47f0	0x1402e4839	0x140545b9c
0x1402e48b5	0x1402e48cf	0x14054b8d4	1	4	0x1402e47f0	0x1402e4839	0x140545b9c
0x1402e48cf	0x1402e48d5	0x14054b8e8	1	4	0x1402e47f0	0x1402e4839	0x140545b9c
0x1402e48e0	0x1402e496d	0x14053c418	1	0			
0x1402e4970	0x1402e49fe	0x14053e570	1	0			
0x1402e49fe	0x1402e4a03	0x14054baf0	1	4	0x1402e4970	0x1402e49fe	0x14053e570
0x1402e4a03	0x1402e4af2	0x14054bb04	1	4	0x1402e49fe	0x1402e4a03	0x14054baf0
0x1402e4af2	0x1402e4b58	0x14054bb18	1	4	0x1402e49fe	0x1402e4a03	0x14054baf0
0x1402e4b58	0x1402e4bff	0x14054bb28	1	4	0x1402e4970	0x1402e49fe	0x14053e570
0x1402e4c00	0x1402e4e06	0x14054bb7c	1	3			
0x1402e4e10	0x1402e4e1a	0x14053c7e4	1	0			
0x1402e4e1a	0x1402e4ebc	0x14054bb38	1	4	0x1402e4e10	0x1402e4e1a	0x14053c7e4
0x1402e4ebc	0x1402e5046	0x14054bb54	1	4	0x1402e4e10	0x1402e4e1a	0x14053c7e4
0x1402e5120	0x1402e51d2	0x14054bb9c	1	0			
0x1402e51d2	0x1402e51e9	0x14054bba8	1	4	0x1402e5120	0x1402e51d2	0x14054bb9c
0x1402e51e9	0x1402e532b	0x14054bbc0	1	4	0x1402e51d2	0x1402e51e9	0x14054bba8
0x1402e532b	0x1402e5330	0x14054bbe4	1	4	0x1402e51e9	0x1402e532b	0x14054bbc0
0x1402e5330	0x1402e53ea	0x14054bbf8	1	4	0x1402e51d2	0x1402e51e9	0x14054bba8
0x1402e53ea	0x1402e53f0	0x14054bc14	1	4	0x1402e5120	0x1402e51d2	0x14054bb9c
0x1402e53f0	0x1402e56b2	0x14054bc24	1	0			
0x1402e56c0	0x1402e5916	0x14054bc40	1	0			
0x1402e5a70	0x1402e5a9c	0x140536ae4	1	0			
0x1402e5a9c	0x1402e5acd	0x14054b980	1	4	0x1402e5a70	0x1402e5a9c	0x140536ae4
0x1402e5acd	0x1402e5ae7	0x14054b994	1	4	0x1402e5a70	0x1402e5a9c	0x140536ae4
0x1402e5af0	0x1402e5c5e	0x14054bb64	1	3			
0x1402e5c70	0x1402e5cf8	0x14053c418	1	0			
0x1402e5d00	0x1402e6033	0x14054bccc	1	3			
0x1402e6040	0x1402e6065	0x14054bdc8	1	3			
0x1402e6065	0x1402e606e	0x14054bde0	1	4	0x1402e6040	0x1402e6065	0x14054bdc8
0x1402e606e	0x1402e6076	0x14054bdf4	1	4	0x1402e6065	0x1402e606e	0x14054bde0
0x1402e6076	0x1402e627e	0x14054be08	1	4	0x1402e606e	0x1402e6076	0x14054bdf4
0x1402e627e	0x1402e65f6	0x14054be34	1	4	0x1402e606e	0x1402e6076	0x14054bdf4
0x1402e65f6	0x1402e6725	0x14054be54	1	4	0x1402e627e	0x1402e65f6	0x14054be34
0x1402e6725	0x1402e68ee	0x14054be70	1	4	0x1402e6065	0x1402e606e	0x14054bde0
0x1402e68ee	0x1402e69dd	0x14054be8c	1	4	0x1402e6040	0x1402e6065	0x14054bdc8
0x1402e69e0	0x1402e6a03	0x14054bce8	1	3			
0x1402e6a03	0x1402e6a0c	0x14054bcfc	1	4	0x1402e69e0	0x1402e6a03	0x14054bce8
0x1402e6a0c	0x1402e6a19	0x14054bd10	1	4	0x1402e6a03	0x1402e6a0c	0x14054bcfc
0x1402e6a19	0x1402e6be9	0x14054bd28	1	4	0x1402e6a0c	0x1402e6a19	0x14054bd10
0x1402e6be9	0x1402e6f88	0x14054bd50	1	4	0x1402e6a0c	0x1402e6a19	0x14054bd10
0x1402e6f88	0x1402e7142	0x14054bd70	1	4	0x1402e6be9	0x1402e6f88	0x14054bd50
0x1402e7142	0x1402e76bd	0x14054bd8c	1	4	0x1402e6a03	0x1402e6a0c	0x14054bcfc
0x1402e76bd	0x1402e770f	0x14054bda8	1	4	0x1402e6a03	0x1402e6a0c	0x14054bcfc
0x1402e770f	0x1402e7742	0x14054bdb8	1	4	0x1402e69e0	0x1402e6a03	0x14054bce8
0x1402e7750	0x1402e7a37	0x14054bcb4	1	3			
0x1402e7a90	0x1402e7aa6	0x140538250	1	0			
0x1402e7ab0	0x1402e7b28	0x14054befc	1	3			
0x1402e7b28	0x1402e7bba	0x14054bf10	1	4	0x1402e7ab0	0x1402e7b28	0x14054befc
0x1402e7bba	0x1402e7c94	0x14054bf28	1	4	0x1402e7ab0	0x1402e7b28	0x14054befc
0x1402e7ca0	0x1402e7dae	0x14054bee4	1	3			
0x1402e7de0	0x1402e7e78	0x140533718	1	3			
0x1402e7e78	0x1402e7ef8	0x14054be9c	1	4	0x1402e7de0	0x1402e7e78	0x140533718
0x1402e7ef8	0x1402e7f5f	0x14054beb0	1	4	0x1402e7de0	0x1402e7e78	0x140533718
0x1402e7f60	0x1402e7fee	0x140530260	1	3			
0x1402e7ff0	0x1402e8088	0x140533718	1	3			
0x1402e8088	0x1402e8108	0x14054bec0	1	4	0x1402e7ff0	0x1402e8088	0x140533718
0x1402e8108	0x1402e816f	0x14054bed4	1	4	0x1402e7ff0	0x1402e8088	0x140533718
0x1402e8170	0x1402e81ae	0x14054854c	1	0			
0x1402e81c0	0x1402e822f	0x1405255c0	1	0			
0x1402e82d0	0x1402e82f5	0x14053c418	1	0			
0x1402e8300	0x1402e8347	0x14054bf68	1	3			
0x1402e8347	0x1402e836f	0x14054bf80	1	4	0x1402e8300	0x1402e8347	0x14054bf68
0x1402e836f	0x1402e855f	0x14054bf9c	1	4	0x1402e8347	0x1402e836f	0x14054bf80
0x1402e855f	0x1402e85c4	0x14054bfbc	1	4	0x1402e8347	0x1402e836f	0x14054bf80
0x1402e85c4	0x1402e85e1	0x14054bfe8	1	4	0x1402e8300	0x1402e8347	0x14054bf68
0x1402e85e1	0x1402e869a	0x14054bfcc	1	4	0x1402e8300	0x1402e8347	0x14054bf68
0x1402e869a	0x1402e86a1	0x14054bfe8	1	4	0x1402e8300	0x1402e8347	0x14054bf68
0x1402e8810	0x1402e883e	0x14053c418	1	0			
0x1402e883e	0x1402e88b3	0x14054bff8	1	4	0x1402e8810	0x1402e883e	0x14053c418
0x1402e88b3	0x1402e88e2	0x14054c00c	1	4	0x1402e8810	0x1402e883e	0x14053c418
0x1402e88e2	0x1402e891e	0x14054c00c	1	4	0x1402e8810	0x1402e883e	0x14053c418
0x1402e891e	0x1402e894d	0x14054c00c	1	4	0x1402e8810	0x1402e883e	0x14053c418
0x1402e894d	0x1402e8989	0x14054c00c	1	4	0x1402e8810	0x1402e883e	0x14053c418
0x1402e8989	0x1402e89b8	0x14054c00c	1	4	0x1402e8810	0x1402e883e	0x14053c418
0x1402e89b8	0x1402e89c0	0x14054c020	1	4	0x1402e8810	0x1402e883e	0x14053c418
0x1402e89c0	0x1402e89eb	0x14053c418	1	0			
0x1402e89f0	0x1402e8a1b	0x14053c418	1	0			
0x1402e8b10	0x1402e8c73	0x140528cd4	1	3			
0x1402e8c80	0x1402e8e11	0x14054f4a0	1	0			
0x1402e8e20	0x1402e8fb0	0x14054f4a0	1	0			
0x1402e8fb0	0x1402e9141	0x14054f4a0	1	0			
0x1402e9170	0x1402e91a2	0x14054c030	1	0			
0x1402e91a2	0x1402e962c	0x14054c03c	1	4	0x1402e9170	0x1402e91a2	0x14054c030
0x1402e962c	0x1402e964c	0x14054c054	1	4	0x1402e9170	0x1402e91a2	0x14054c030
0x1402e9650	0x1402e9860	0x140548264	1	0			
0x1402e9880	0x1402e9950	0x14054c064	1	0			
0x1402e9950	0x1402e9a94	0x14054e970	1	0			
0x1402e9aa0	0x1402e9c08	0x14054e970	1	0			
0x1402e9c10	0x1402e9c6e	0x14054f5b0	1	3			
0x1402e9c70	0x1402e9d55	0x140533718	1	3			
0x1402e9d60	0x1402e9d9e	0x14054fa50	1	0			
0x1402e9dd0	0x1402e9ef9	0x14054c078	1	0			
0x1402e9f90	0x1402e9fa2	0x14053c418	1	0			
0x1402e9fa2	0x1402ea00e	0x14054c0d8	1	4	0x1402e9f90	0x1402e9fa2	0x14053c418
0x1402ea00e	0x1402ea014	0x14054c0ec	1	4	0x1402e9f90	0x1402e9fa2	0x14053c418
0x1402ea020	0x1402ea382	0x140526458	1	0			
0x1402ea390	0x1402ea404	0x14054c1dc	1	3			
0x1402ea404	0x1402ea4c7	0x14054c0fc	1	4	0x1402ea390	0x1402ea404	0x14054c1dc
0x1402ea4c7	0x1402ea5cc	0x14054c110	1	4	0x1402ea390	0x1402ea404	0x14054c1dc
0x1402ea5d0	0x1402ea60f	0x14054c178	1	3			
0x1402ea60f	0x1402ea66e	0x14054c18c	1	4	0x1402ea5d0	0x1402ea60f	0x14054c178
0x1402ea66e	0x1402ea802	0x14054c1a8	1	4	0x1402ea60f	0x1402ea66e	0x14054c18c
0x1402ea802	0x1402ea81c	0x14054c1bc	1	4	0x1402ea60f	0x1402ea66e	0x14054c18c
0x1402ea81c	0x1402ea870	0x14054c1cc	1	4	0x1402ea5d0	0x1402ea60f	0x14054c178
0x1402ea870	0x1402ea8f8	0x14054c1dc	1	3			
0x1402ea8f8	0x1402ea9b7	0x14054c1f4	1	4	0x1402ea870	0x1402ea8f8	0x14054c1dc
0x1402ea9b7	0x1402eaabc	0x14054c208	1	4	0x1402ea870	0x1402ea8f8	0x14054c1dc
0x1402eab40	0x1402eabf3	0x14054c084	1	2			
0x1402eac00	0x1402eae32	0x14054c230	1	0			
0x1402eae40	0x1402eb0e2	0x14054c218	1	0			
0x1402eb1f0	0x1402eb295	0x14054c0c0	1	3			
0x1402eb2a0	0x1402eb2d4	0x14054c120	1	0			
0x1402eb2d4	0x1402eb56d	0x14054c134	1	4	0x1402eb2a0	0x1402eb2d4	0x14054c120
0x1402eb56d	0x1402eb583	0x14054c14c	1	4	0x1402eb2a0	0x1402eb2d4	0x14054c120
0x1402eb590	0x1402eb87d	0x14054c15c	1	0			
0x1402eb980	0x1402eba05	0x140548264	1	0			
0x1402eba10	0x1402eba8d	0x14053ce70	1	0			
0x1402eba90	0x1402ebb1b	0x14053ce70	1	0			
0x1402ebb20	0x1402ebbe1	0x140540278	1	3			
0x1402ebc10	0x1402ebce8	0x1405255c0	1	0			
0x1402ebce8	0x1402ebd58	0x14054c248	1	4	0x1402ebc10	0x1402ebce8	0x1405255c0
0x1402ebd58	0x1402ebda8	0x14054c25c	1	4	0x1402ebc10	0x1402ebce8	0x1405255c0
0x1402ebda8	0x1402ebdbd	0x14054c270	1	4	0x1402ebc10	0x1402ebce8	0x1405255c0
0x1402ebdc0	0x1402ebe23	0x14054c280	1	3			
0x1402ebe23	0x1402ebe74	0x14054c294	1	4	0x1402ebdc0	0x1402ebe23	0x14054c280
0x1402ebe74	0x1402ebe94	0x14054c2a8	1	4	0x1402ebe23	0x1402ebe74	0x14054c294
0x1402ebe94	0x1402ec018	0x14054c2c8	1	4	0x1402ebe74	0x1402ebe94	0x14054c2a8
0x1402ec018	0x1402ec13f	0x14054c2f0	1	4	0x1402ebe94	0x1402ec018	0x14054c2c8
0x1402ec13f	0x1402ec19e	0x14054c304	1	4	0x1402ebe74	0x1402ebe94	0x14054c2a8
0x1402ec19e	0x1402ec270	0x14054c32c	1	4	0x1402ec13f	0x1402ec19e	0x14054c304
0x1402ec270	0x1402ec6e1	0x14054c344	1	4	0x1402ec13f	0x1402ec19e	0x14054c304
0x1402ec6e1	0x1402ec735	0x14054c358	1	4	0x1402ec13f	0x1402ec19e	0x14054c304
0x1402ec735	0x1402ec809	0x14054c368	1	4	0x1402ebe23	0x1402ebe74	0x14054c294
0x1402ec809	0x1402ec81c	0x14054c380	1	4	0x1402ebe23	0x1402ebe74	0x14054c294
0x1402ec81c	0x1402ec832	0x14054c390	1	4	0x1402ebdc0	0x1402ebe23	0x14054c280
0x1402ec840	0x1402ec8a2	0x14053c418	1	0			
0x1402ec8b0	0x1402ec9d6	0x14054c3a0	1	3			
0x1402ec9e0	0x1402ecac9	0x140533a64	1	3			
0x1402ecc40	0x1402ecc8e	0x14054c3e8	1	2			
0x1402ecc90	0x1402eccbc	0x14054c418	1	3			
0x1402eccc0	0x1402eccec	0x1405463d4	1	0			
0x1402eccf0	0x1402ecd1c	0x1405463d4	1	0			
0x1402ecd20	0x1402ecd94	0x140526458	1	0			
0x1402ece60	0x1402ece7a	0x14054c4a8	1	0			
0x1402ece7a	0x1402ecefb	0x14054c4b4	1	4	0x1402ece60	0x1402ece7a	0x14054c4a8
0x1402ecefb	0x1402ed027	0x14054c4dc	1	4	0x1402ece7a	0x1402ecefb	0x14054c4b4
0x1402ed027	0x1402ed0df	0x14054c4f8	1	4	0x1402ece7a	0x1402ecefb	0x14054c4b4
0x1402ed0df	0x1402ed0ea	0x14054c508	1	4	0x1402ece60	0x1402ece7a	0x14054c4a8
0x1402ed0f0	0x1402ed11a	0x14054c430	1	3			
0x1402ed11a	0x1402ed1f0	0x14054c450	1	4	0x1402ed0f0	0x1402ed11a	0x14054c430
0x1402ed1f0	0x1402ed22e	0x14054c468	1	4	0x1402ed0f0	0x1402ed11a	0x14054c430
0x1402ed22e	0x1402ed356	0x14054c47c	1	4	0x1402ed1f0	0x1402ed22e	0x14054c468
0x1402ed356	0x1402ed411	0x14054c498	1	4	0x1402ed1f0	0x1402ed22e	0x14054c468
0x1402ed430	0x1402ed576	0x14054c560	1	0			
0x1402ed576	0x1402edc65	0x14054c578	1	4	0x1402ed430	0x1402ed576	0x14054c560
0x1402edc65	0x1402eddea	0x14054c598	1	4	0x1402ed430	0x1402ed576	0x14054c560
0x1402eddf0	0x1402ede58	0x14054c518	1	0			
0x1402ede58	0x1402edf93	0x14054c528	1	4	0x1402eddf0	0x1402ede58	0x14054c518
0x1402edf93	0x1402edf9f	0x14054c53c	1	4	0x1402eddf0	0x1402ede58	0x14054c518
0x1402edf9f	0x1402edfb1	0x14054c550	1	4	0x1402eddf0	0x1402ede58	0x14054c518
0x1402edfc0	0x1402edfdc	0x14053c418	1	0			
0x1402ee060	0x1402ee0b0	0x14053c418	1	0			
0x1402ee0b0	0x1402ee283	0x140528cd4	1	3			
0x1402ee2a0	0x1402ee3cb	0x14054c5e8	1	3			
0x1402ee4d0	0x1402ee558	0x14053c418	1	0			
0x1402ee560	0x1402ee578	0x14054c5a8	1	3			
0x1402ee578	0x1402ee89e	0x14054c5bc	1	4	0x1402ee560	0x1402ee578	0x14054c5a8
0x1402ee89e	0x1402ee973	0x14054c5d8	1	4	0x1402ee560	0x1402ee578	0x14054c5a8
0x1402ee980	0x1402ee9e8	0x14054c600	1	0			
0x1402eea30	0x1402eea36	0x14053de28	1	0			
0x1402eea36	0x1402eeca8	0x14054c658	1	4	0x1402eea30	0x1402eea36	0x14053de28
0x1402eeca8	0x1402eecc2	0x14054c67c	1	4	0x1402eea30	0x1402eea36	0x14053de28
0x1402eecd0	0x1402eecfc	0x14053c418	1	0			
0x1402eecfc	0x1402eed28	0x14054c620	1	4	0x1402eecd0	0x1402eecfc	0x14053c418
0x1402eed28	0x1402eed57	0x14054c634	1	4	0x1402eecd0	0x1402eecfc	0x14053c418
0x1402eed57	0x1402eed68	0x14054c634	1	4	0x1402eecd0	0x1402eecfc	0x14053c418
0x1402eed68	0x1402eed7c	0x14054c634	1	4	0x1402eecd0	0x1402eecfc	0x14053c418
0x1402eed7c	0x1402eed85	0x14054c634	1	4	0x1402eecd0	0x1402eecfc	0x14053c418
0x1402eed85	0x1402eed8b	0x14054c648	1	4	0x1402eecd0	0x1402eecfc	0x14053c418
0x1402eed90	0x1402eee5b	0x14054c60c	1	3			
0x1402eee60	0x1402eef6a	0x14052fb70	1	0			
0x1402eef6a	0x1402eefcb	0x14054c6f0	1	4	0x1402eee60	0x1402eef6a	0x14052fb70
0x1402eefcb	0x1402eeff8	0x14054c708	1	4	0x1402eee60	0x1402eef6a	0x14052fb70
0x1402ef000	0x1402ef06a	0x1405463d4	1	0			
0x1402ef070	0x1402ef0d9	0x14054854c	1	0			
0x1402ef0e0	0x1402ef147	0x14054854c	1	0			
0x1402ef150	0x1402ef1c6	0x1405245f0	1	0			
0x1402ef1e0	0x1402ef20f	0x14054c68c	1	3			
0x1402ef20f	0x1402ef29e	0x14054c6a0	1	4	0x1402ef1e0	0x1402ef20f	0x14054c68c
0x1402ef29e	0x1402ef366	0x14054c6c4	1	4	0x1402ef1e0	0x1402ef20f	0x14054c68c
0x1402ef366	0x1402ef3ac	0x14054c6e0	1	4	0x1402ef1e0	0x1402ef20f	0x14054c68c
0x1402ef580	0x1402ef61b	0x14054c770	1	0			
0x1402ef620	0x1402ef6ad	0x14054c778	1	3			
0x1402ef6ad	0x1402ef6d1	0x14054c78c	1	4	0x1402ef620	0x1402ef6ad	0x14054c778
0x1402ef6d1	0x1402ef6ea	0x14054c7a0	1	4	0x1402ef620	0x1402ef6ad	0x14054c778
0x1402ef6f0	0x1402ef74d	0x14053c418	1	0			
0x1402ef790	0x1402ef911	0x14054854c	1	0			
0x1402ef920	0x1402ef975	0x14054c7b0	1	3			
0x1402ef975	0x1402ef9cf	0x14054c7c8	1	4	0x1402ef920	0x1402ef975	0x14054c7b0
0x1402ef9cf	0x1402ef9f0	0x14054c7dc	1	4	0x1402ef920	0x1402ef975	0x14054c7b0
0x1402ef9f0	0x1402efa36	0x14054c84c	1	3			
0x1402efa36	0x1402eff0e	0x14054c860	1	4	0x1402ef9f0	0x1402efa36	0x14054c84c
0x1402eff0e	0x1402eff25	0x14054c87c	1	4	0x1402ef9f0	0x1402efa36	0x14054c84c
0x1402eff25	0x1402eff2b	0x14054c88c	1	4	0x1402ef9f0	0x1402efa36	0x14054c84c
0x1402eff70	0x1402f006b	0x140529a88	1	0			
0x1402f0070	0x1402f0438	0x14054c8a0	1	3			
0x1402f0440	0x1402f07d0	0x140521b68	1	0			
0x1402f07d0	0x1402f07fb	0x14054c8c4	1	0			
0x1402f07fb	0x1402f0895	0x14054c8d4	1	4	0x1402f07d0	0x1402f07fb	0x14054c8c4
0x1402f0895	0x1402f08a5	0x14054c8ec	1	4	0x1402f07d0	0x1402f07fb	0x14054c8c4
0x1402f08b0	0x1402f0923	0x1405463d4	1	0			
0x1402f0930	0x1402f09af	0x14053c418	1	0			
0x1402f09b0	0x1402f0aa1	0x140529a88	1	0			
0x1402f0ab0	0x1402f0b18	0x14052a03c	1	0			
0x1402f0b20	0x1402f0b95	0x14054c7ec	1	3			
0x1402f0b95	0x1402f0e24	0x14054c808	1	4	0x1402f0b20	0x1402f0b95	0x14054c7ec
0x1402f0e24	0x1402f0e4c	0x14054c828	1	4	0x1402f0b20	0x1402f0b95	0x14054c7ec
0x1402f0e4c	0x1402f0e9a	0x14054c83c	1	4	0x1402f0b20	0x1402f0b95	0x14054c7ec
0x1402f0ea0	0x1402f0ebe	0x14054c8fc	1	0			
0x1402f0ebe	0x1402f0f8d	0x14054c908	1	4	0x1402f0ea0	0x1402f0ebe	0x14054c8fc
0x1402f0f8d	0x1402f0f96	0x14054c928	1	4	0x1402f0ea0	0x1402f0ebe	0x14054c8fc
0x1402f0fa0	0x1402f1016	0x14053bbc0	1	0			
0x1402f1020	0x1402f105c	0x14054fa50	1	0			
0x1402f1060	0x1402f10d7	0x14053c418	1	0			
0x1402f10e0	0x1402f1108	0x14053c418	1	0			
0x1402f1110	0x1402f113c	0x14053c418	1	0			
0x1402f11c0	0x1402f1591	0x14054c938	1	3			
0x1402f15a0	0x1402f1630	0x1405463d4	1	0			
0x1402f1630	0x1402f163f	0x140537c40	1	0			
0x1402f163f	0x1402f168a	0x14054c960	1	4	0x1402f1630	0x1402f163f	0x140537c40
0x1402f168a	0x1402f168c	0x14054c974	1	4	0x1402f1630	0x1402f163f	0x140537c40
0x1402f1690	0x1402f16a3	0x14054cc68	1	0			
0x1402f16b0	0x1402f16fe	0x14054cb48	1	0			
0x1402f1700	0x1402f1757	0x14054ca8c	1	0			
0x1402f1760	0x1402f17bd	0x14054ca48	1	0			
0x1402f17c0	0x1402f17ec	0x14054cb54	1	0			
0x1402f17f0	0x1402f1937	0x14054ceb8	1	0			
0x1402f1940	0x1402f1a8d	0x14054ca18	1	0			
0x1402f1a90	0x1402f1be3	0x14054c9bc	1	0			
0x1402f1bf0	0x1402f1c3c	0x14054ca18	1	0			
0x1402f1c40	0x1402f1c95	0x14054ce7c	1	0			
0x1402f1ca0	0x1402f1cf3	0x14054cb54	1	0			
0x1402f1d00	0x1402f1d4c	0x14054ca18	1	0			
0x1402f1d50	0x1402f1da5	0x14054ce7c	1	0			
0x1402f1db0	0x1402f1ea1	0x14054ca48	1	0			
0x1402f1eb0	0x1402f1ff7	0x14054ceb8	1	0			
0x1402f2000	0x1402f214d	0x14054ca18	1	0			
0x1402f2150	0x1402f22a3	0x14054c9bc	1	0			
0x1402f22b0	0x1402f2341	0x14054cba4	1	0			
0x1402f2350	0x1402f23ed	0x14054cc80	1	0			
0x1402f23f0	0x1402f24aa	0x14054cc80	1	0			
0x1402f24b0	0x1402f254a	0x14054cc80	1	0			
0x1402f2550	0x1402f2608	0x14054cc80	1	0			
0x1402f2610	0x1402f265c	0x14054ca18	1	0			
0x1402f2660	0x1402f26b5	0x14054ce7c	1	0			
0x1402f26c0	0x1402f2773	0x14054ca54	1	3			
0x1402f2780	0x1402f27cc	0x14054ca18	1	0			
0x1402f27d0	0x1402f2825	0x14054ce7c	1	0			
0x1402f2830	0x1402f287d	0x14054ca18	1	0			
0x1402f2880	0x1402f28d2	0x14054cd68	1	0			
0x1402f28e0	0x1402f2915	0x14054cc68	1	0			
0x1402f2920	0x1402f296d	0x14054ca18	1	0			
0x1402f2970	0x1402f29c2	0x14054cd68	1	0			
0x1402f29d0	0x1402f2a67	0x14054ccb0	1	0			
0x1402f2a70	0x1402f2ac5	0x14054cca4	1	0			
0x1402f2ad0	0x1402f2b55	0x14054ccb0	1	0			
0x1402f2b60	0x1402f2c2a	0x14054ccbc	1	0			
0x1402f2c30	0x1402f2d16	0x14054ccbc	1	0			
0x1402f2d20	0x1402f2d9f	0x14054ce7c	1	0			
0x1402f2da0	0x1402f2fa9	0x14054cc8c	1	0			
0x1402f2fb0	0x1402f301a	0x14054ca18	1	0			
0x1402f3020	0x1402f30f9	0x14054cba4	1	0			
0x1402f3100	0x1402f3178	0x14054cd8c	1	0			
0x1402f3180	0x1402f397a	0x14054cc98	1	0			
0x1402f3980	0x1402f39fc	0x14054ce7c	1	0			
0x1402f3a00	0x1402f3a59	0x14054cc80	1	0			
0x1402f3a60	0x1402f3ad6	0x14054ca18	1	0			
0x1402f3ae0	0x1402f44bd	0x14054cccc	1	3			
0x1402f44c0	0x1402f5172	0x14054cce0	1	3			
0x1402f5180	0x1402f52d8	0x14054ca18	1	0			
0x1402f52e0	0x1402f5344	0x14054ca18	1	0			
0x1402f5350	0x1402f5486	0x14054ccf4	1	0			
0x1402f5490	0x1402f61f4	0x14054cd00	1	3			
0x1402f6200	0x1402f624d	0x14054ca18	1	0			
0x1402f6250	0x1402f6294	0x14054cd68	1	0			
0x1402f62a0	0x1402f62c2	0x14054cc68	1	0			
0x1402f62d0	0x1402f631d	0x14054ca18	1	0			
0x1402f6320	0x1402f6364	0x14054cd68	1	0			
0x1402f6370	0x1402f66b5	0x14054cc74	1	0			
0x1402f66c0	0x1402f672a	0x14054cc68	1	0			
0x1402f6730	0x1402f6810	0x14054cc50	1	0			
0x1402f6810	0x1402f68a9	0x14054cc5c	1	0			
0x1402f68b0	0x1402f69b1	0x14054cb60	1	0			
0x1402f69c0	0x1402f6a9b	0x14054cc50	1	0			
0x1402f6aa0	0x1402f6d98	0x14054cd68	1	0			
0x1402f6da0	0x1402f6e07	0x14054cc68	1	0			
0x1402f6e10	0x1402f6f86	0x14054ca00	1	0			
0x1402f6f90	0x1402f72c9	0x14054cedc	1	3			
0x1402f72d0	0x1402f731f	0x14054ca18	1	0			
0x1402f7320	0x1402f7346	0x14054cc68	1	0			
0x1402f7350	0x1402f739d	0x14054ca18	1	0			
0x1402f73a0	0x1402f73fb	0x14054cd68	1	0			
0x1402f7400	0x1402f7422	0x14054cc68	1	0			
0x1402f7430	0x1402f747d	0x14054ca18	1	0			
0x1402f7480	0x1402f74db	0x14054cd68	1	0			
0x1402f74e0	0x1402f7544	0x14054ca18	1	0			
0x1402f7550	0x1402f7594	0x14054cd68	1	0			
0x1402f75a0	0x1402f75c2	0x14054cc68	1	0			
0x1402f75d0	0x1402f7634	0x14054ca18	1	0			
0x1402f7640	0x1402f7684	0x14054cd68	1	0			
0x1402f7690	0x1402f77d4	0x14054ceb8	1	0			
0x1402f77e0	0x1402f790f	0x14054ca18	1	0			
0x1402f7910	0x1402f7934	0x14054cec4	1	0			
0x1402f7940	0x1402f7a81	0x14054c9bc	1	0			
0x1402f7a90	0x1402f7d55	0x14054ceac	1	0			
0x1402f7d60	0x1402f7ff6	0x14054ce04	1	0			
0x1402f8000	0x1402f8c4a	0x14054cd44	1	0			
0x1402f8c50	0x1402f8cdd	0x14054ca48	1	0			
0x1402f8ce0	0x1402f8e27	0x14054ceb8	1	0			
0x1402f8e30	0x1402f8f7d	0x14054ca18	1	0			
0x1402f8f80	0x1402f90d3	0x14054c9bc	1	0			
0x1402f90e0	0x1402f9119	0x14054cb6c	1	0			
0x1402f9120	0x1402f91ba	0x14054cb48	1	0			
0x1402f91c0	0x1402f92a8	0x14054cba4	1	0			
0x1402f92b0	0x1402f941a	0x14054ca48	1	0			
0x1402f9420	0x1402f945f	0x14054cc44	1	0			
0x1402f9460	0x1402f94cd	0x14054cb54	1	0			
0x1402f94d0	0x1402f9566	0x14054cb54	1	0			
0x1402f9570	0x1402f967f	0x14054ca18	1	0			
0x1402f9680	0x1402f96fd	0x14054ced0	1	0			
0x1402f9700	0x1402f97ba	0x14054ce04	1	0			
0x1402f97c0	0x1402f9881	0x14054ca18	1	0			
0x1402f9890	0x1402f99ae	0x14054ca0c	1	0			
0x1402f99b0	0x1402f9a71	0x14054ca18	1	0			
0x1402f9a80	0x1402f9aba	0x14054cd68	1	0			
0x1402f9ac0	0x1402f9ba1	0x14054ca30	1	0			
0x1402f9bb0	0x1402f9d9e	0x14054ce04	1	0			
0x1402f9da0	0x1402f9f20	0x14054cd2c	1	0			
0x1402f9f20	0x1402fa07a	0x14054cd2c	1	0			
0x1402fa080	0x1402fa35e	0x14054cad0	1	3			
0x1402fa360	0x1402fa577	0x14054ce38	1	3			
0x1402fa580	0x1402fa664	0x14054ca48	1	0			
0x1402fa670	0x1402fa6cf	0x14054cb48	1	0			
0x1402fa6d0	0x1402fa713	0x14054ca48	1	0			
0x1402fa720	0x1402fab67	0x14054ca48	1	0			
0x1402fab70	0x1402fbbcb	0x14054ca8c	1	0			
0x1402fbbd0	0x1402fc66d	0x14054cac4	1	0			
0x1402fc670	0x1402fc712	0x14054ca8c	1	0			
0x1402fc720	0x1402fc842	0x14054caac	1	3			
0x1402fc850	0x1402fce5f	0x14054cde4	1	0			
0x1402fce60	0x1402fcec8	0x14054ca8c	1	0			
0x1402fced0	0x1402fd039	0x14054ca8c	1	0			
0x1402fd040	0x1402fd2b0	0x14054cdf0	1	3			
0x1402fd2b0	0x1402fd364	0x14054ce94	1	0			
0x1402fd370	0x1402fd643	0x14054ca98	1	3			
0x1402fd650	0x1402fd8c3	0x14054cc68	1	0			
0x1402fd8d0	0x1402fd9bc	0x14054cb48	1	0			
0x1402fd9c0	0x1402fdb3d	0x14054cad0	1	3			
0x1402fdb40	0x1402fdd03	0x14054cae4	1	0			
0x1402fdd10	0x1402fdec7	0x14054caf0	1	0			
0x1402fded0	0x1402fdf00	0x14054cd14	1	0			
0x1402fdf00	0x1402fdf39	0x14054cd20	1	0			
0x1402fdf40	0x1402fdf70	0x14054cd14	1	0			
0x1402fdf70	0x1402fdfa9	0x14054cd20	1	0			
0x1402fdfb0	0x1402fdfc9	0x14054cb54	1	0			
0x1402fdfd0	0x1402fdff2	0x14054ca48	1	0			
0x1402fe000	0x1402fe021	0x14054cc50	1	0			
0x1402fe030	0x1402fe1a8	0x14054cd2c	1	0			
0x1402fe1b0	0x1402fe30e	0x14054cafc	1	3			
0x1402fe310	0x1402fe3a9	0x14054cb48	1	0			
0x1402fe3b0	0x1402fe69a	0x14054ceac	1	0			
0x1402fe6a0	0x1402fe921	0x14054ce04	1	0			
0x1402fe930	0x1402ff563	0x14054cd38	1	0			
0x1402ff570	0x1402ff5c4	0x14054ca48	1	0			
0x1402ff5d0	0x1402ff791	0x14054cd5c	1	0			
0x1402ff7a0	0x1402ffa70	0x14054ca74	1	0			
0x1402ffa70	0x1402ffca0	0x14054ca80	1	0			
0x1402ffca0	0x1402ffe74	0x14054ca68	1	0			
0x1402ffe80	0x1402fff0c	0x14054ca8c	1	0			
0x1402fff10	0x14030014d	0x14054cc34	1	0			
0x140300150	0x140300297	0x14054ceb8	1	0			
0x1403002a0	0x1403003ed	0x14054ca18	1	0			
0x1403003f0	0x140300543	0x14054c9bc	1	0			
0x140300550	0x140300580	0x14054ce5c	1	0			
0x140300580	0x14030070c	0x14054cd5c	1	0			
0x140300710	0x140300740	0x14054ce5c	1	0			
0x140300740	0x140301c58	0x14054ce68	1	3			
0x140301c60	0x1403020de	0x14054ce24	1	3			
0x1403020e0	0x140302129	0x14054cea0	1	0			
0x140302130	0x14030214e	0x14054cc68	1	0			
0x140302150	0x1403021a6	0x14054cc68	1	0			
0x1403021b0	0x14030221a	0x14054cea0	1	0			
0x140302220	0x14030226b	0x14054cc68	1	0			
0x140302270	0x14030229b	0x14054cc68	1	0			
0x1403022a0	0x1403022f4	0x14054cc68	1	0			
0x140302300	0x140302368	0x14054cea0	1	0			
0x140302370	0x1403023eb	0x14054cc68	1	0			
0x1403023f0	0x140302444	0x14054cc68	1	0			
0x140302450	0x140302479	0x14054cc68	1	0			
0x140302480	0x1403024d4	0x14054cc68	1	0			
0x1403024e0	0x140302534	0x14054cc68	1	0			
0x140302540	0x1403025d1	0x14054cc68	1	0			
0x1403025e0	0x140302610	0x14054cc68	1	0			
0x140302610	0x140302639	0x14054cea0	1	0			
0x140302640	0x1403027d3	0x14054cdd8	1	0			
0x1403027e0	0x1403028a4	0x14054ca18	1	0			
0x1403028b0	0x1403028ea	0x14054cd68	1	0			
0x1403028f0	0x1403029d6	0x14054ca30	1	0			
0x1403029e0	0x140302f0a	0x14054cd2c	1	0			
0x140302f10	0x14030345a	0x14054ce4c	1	0			
0x140303460	0x14030397f	0x14054cd50	1	0			
0x140303980	0x1403039bb	0x14054cd68	1	0			
0x1403039c0	0x140303add	0x14054ca8c	1	0			
0x140303ae0	0x140303c06	0x14054cd8c	1	0			
0x140303c10	0x140303ceb	0x14054ca8c	1	0			
0x140303cf0	0x140303dd4	0x14054cd8c	1	0			
0x140303de0	0x140304272	0x14054ce10	1	3			
0x140304280	0x1403046a2	0x14054cae4	1	0			
0x1403046b0	0x1403047f7	0x14054ceb8	1	0			
0x140304800	0x14030494d	0x14054ca18	1	0			
0x140304950	0x140304977	0x14054cec4	1	0			
0x140304980	0x140304ad3	0x14054c9bc	1	0			
0x140304ae0	0x140304b30	0x14054cb60	1	0			
0x140304b30	0x1403051ab	0x14054cb90	1	3			
0x1403051b0	0x140305437	0x14054ceac	1	0			
0x140305440	0x140305587	0x14054ceb8	1	0			
0x140305590	0x1403056dd	0x14054ca18	1	0			
0x1403056e0	0x140305833	0x14054c9bc	1	0			
0x140305840	0x14030588d	0x14054ca18	1	0			
0x140305890	0x1403058eb	0x14054cd68	1	0			
0x1403058f0	0x140305a0a	0x14054ca00	1	0			
0x140305a10	0x140305a5d	0x14054ca18	1	0			
0x140305a60	0x140305abb	0x14054cd68	1	0			
0x140305ac0	0x140305b2d	0x14054ce7c	1	0			
0x140305b30	0x140305b8f	0x14054ce88	1	0			
0x140305b90	0x140305c38	0x14054ca3c	1	0			
0x140305c40	0x140305cad	0x14054ce7c	1	0			
0x140305cb0	0x140305d0f	0x14054ce88	1	0			
0x140305d10	0x140305d3c	0x14054cc68	1	0			
0x140305d40	0x140305d7b	0x14054cc68	1	0			
0x140305d80	0x140305dbb	0x14054cc68	1	0			
0x140305dc0	0x140305f04	0x14054ceb8	1	0			
0x140305f10	0x140305fdd	0x14054ca18	1	0			
0x140305fe0	0x140306121	0x14054c9bc	1	0			
0x140306130	0x140306277	0x14054ceb8	1	0			
0x140306280	0x1403063cd	0x14054ca18	1	0			
0x1403063d0	0x1403063f7	0x14054cec4	1	0			
0x140306400	0x140306553	0x14054c9bc	1	0			
0x140306560	0x14030675c	0x14054cdb0	1	3			
0x140306760	0x1403068a7	0x14054ceb8	1	0			
0x1403068b0	0x1403069fd	0x14054ca18	1	0			
0x140306a00	0x140306b53	0x14054c9bc	1	0			
0x140306b60	0x14030722d	0x14054cdc4	1	3			
0x140307230	0x140307343	0x14054cd80	1	0			
0x140307350	0x1403075c8	0x14054cd74	1	0			
0x1403075d0	0x140307708	0x14054ceb8	1	0			
0x140307710	0x140307847	0x14054ceb8	1	0			
0x140307850	0x140307a54	0x14054ca18	1	0			
0x140307a60	0x140307cfa	0x14054cef0	1	0			
0x140307d00	0x140307e3d	0x14054cefc	1	0			
0x140307e40	0x140307f7d	0x14054cefc	1	0			
0x140307f80	0x1403080a8	0x14054cefc	1	0			
0x1403080b0	0x1403081ed	0x14054cefc	1	0			
0x1403081f0	0x14030832d	0x14054cefc	1	0			
0x140308330	0x14030846c	0x14054cefc	1	0			
0x140308470	0x1403085ad	0x14054cefc	1	0			
0x1403085b0	0x1403086e8	0x14054cefc	1	0			
0x1403086f0	0x14030883d	0x14054cefc	1	0			
0x140308840	0x14030897d	0x14054cefc	1	0			
0x140308980	0x140308bfa	0x14054cefc	1	0			
0x140308c00	0x140308c3a	0x14054cc68	1	0			
0x140308c40	0x140308d12	0x14054cba4	1	0			
0x140308d20	0x140308da7	0x14054ca24	1	0			
0x140308db0	0x140308ebe	0x14054cd98	1	0			
0x140308ec0	0x140308f99	0x14054ce88	1	0			
0x140308fa0	0x14030905d	0x14054cd8c	1	0			
0x140309060	0x14030914d	0x14054cda4	1	0			
0x140309150	0x1403091c8	0x14054ce88	1	0			
0x1403091d0	0x1403092de	0x14054cd98	1	0			
0x1403092e0	0x1403093b9	0x14054ce88	1	0			
0x1403093c0	0x14030947d	0x14054cd8c	1	0			
0x140309480	0x14030956d	0x14054cda4	1	0			
0x140309570	0x1403095e3	0x14054ca24	1	0			
0x1403095f0	0x140309696	0x14054cd98	1	0			
0x1403096a0	0x140309717	0x14054ce88	1	0			
0x140309720	0x1403097c2	0x14054cd8c	1	0			
0x1403097d0	0x1403098a5	0x14054cda4	1	0			
0x1403098b0	0x140309915	0x14054ce7c	1	0			
0x140309920	0x140309998	0x14054ce88	1	0			
0x1403099a0	0x140309a46	0x14054cd98	1	0			
0x140309a50	0x140309ac7	0x14054ce88	1	0			
0x140309ad0	0x140309b72	0x14054cd8c	1	0			
0x140309b80	0x140309c55	0x14054cda4	1	0			
0x140309c60	0x14030a9a9	0x14054cd44	1	0			
0x14030a9b0	0x14030abd1	0x14054cbc4	1	3			
0x14030abe0	0x14030b52c	0x14054cc20	1	3			
0x14030b530	0x14030b54f	0x14054cc68	1	0			
0x14030b550	0x14030b5b3	0x14054cb6c	1	0			
0x14030b5c0	0x14030b6bd	0x14054ce04	1	0			
0x14030b6c0	0x14030b6eb	0x14054cba4	1	0			
0x14030b6f0	0x14030b717	0x14054ca00	1	0			
0x14030b720	0x14030b747	0x14054ca00	1	0			
0x14030b750	0x14030b777	0x14054ca00	1	0			
0x14030b780	0x14030b815	0x14054ca00	1	0			
0x14030b820	0x14030b97d	0x14054ca00	1	0			
0x14030b980	0x14030bb4b	0x14054ca00	1	0			
0x14030bb50	0x14030bdc8	0x14054c9ec	1	3			
0x14030bdd0	0x14030c1b5	0x14054cbb0	1	3			
0x14030c1c0	0x14030c2cc	0x14054cd68	1	0			
0x14030c2d0	0x14030c4ed	0x14054cd68	1	0			
0x14030c4f0	0x14030c70d	0x14054cd68	1	0			
0x14030c710	0x14030c7a8	0x14054ca00	1	0			
0x14030c7b0	0x14030c848	0x14054ca00	1	0			
0x14030c850	0x14030cc26	0x14054cd68	1	0			
0x14030cc30	0x14030d006	0x14054cd68	1	0			
0x14030d010	0x14030d034	0x14054cea0	1	0			
0x14030d040	0x14030d42b	0x14054cb78	1	0			
0x14030d430	0x14030d8ab	0x14054cb84	1	0			
0x14030d8b0	0x14030d9a9	0x14054ca30	1	0			
0x14030d9b0	0x14030da79	0x14054cdd8	1	0			
0x14030da80	0x14030db49	0x14054cdd8	1	0			
0x14030db50	0x14030db96	0x14054cea0	1	0			
0x14030dba0	0x14030dc13	0x14054cba4	1	0			
0x14030dc20	0x14030dc57	0x14054cb6c	1	0			
0x14030dc60	0x14030dd0a	0x14054c9c8	1	0			
0x14030dd10	0x14030ddc8	0x14054c9d4	1	0			
0x14030ddd0	0x14030de92	0x14054cc50	1	0			
0x14030dea0	0x14030df0e	0x14054c9e0	1	0			
0x14030df40	0x14030df4e	0x14054cf08	1	0			
0x14030df4e	0x14030e07f	0x14054cf18	1	4	0x14030df40	0x14030df4e	0x14054cf08
0x14030e07f	0x14030e08c	0x14054cf2c	1	4	0x14030df4e	0x14030e07f	0x14054cf18
0x14030e08c	0x14030e0d2	0x14054cf40	1	4	0x14030e07f	0x14030e08c	0x14054cf2c
0x14030e0d2	0x14030e0d7	0x14054cf54	1	4	0x14030e07f	0x14030e08c	0x14054cf2c
0x14030e0d7	0x14030e17e	0x14054cf64	1	4	0x14030df4e	0x14030e07f	0x14054cf18
0x14030e17e	0x14030e267	0x14054cf74	1	4	0x14030df40	0x14030df4e	0x14054cf08
0x14030e270	0x14030e2b2	0x140545b9c	1	0			
0x14030e2c0	0x14030e2e9	0x14053c418	1	0			
0x14030e300	0x14030e33e	0x1405463d4	1	0			
0x14030e340	0x14030e37f	0x14054d464	1	0			
0x14030e37f	0x14030e387	0x14054d474	1	4	0x14030e340	0x14030e37f	0x14054d464
0x14030e387	0x14030e4ad	0x14054d48c	1	4	0x14030e37f	0x14030e387	0x14054d474
0x14030e4ad	0x14030e600	0x14054d4a4	1	4	0x14030e600	0x14030e615	0x14054d4b8
0x14030e600	0x14030e615	0x14054d4b8	1	4	0x14030e37f	0x14030e387	0x14054d474
0x14030e615	0x14030e624	0x14054d4cc	1	4	0x14030e340	0x14030e37f	0x14054d464
0x14030e630	0x14030e67d	0x140548264	1	0			
0x14030e680	0x14030e6a7	0x140545b9c	1	0			
0x14030e6a7	0x14030e719	0x14054d418	1	4	0x14030e680	0x14030e6a7	0x140545b9c
0x14030e719	0x14030e7e3	0x14054d430	1	4	0x14030e6a7	0x14030e719	0x14054d418
0x14030e7e3	0x14030e7ed	0x14054d444	1	4	0x14030e6a7	0x14030e719	0x14054d418
0x14030e7ed	0x14030e7f3	0x14054d454	1	4	0x14030e680	0x14030e6a7	0x140545b9c
0x14030e800	0x14030e86d	0x140523670	1	3			
0x14030e870	0x14030e898	0x1405248a8	1	0			
0x14030e898	0x14030e928	0x14054d4f0	1	4	0x14030e870	0x14030e898	0x1405248a8
0x14030e928	0x14030e938	0x14054d508	1	4	0x14030e870	0x14030e898	0x1405248a8
0x14030e940	0x14030e9af	0x14054d4dc	1	3			
0x14030e9b0	0x14030eb24	0x14054d094	1	3			
0x14030eb24	0x14030ec59	0x14054d0c4	1	4	0x14030e9b0	0x14030eb24	0x14054d094
0x14030ec59	0x14030ec92	0x14054d0d8	1	4	0x14030e9b0	0x14030eb24	0x14054d094
0x14030eca0	0x14030ed38	0x14054d02c	1	3			
0x14030ed38	0x14030ed74	0x14054d048	1	4	0x14030eca0	0x14030ed38	0x14054d02c
0x14030ed74	0x14030efa1	0x14054d05c	1	4	0x14030ed38	0x14030ed74	0x14054d048
0x14030efa1	0x14030efa9	0x14054d074	1	4	0x14030ed38	0x14030ed74	0x14054d048
0x14030efa9	0x14030efcd	0x14054d084	1	4	0x14030eca0	0x14030ed38	0x14054d02c
0x14030efd0	0x14030f061	0x14054cfc4	1	3			
0x14030f061	0x14030f0a0	0x14054cfe0	1	4	0x14030efd0	0x14030f061	0x14054cfc4
0x14030f0a0	0x14030f2c2	0x14054cff4	1	4	0x14030f061	0x14030f0a0	0x14054cfe0
0x14030f2c2	0x14030f2ca	0x14054d00c	1	4	0x14030f061	0x14030f0a0	0x14054cfe0
0x14030f2ca	0x14030f2ed	0x14054d01c	1	4	0x14030efd0	0x14030f061	0x14054cfc4
0x14030f2f0	0x14030f32d	0x14054d3c4	1	3			
0x14030f32d	0x14030f509	0x14054d3dc	1	4	0x14030f2f0	0x14030f32d	0x14054d3c4
0x14030f509	0x14030f523	0x14054d408	1	4	0x14030f2f0	0x14030f32d	0x14054d3c4
0x14030f530	0x14030f570	0x14054d364	1	3			
0x14030f570	0x14030f76e	0x14054d37c	1	4	0x14030f530	0x14030f570	0x14054d364
0x14030f76e	0x14030f788	0x14054d3b4	1	4	0x14030f530	0x14030f570	0x14054d364
0x14030f850	0x14030f8df	0x14054d110	1	0			
0x14030f8df	0x14030faa8	0x14054d0e8	1	4	0x14030f850	0x14030f8df	0x14054d110
0x14030faa8	0x14030faca	0x14054d100	1	4	0x14030f850	0x14030f8df	0x14054d110
0x14030fad0	0x14030fb5a	0x14054d110	1	0			
0x14030fb5a	0x14030fcf9	0x14054d124	1	4	0x14030fad0	0x14030fb5a	0x14054d110
0x14030fcf9	0x14030fd1b	0x14054d13c	1	4	0x14030fad0	0x14030fb5a	0x14054d110
0x14030fe90	0x14030feb0	0x14053c418	1	0			
0x14030feb0	0x14030fedd	0x14054d23c	1	4	0x14030fe90	0x14030feb0	0x14053c418
0x14030fedd	0x14030ffe0	0x14054d250	1	4	0x14030fe90	0x14030feb0	0x14053c418
0x14030ffe0	0x1403100e4	0x14053c418	1	0			
0x1403100f0	0x140310123	0x14054d2f0	1	3			
0x140310123	0x140310310	0x14054d308	1	4	0x1403100f0	0x140310123	0x14054d2f0
0x140310310	0x1403104ba	0x14054d328	1	4	0x140310123	0x140310310	0x14054d308
0x1403104ba	0x1403104ed	0x14054d344	1	4	0x140310123	0x140310310	0x14054d308
0x1403104ed	0x140310512	0x14054d354	1	4	0x1403100f0	0x140310123	0x14054d2f0
0x140310520	0x140310551	0x14054d264	1	3			
0x140310551	0x14031074b	0x14054d278	1	4	0x140310520	0x140310551	0x14054d264
0x14031074b	0x140310907	0x14054d2ac	1	4	0x140310551	0x14031074b	0x14054d278
0x140310907	0x14031095c	0x14054d2d0	1	4	0x140310551	0x14031074b	0x14054d278
0x14031095c	0x14031097a	0x14054d2e0	1	4	0x140310520	0x140310551	0x14054d264
0x140310980	0x140310a3c	0x14054d1b4	1	3			
0x140310a3c	0x140310a5c	0x14054d1cc	1	4	0x140310980	0x140310a3c	0x14054d1b4
0x140310a5c	0x140310c23	0x14054d1e4	1	4	0x140310a3c	0x140310a5c	0x14054d1cc
0x140310c23	0x140310c5c	0x14054d1fc	1	4	0x140310a3c	0x140310a5c	0x14054d1cc
0x140310c5c	0x140310cbf	0x14054d20c	1	4	0x140310980	0x140310a3c	0x14054d1b4
0x140310cbf	0x140310d06	0x14054d22c	1	4	0x140310980	0x140310a3c	0x14054d1b4
0x140310d10	0x140310da5	0x14054d14c	1	3			
0x140310da5	0x140310dc3	0x14054d160	1	4	0x140310d10	0x140310da5	0x14054d14c
0x140310dc3	0x140310f6d	0x14054d178	1	4	0x140310da5	0x140310dc3	0x14054d160
0x140310f6d	0x140310f9a	0x14054d194	1	4	0x140310da5	0x140310dc3	0x14054d160
0x140310f9a	0x140310fd8	0x14054d1a4	1	4	0x140310d10	0x140310da5	0x14054d14c
0x140311000	0x140311234	0x14054cf84	1	3			
0x140311240	0x140311479	0x14054cfa4	1	3			
0x140311480	0x1403114ab	0x14053c418	1	0			
0x1403114e0	0x140311545	0x14054d5a8	1	0			
0x140311545	0x14031155a	0x14054d5b8	1	4	0x1403114e0	0x140311545	0x14054d5a8
0x14031155a	0x1403115cb	0x14054d5cc	1	4	0x140311545	0x14031155a	0x14054d5b8
0x1403115cb	0x140311729	0x14054d5e0	1	4	0x14031155a	0x1403115cb	0x14054d5cc
0x140311729	0x140311737	0x14054d5f4	1	4	0x1403115cb	0x140311729	0x14054d5e0
0x140311737	0x140311785	0x14054d608	1	4	0x140311729	0x140311737	0x14054d5f4
0x140311785	0x14031178a	0x14054d61c	1	4	0x140311729	0x140311737	0x14054d5f4
0x14031178a	0x14031178f	0x14054d62c	1	4	0x1403115cb	0x140311729	0x14054d5e0
0x14031178f	0x140311833	0x14054d63c	1	4	0x14031155a	0x1403115cb	0x14054d5cc
0x140311833	0x14031184d	0x14054d64c	1	4	0x140311545	0x14031155a	0x14054d5b8
0x14031184d	0x140311859	0x14054d65c	1	4	0x1403114e0	0x140311545	0x14054d5a8
0x140311860	0x1403118dd	0x14054d518	1	3			
0x1403118dd	0x1403118f7	0x14054d534	1	4	0x140311860	0x1403118dd	0x14054d518
0x1403118f7	0x140311b05	0x14054d548	1	4	0x1403118dd	0x1403118f7	0x14054d534
0x140311b05	0x140311ed5	0x14054d564	1	4	0x1403118f7	0x140311b05	0x14054d548
0x140311ed5	0x140311efa	0x14054d578	1	4	0x1403118f7	0x140311b05	0x14054d548
0x140311efa	0x140311f5e	0x14054d588	1	4	0x1403118dd	0x1403118f7	0x14054d534
0x140311f5e	0x140311f7f	0x14054d598	1	4	0x140311860	0x1403118dd	0x14054d518
0x140311f80	0x140311fcc	0x1405463d4	1	0			
0x140312040	0x14031213c	0x14054d66c	1	0			
0x140312140	0x140312186	0x14053c418	1	0			
0x140312190	0x140312205	0x140521b68	1	0			
0x140312210	0x14031225b	0x140538250	1	0			
0x140312450	0x14031271c	0x14054854c	1	0			
0x140312720	0x1403127a2	0x14053ce70	1	0			
0x1403127b0	0x14031283c	0x14053ce70	1	0			
0x140312840	0x140312855	0x14054fa50	1	0			
0x140312855	0x140312874	0x14054d680	1	4	0x140312840	0x140312855	0x14054fa50
0x140312874	0x1403129a0	0x14054d694	1	4	0x140312840	0x140312855	0x14054fa50
0x1403129e0	0x140312b16	0x14052eba4	1	0			
0x140312b20	0x140312ca1	0x14052eba4	1	0			
0x140312cb0	0x140312ce8	0x14053c418	1	0			
0x140312cf0	0x140312dbd	0x140538250	1	0			
0x140312dc0	0x140312dde	0x14054d6a4	1	0			
0x140312dde	0x140312ece	0x14054d6ac	1	4	0x140312dc0	0x140312dde	0x14054d6a4
0x140312ece	0x140312f06	0x14054d6c0	1	4	0x140312dc0	0x140312dde	0x14054d6a4
0x140312f10	0x140313ac4	0x14054d6d0	1	3			
0x140313ad0	0x140313b50	0x1405463d4	1	0			
0x140313b50	0x140313c25	0x140538250	1	0			
0x140313c60	0x140313ca3	0x14054f8f4	1	0			
0x140313cb0	0x140313d5e	0x14054d758	1	0			
0x140313d60	0x140313e1c	0x140545b9c	1	0			
0x140313ea0	0x140313ecd	0x14054d704	1	3			
0x140313ecd	0x140313f06	0x14054d71c	1	4	0x140313ea0	0x140313ecd	0x14054d704
0x140313f06	0x140313feb	0x14054d730	1	4	0x140313ea0	0x140313ecd	0x14054d704
0x140313ff0	0x140314069	0x140530260	1	3			
0x140314120	0x140314209	0x14053af04	1	3			
0x140314210	0x1403142e1	0x14053af04	1	3			
0x1403142f0	0x140314559	0x14054d740	1	0			
0x140314560	0x1403145ab	0x14053c418	1	0			
0x1403145b0	0x1403145e0	0x14054d764	1	3			
0x1403145e0	0x1403146f4	0x14054d77c	1	4	0x1403145b0	0x1403145e0	0x14054d764
0x1403146f4	0x14031470d	0x14054d794	1	4	0x1403145b0	0x1403145e0	0x14054d764
0x140314710	0x1403148ba	0x14054d7a4	1	3			
0x1403148c0	0x140314a36	0x14054d7c8	1	3			
0x140314a40	0x140314a66	0x140528d7c	1	0			
0x140314a66	0x140314a9d	0x14054d7f0	1	4	0x140314a40	0x140314a66	0x140528d7c
0x140314a9d	0x140314aa5	0x14054d808	1	4	0x140314a40	0x140314a66	0x140528d7c
0x140314b80	0x140314c43	0x14054854c	1	0			
0x140314c50	0x140314ca1	0x14054d818	1	2			
0x140314d00	0x140314d48	0x14054d848	1	3			
0x140314d60	0x140314dca	0x14054d898	1	3			
0x140314dd0	0x140314dfb	0x14053c418	1	0			
0x140314e00	0x140314f9c	0x14054d860	1	3			
0x140314fa0	0x14031514b	0x14054d87c	1	3			
0x140315180	0x1403151e2	0x14054f8f4	1	0			
0x1403151f0	0x140315229	0x14053c418	1	0			
0x140315230	0x140315264	0x14053c418	1	0			
0x140315270	0x14031532f	0x14053c418	1	0			
0x140315350	0x140315383	0x140545b9c	1	0			
0x140315390	0x1403153b8	0x14054d8c8	1	3			
0x1403153c0	0x140315470	0x1405211bc	1	0			
0x140315470	0x1403156b0	0x14054d96c	1	4	0x1403153c0	0x140315470	0x1405211bc
0x1403156b0	0x140315740	0x14054d980	1	4	0x1403153c0	0x140315470	0x1405211bc
0x140315740	0x140315814	0x14053c418	1	0			
0x140315820	0x1403158a1	0x140526458	1	0			
0x140315990	0x140315af9	0x140530494	1	0			
0x140315b00	0x140315b18	0x140538778	1	0			
0x140315b18	0x140315bc9	0x14054d948	1	4	0x140315b00	0x140315b18	0x140538778
0x140315bc9	0x140315bca	0x14054d95c	1	4	0x140315b00	0x140315b18	0x140538778
0x140315bd0	0x140315c3a	0x14054d904	1	0			
0x140315c40	0x140315e73	0x140526458	1	0			
0x140315e80	0x140315f2a	0x140548264	1	0			
0x140315f30	0x140315fe4	0x14054d910	1	0			
0x140315fe4	0x14031618e	0x14054d924	1	4	0x140315f30	0x140315fe4	0x14054d910
0x14031618e	0x1403161a1	0x14054d938	1	4	0x140315f30	0x140315fe4	0x14054d910
0x1403161b0	0x1403161e5	0x14054d990	1	0			
0x1403161e5	0x14031621e	0x14054d99c	1	4	0x1403161b0	0x1403161e5	0x14054d990
0x14031621e	0x1403162d7	0x14054d9b0	1	4	0x1403161b0	0x1403161e5	0x14054d990
0x1403162e0	0x140316305	0x14054dce8	1	0			
0x140316305	0x14031633d	0x14054dcf4	1	4	0x1403162e0	0x140316305	0x14054dce8
0x14031633d	0x14031635c	0x14054dd08	1	4	0x1403162e0	0x140316305	0x14054dce8
0x140316360	0x140316422	0x14053c418	1	0			
0x140316430	0x140316641	0x14054d8e0	1	3			
0x140316650	0x140316680	0x14054dd9c	1	0			
0x140316680	0x140316817	0x14054dda8	1	4	0x140316650	0x140316680	0x14054dd9c
0x140316817	0x140316821	0x14054ddcc	1	4	0x140316650	0x140316680	0x14054dd9c
0x140316830	0x14031684e	0x14054dd60	1	0			
0x14031684e	0x140316962	0x14054dd6c	1	4	0x140316830	0x14031684e	0x14054dd60
0x140316962	0x140316968	0x14054dd8c	1	4	0x140316830	0x14031684e	0x14054dd60
0x140316970	0x140316993	0x14054dd2c	1	0			
0x140316993	0x140316a3c	0x14054dd3c	1	4	0x140316970	0x140316993	0x14054dd2c
0x140316a3c	0x140316a48	0x14054dd50	1	4	0x140316970	0x140316993	0x14054dd2c
0x140316a90	0x140316aa9	0x14054f8f4	1	0			
0x140316aa9	0x140316ac0	0x14054d9c8	1	4	0x140316a90	0x140316aa9	0x14054f8f4
0x140316ac0	0x140316ae0	0x14054d9dc	1	4	0x140316a90	0x140316aa9	0x14054f8f4
0x140316ae0	0x140316b49	0x14054d4dc	1	3			
0x140316c90	0x140316cb6	0x140538250	1	0			
0x140316cb6	0x140316d3f	0x14054dddc	1	4	0x140316c90	0x140316cb6	0x140538250
0x140316d3f	0x140316d44	0x14054ddf8	1	4	0x140316c90	0x140316cb6	0x140538250
0x140316d70	0x140316e0b	0x14054dd18	1	3			
0x140316e10	0x1403173d4	0x140526458	1	0			
0x1403173e0	0x140317466	0x14053c418	1	0			
0x140317470	0x140317643	0x14054d9f0	1	0			
0x140317650	0x140317889	0x14052a03c	1	0			
0x140317890	0x140317ac9	0x14052a03c	1	0			
0x140317ad0	0x140317d17	0x140521640	1	0			
0x140317d20	0x140317fb2	0x14054da04	1	0			
0x140317fc0	0x140318518	0x14054da90	1	3			
0x140318520	0x140318608	0x1405463d4	1	0			
0x140318610	0x14031882a	0x14054dc08	1	3			
0x140318830	0x140318b29	0x14054da20	1	3			
0x140318b30	0x140318eb7	0x14054da4c	1	3			
0x140318ec0	0x140319065	0x14054dac8	1	0			
0x140319065	0x1403194d8	0x14054dae8	1	4	0x140318ec0	0x140319065	0x14054dac8
0x1403194d8	0x1403195e4	0x14054db14	1	4	0x140318ec0	0x140319065	0x14054dac8
0x1403195f0	0x14031969b	0x14053c418	1	0			
0x1403196a0	0x140319d5a	0x14054dba8	1	3			
0x140319d60	0x14031a349	0x14054db24	1	3			
0x14031a350	0x14031a5ef	0x14052a03c	1	0			
0x14031a5f0	0x14031a821	0x14054dc68	1	3			
0x14031a830	0x14031a93b	0x14054dc90	1	0			
0x14031a93b	0x14031adf8	0x14054dca8	1	4	0x14031a830	0x14031a93b	0x14054dc90
0x14031adf8	0x14031ae0a	0x14054dcd8	1	4	0x14031a830	0x14031a93b	0x14054dc90
0x14031ae10	0x14031b0c0	0x14053ccac	1	3			
0x14031b0c0	0x14031b2c3	0x14054dc40	1	3			
0x14031b2d0	0x14031e0b0	0x14054de98	1	3			
0x14031e0b0	0x14031e190	0x14054854c	1	0			
0x14031e190	0x14031e1a2	0x14052fb70	1	0			
0x14031e1a2	0x14031e1e5	0x14054de60	1	4	0x14031e190	0x14031e1a2	0x14052fb70
0x14031e1e5	0x14031e235	0x14054de74	1	4	0x14031e190	0x14031e1a2	0x14052fb70
0x14031e235	0x14031e2ab	0x14054de74	1	4	0x14031e190	0x14031e1a2	0x14052fb70
0x14031e2ab	0x14031e31e	0x14054de74	1	4	0x14031e190	0x14031e1a2	0x14052fb70
0x14031e31e	0x14031e340	0x14054de74	1	4	0x14031e190	0x14031e1a2	0x14052fb70
0x14031e340	0x14031e379	0x14054de74	1	4	0x14031e190	0x14031e1a2	0x14052fb70
0x14031e379	0x14031e3d3	0x14054de74	1	4	0x14031e190	0x14031e1a2	0x14052fb70
0x14031e3d3	0x14031e41c	0x14054de74	1	4	0x14031e190	0x14031e1a2	0x14052fb70
0x14031e41c	0x14031e47d	0x14054de74	1	4	0x14031e190	0x14031e1a2	0x14052fb70
0x14031e47d	0x14031e4d8	0x14054de74	1	4	0x14031e190	0x14031e1a2	0x14052fb70
0x14031e4d8	0x14031e513	0x14054de74	1	4	0x14031e190	0x14031e1a2	0x14052fb70
0x14031e513	0x14031e534	0x14054de74	1	4	0x14031e190	0x14031e1a2	0x14052fb70
0x14031e534	0x14031e578	0x14054de88	1	4	0x14031e190	0x14031e1a2	0x14052fb70
0x14031e580	0x14031e5c7	0x14053c418	1	0			
0x14031e5d0	0x14031e688	0x140545b9c	1	0			
0x14031e690	0x14031e72f	0x140545b9c	1	0			
0x14031ea50	0x14031eb34	0x14054df24	1	0			
0x14031eb40	0x14031ec5a	0x14054deb8	1	0			
0x14031ed10	0x14031eda8	0x14054df38	1	0			
0x14031ee00	0x14031ee3f	0x14054ded0	1	0			
0x14031ee3f	0x14031f03f	0x14054dedc	1	4	0x14031ee00	0x14031ee3f	0x14054ded0
0x14031f03f	0x14031f044	0x14054df00	1	4	0x14031ee00	0x14031ee3f	0x14054ded0
0x14031f050	0x14031f7b4	0x1405463d4	1	0			
0x14031f7c0	0x14031f828	0x14053c418	1	0			
0x14031f830	0x14031f8aa	0x14054e004	1	3			
0x14031f8aa	0x14031f8b2	0x14054e024	1	4	0x14031f830	0x14031f8aa	0x14054e004
0x14031f8b2	0x14031f9d8	0x14054e038	1	4	0x14031f8aa	0x14031f8b2	0x14054e024
0x14031f9d8	0x14031fa0e	0x14054e04c	1	4	0x14031f8aa	0x14031f8b2	0x14054e024
0x14031fa0e	0x14031fa7c	0x14054e05c	1	4	0x14031f830	0x14031f8aa	0x14054e004
0x14031fa80	0x14031fb48	0x14054dff0	1	3			
0x14031fb50	0x14031fba5	0x14053c418	1	0			
0x14031fc40	0x14031fd23	0x14054df60	1	0			
0x14031fd30	0x1403200c0	0x14054df48	1	0			
0x1403200d0	0x14032028d	0x14054e06c	1	3			
0x14032028d	0x14032044c	0x14054e098	1	4	0x1403200d0	0x14032028d	0x14054e06c
0x14032044c	0x1403204b0	0x14054e0b4	1	4	0x1403200d0	0x14032028d	0x14054e06c
0x1403204f0	0x14032051b	0x14054df78	1	3			
0x14032051b	0x140320554	0x14054df94	1	4	0x1403204f0	0x14032051b	0x14054df78
0x140320554	0x1403205ec	0x14054dfa8	1	4	0x14032051b	0x140320554	0x14054df94
0x1403205ec	0x14032060d	0x14054dfbc	1	4	0x14032051b	0x140320554	0x14054df94
0x14032060d	0x1403206e5	0x14054dfcc	1	4	0x1403204f0	0x14032051b	0x14054df78
0x140320bb0	0x140320d1c	0x14054dfdc	1	0			
0x140320d50	0x140320d8d	0x14054f8f4	1	0			
0x140320d90	0x140320db3	0x14053c418	1	0			
0x140320dc0	0x140320ddc	0x14054e144	1	0			
0x140320ddc	0x140321117	0x14054e15c	1	4	0x140320dc0	0x140320ddc	0x14054e144
0x140321117	0x140321126	0x14054e174	1	4	0x140320dc0	0x140320ddc	0x14054e144
0x140321126	0x14032135d	0x14054e184	1	4	0x140321117	0x140321126	0x14054e174
0x14032135d	0x140321382	0x14054e1a4	1	4	0x140321117	0x140321126	0x14054e174
0x140321390	0x1403213f7	0x14054e104	1	3			
0x1403213f7	0x140321477	0x14054e120	1	4	0x140321390	0x1403213f7	0x14054e104
0x140321477	0x1403214f9	0x14054e134	1	4	0x140321390	0x1403213f7	0x14054e104
0x140321500	0x1403215ec	0x140548264	1	0			
0x140321680	0x140321710	0x14054e1b4	1	3			
0x140321710	0x1403217cb	0x14054e1d4	1	4	0x140321680	0x140321710	0x14054e1b4
0x1403217cb	0x140321831	0x14054e1ec	1	4	0x140321680	0x140321710	0x14054e1b4
0x140321840	0x140321b49	0x14054e1fc	1	3			
0x140321b50	0x140321b82	0x14054e0c4	1	3			
0x140321b82	0x140321c18	0x14054e0d8	1	4	0x140321b50	0x140321b82	0x14054e0c4
0x140321c18	0x140321c38	0x14054e0f4	1	4	0x140321b50	0x140321b82	0x14054e0c4
0x140321c40	0x140321c46	0x14054e970	1	0			
0x140321c46	0x140321cc7	0x14054e220	1	4	0x140321c40	0x140321c46	0x14054e970
0x140321cc7	0x140321e5b	0x14054e244	1	4	0x140321c46	0x140321cc7	0x14054e220
0x140321e5b	0x140321f01	0x14054e25c	1	4	0x140321c46	0x140321cc7	0x14054e220
0x140321f01	0x140321fe7	0x14054e26c	1	4	0x140321c40	0x140321c46	0x14054e970
0x140321ff0	0x14032201e	0x140535cf0	1	3			
0x14032201e	0x1403221ec	0x14054e2c0	1	4	0x140321ff0	0x14032201e	0x140535cf0
0x1403221ec	0x140322202	0x14054e2d8	1	4	0x140321ff0	0x14032201e	0x140535cf0
0x140322210	0x140322576	0x14054e2e8	1	3			
0x140322580	0x1403225a3	0x140538250	1	0			
0x1403225b0	0x140322632	0x14054e27c	1	3			
0x140322632	0x140322772	0x14054e298	1	4	0x1403225b0	0x140322632	0x14054e27c
0x140322772	0x1403227b8	0x14054e2b0	1	4	0x1403225b0	0x140322632	0x14054e27c
0x140322960	0x140322987	0x14053c418	1	0			
0x140322990	0x140322a0f	0x140548264	1	0			
0x140322a10	0x140322a5a	0x14054e334	1	3			
0x140322a60	0x140322aa6	0x14054e334	1	3			
0x140322ab0	0x140322b11	0x14052fb70	1	0			
0x140322b11	0x140322b44	0x14054e310	1	4	0x140322ab0	0x140322b11	0x14052fb70
0x140322b44	0x140322b68	0x14054e324	1	4	0x140322ab0	0x140322b11	0x14052fb70
0x140322b70	0x140322c93	0x14054e344	1	3			
0x140322cd0	0x140322d6c	0x140547db8	1	0			
0x140322d6c	0x140322e10	0x14054e364	1	4	0x140322cd0	0x140322d6c	0x140547db8
0x140322e10	0x140322e17	0x14054e378	1	4	0x140322cd0	0x140322d6c	0x140547db8
0x140322e17	0x140322e31	0x14054e38c	1	4	0x140322cd0	0x140322d6c	0x140547db8
0x140322e80	0x140322ee8	0x14053c418	1	0			
0x140322f20	0x140323029	0x140530494	1	0			
0x140323030	0x140323074	0x1405463d4	1	0			
0x140323080	0x14032310e	0x14054e6f0	1	2			
0x140323110	0x140323164	0x14054e6c8	1	2			
0x140323230	0x1403232a9	0x14054e720	1	2			
0x1403232b0	0x14032337c	0x14054e668	1	2			
0x140323380	0x1403233e9	0x14054e698	1	2			
0x1403233f0	0x140323463	0x14054e760	1	2			
0x140323470	0x1403234c4	0x14054e640	1	2			
0x140323540	0x140323557	0x14054f8f4	1	0			
0x140323630	0x1403236a1	0x14054e604	1	0			
0x1403236a1	0x140323728	0x14054e618	1	4	0x140323630	0x1403236a1	0x14054e604
0x140323728	0x14032373f	0x14054e630	1	4	0x140323630	0x1403236a1	0x14054e604
0x140323740	0x140323807	0x14054e4ac	1	0			
0x140323810	0x140323828	0x14054f8f4	1	0			
0x140323930	0x1403239da	0x14054e3c8	1	2			
0x140323c70	0x140323c99	0x14054e5d0	1	0			
0x140323c99	0x140323cdc	0x14054e5e0	1	4	0x140323c70	0x140323c99	0x14054e5d0
0x140323cdc	0x140323cec	0x14054e5f4	1	4	0x140323c70	0x140323c99	0x14054e5d0
0x140323cf0	0x140323d29	0x14054e434	1	0			
0x140323d29	0x140323ea1	0x14054e448	1	4	0x140323cf0	0x140323d29	0x14054e434
0x140323ea1	0x140323ebc	0x14054e468	1	4	0x140323cf0	0x140323d29	0x14054e434
0x140323ec0	0x140323eec	0x14054e478	1	0			
0x140323eec	0x140323f35	0x14054e488	1	4	0x140323ec0	0x140323eec	0x14054e478
0x140323f35	0x140323f4d	0x14054e49c	1	4	0x140323ec0	0x140323eec	0x14054e478
0x140323f50	0x140323f64	0x140523c40	1	0			
0x140323f64	0x140323f97	0x14054e410	1	4	0x140323f50	0x140323f64	0x140523c40
0x140323f97	0x140323fa2	0x14054e424	1	4	0x140323f50	0x140323f64	0x140523c40
0x140323fb0	0x1403242d8	0x14054e4cc	1	2			
0x1403242e0	0x140324344	0x14053c418	1	0			
0x140324350	0x1403243a2	0x140538250	1	0			
0x1403243b0	0x1403243f2	0x1405463d4	1	0			
0x140324400	0x140324453	0x14054f8f4	1	0			
0x140324460	0x1403244dd	0x14053ce70	1	0			
0x1403244e0	0x14032456b	0x14053ce70	1	0			
0x140324570	0x140324674	0x140540278	1	3			
0x140324680	0x14032480b	0x14054e87c	1	3			
0x14032480b	0x140324899	0x14054e894	1	4	0x140324680	0x14032480b	0x14054e87c
0x140324899	0x140324a2a	0x14054e8b4	1	4	0x140324680	0x14032480b	0x14054e87c
0x140324a80	0x140324ac2	0x140545b9c	1	0			
0x140324ac2	0x140324ae2	0x14054e80c	1	4	0x140324a80	0x140324ac2	0x140545b9c
0x140324ae2	0x140324b4b	0x14054e82c	1	4	0x140324ac2	0x140324ae2	0x14054e80c
0x140324b4b	0x140324b67	0x14054e844	1	4	0x140324ac2	0x140324ae2	0x14054e80c
0x140324b67	0x140324b7c	0x14054e854	1	4	0x140324ac2	0x140324ae2	0x14054e80c
0x140324b7c	0x140324c45	0x14054e844	1	4	0x140324ac2	0x140324ae2	0x14054e80c
0x140324c45	0x140324c4b	0x14054e86c	1	4	0x140324a80	0x140324ac2	0x140545b9c
0x140324c50	0x140324cb4	0x14053c418	1	0			
0x140324cc0	0x140324d5f	0x14054e7d8	1	0			
0x140324d5f	0x140324dcc	0x14054e7e4	1	4	0x140324cc0	0x140324d5f	0x14054e7d8
0x140324dcc	0x140324dd7	0x14054e7fc	1	4	0x140324cc0	0x140324d5f	0x14054e7d8
0x140324de0	0x140324f06	0x14054e8c4	1	3			
0x1403250a0	0x1403250b0	0x14054e970	1	0			
0x1403250b0	0x1403251db	0x14054e978	1	4	0x1403250a0	0x1403250b0	0x14054e970
0x1403251db	0x140325220	0x14054e990	1	4	0x1403250a0	0x1403250b0	0x14054e970
0x140325220	0x140325268	0x1405463d4	1	0			
0x140325270	0x1403252e7	0x14054e9a0	1	3			
0x1403252e7	0x14032531f	0x14054e9b4	1	4	0x140325270	0x1403252e7	0x14054e9a0
0x14032531f	0x1403253fe	0x14054e9c8	1	4	0x140325270	0x1403252e7	0x14054e9a0
0x140325400	0x140325432	0x14054e9d8	1	3			
0x140325432	0x1403257aa	0x14054e9f0	1	4	0x140325400	0x140325432	0x14054e9d8
0x1403257aa	0x1403257d1	0x14054ea28	1	4	0x140325400	0x140325432	0x14054e9d8
0x1403257e0	0x14032580b	0x1405463d4	1	0			
0x140325810	0x140325961	0x14054fcc4	1	3			
0x140325ad0	0x140325b8b	0x14054e910	1	0			
0x140325b90	0x140325d8c	0x14054e958	1	0			
0x140325d90	0x140326135	0x14054e924	1	0			
0x140326140	0x1403261a7	0x14054f8f4	1	0			
0x1403261b0	0x1403261d8	0x14053c418	1	0			
0x1403261e0	0x140326232	0x14053c418	1	0			
0x140326240	0x140326301	0x14054ea38	1	3			
0x140326380	0x140326408	0x1405245f0	1	0			
0x140326410	0x140326456	0x14053aca0	1	3			
0x140326456	0x1403264e0	0x14054ea80	1	4	0x140326410	0x140326456	0x14053aca0
0x1403264e0	0x140326524	0x14054ea94	1	4	0x140326410	0x140326456	0x14053aca0
0x140326550	0x14032659a	0x14054854c	1	0			
0x1403265a0	0x1403265ee	0x140536ae4	1	0			
0x1403265ee	0x140326674	0x14054eaa4	1	4	0x1403265a0	0x1403265ee	0x140536ae4
0x140326674	0x14032667f	0x14054eab8	1	4	0x1403265a0	0x1403265ee	0x140536ae4
0x140326680	0x140326736	0x140526458	1	0			
0x140326870	0x140326901	0x14054854c	1	0			
0x140326b70	0x140326bbb	0x140545b9c	1	0			
0x140326bbb	0x140326bfd	0x14054eac8	1	4	0x140326b70	0x140326bbb	0x140545b9c
0x140326bfd	0x140326c03	0x14054eadc	1	4	0x140326b70	0x140326bbb	0x140545b9c
0x140326c10	0x140326c71	0x14053c418	1	0			
0x140326d20	0x140326d9e	0x14054854c	1	0			
0x140326da0	0x140326dfc	0x14054eb00	1	3			
0x140326dfc	0x140326e7d	0x14054eb14	1	4	0x140326da0	0x140326dfc	0x14054eb00
0x140326e7d	0x140326e95	0x14054eb28	1	4	0x140326da0	0x140326dfc	0x14054eb00
0x140326ea0	0x140326edd	0x14053c418	1	0			
0x140326ee0	0x1403270a3	0x14054eb8c	1	3			
0x1403270b0	0x140327154	0x14054eba8	1	3			
0x1403272c0	0x14032742a	0x14054eaec	1	3			
0x140327430	0x140327473	0x14054eb38	1	3			
0x140327473	0x140327585	0x14054eb54	1	4	0x140327430	0x140327473	0x14054eb38
0x140327585	0x1403275aa	0x14054eb68	1	4	0x140327430	0x140327473	0x14054eb38
0x1403275aa	0x1403275bd	0x14054eb78	1	4	0x140327430	0x140327473	0x14054eb38
0x140327650	0x1403276eb	0x14054854c	1	0			
0x1403276f0	0x14032771b	0x14053c418	1	0			
0x140327720	0x1403277b6	0x14054ebe0	1	3			
0x1403277c0	0x1403277fc	0x14053c418	1	0			
0x140327800	0x140327905	0x14053ce70	1	0			
0x140327910	0x140327a71	0x14054ebc0	1	3			
0x140327a80	0x140327b5a	0x14054ebf4	1	3			
0x140327b60	0x140327bd3	0x14054854c	1	0			
0x140327be0	0x140327cc0	0x1405245f0	1	0			
0x140327cc0	0x140327d83	0x1405463d4	1	0			
0x140327d90	0x140327dad	0x14053c418	1	0			
0x140327db0	0x140327e3e	0x14054854c	1	0			
0x140328160	0x140328208	0x14054ec30	1	3			
0x140328210	0x140328226	0x140523c40	1	0			
0x140328226	0x140328268	0x14054ec0c	1	4	0x140328210	0x140328226	0x140523c40
0x140328268	0x14032828f	0x14054ec20	1	4	0x140328210	0x140328226	0x140523c40
0x140328290	0x140328311	0x14054854c	1	0			
0x140328320	0x140328358	0x14054f8f4	1	0			
0x140328360	0x1403283d4	0x14054ed84	1	3			
0x1403283d4	0x140328517	0x14054ed98	1	4	0x140328360	0x1403283d4	0x14054ed84
0x140328517	0x140328531	0x14054edb8	1	4	0x140328360	0x1403283d4	0x14054ed84
0x140328540	0x14032858a	0x14054edc8	1	3			
0x14032858a	0x1403285fd	0x14054eddc	1	4	0x140328540	0x14032858a	0x14054edc8
0x1403285fd	0x14032863e	0x14054edf0	1	4	0x14032858a	0x1403285fd	0x14054eddc
0x14032863e	0x140328659	0x14054ee04	1	4	0x14032858a	0x1403285fd	0x14054eddc
0x140328659	0x140328671	0x14054ee14	1	4	0x140328540	0x14032858a	0x14054edc8
0x140328680	0x1403286af	0x14054ec44	1	0			
0x1403286af	0x1403287f0	0x14054ec54	1	4	0x140328680	0x1403286af	0x14054ec44
0x1403287f0	0x140328800	0x14054ec6c	1	4	0x140328680	0x1403286af	0x14054ec44
0x140328800	0x140328813	0x14054ec84	1	4	0x140328680	0x1403286af	0x14054ec44
0x140328820	0x1403289ee	0x14054ec94	1	0			
0x1403289f0	0x140328c28	0x14054ed28	1	3			
0x140328c30	0x140328c6b	0x14054ed44	1	3			
0x140328c6b	0x140328d61	0x14054ed5c	1	4	0x140328c30	0x140328c6b	0x14054ed44
0x140328d61	0x140328d7d	0x14054ed74	1	4	0x140328c30	0x140328c6b	0x14054ed44
0x140328d80	0x140328f43	0x1405334e8	1	3			
0x140328f50	0x140328fe0	0x140526458	1	0			
0x140328fe0	0x14032904c	0x14054ecb0	1	3			
0x14032904c	0x14032907c	0x14054ecc8	1	4	0x140328fe0	0x14032904c	0x14054ecb0
0x14032907c	0x1403290ba	0x14054ecdc	1	4	0x14032904c	0x14032907c	0x14054ecc8
0x1403290ba	0x1403290c2	0x14054ecf0	1	4	0x14032904c	0x14032907c	0x14054ecc8
0x1403290c2	0x1403290e3	0x14054ed00	1	4	0x140328fe0	0x14032904c	0x14054ecb0
0x1403290e3	0x1403290e8	0x14054ed10	1	4	0x140328fe0	0x14032904c	0x14054ecb0
0x1403290f0	0x140329155	0x1405463d4	1	0			
0x140329240	0x140329291	0x1405245f0	1	0			
0x1403292a0	0x1403292af	0x14053c418	1	0			
0x1403292af	0x1403292f3	0x14054ee24	1	4	0x1403292a0	0x1403292af	0x14053c418
0x1403292f3	0x1403292f9	0x14054ee38	1	4	0x1403292a0	0x1403292af	0x14053c418
0x140329300	0x140329310	0x14054f8f4	1	0			
0x140329310	0x140329361	0x14054ee48	1	4	0x140329300	0x140329310	0x14054f8f4
0x140329361	0x140329379	0x14054ee5c	1	4	0x140329300	0x140329310	0x14054f8f4
0x140329380	0x1403295ae	0x14054ee6c	1	3			
0x1403295b0	0x140329601	0x1405463d4	1	0			
0x140329610	0x140329756	0x1405463d4	1	0			
0x1403297e0	0x140329c47	0x14054f8f4	1	0			
0x140329c50	0x140329d2d	0x14053c418	1	0			
0x140329d30	0x140329e05	0x14053c418	1	0			
0x140329e10	0x140329f21	0x1405463d4	1	0			
0x140329f30	0x140329f9e	0x1405463d4	1	0			
0x140329fa0	0x14032a0ae	0x1405463d4	1	0			
0x14032a0b0	0x14032a0d6	0x14053c418	1	0			
0x14032a0e0	0x14032a318	0x14053f888	1	3			
0x14032a320	0x14032a349	0x14053c418	1	0			
0x14032a350	0x14032a44e	0x140532a4c	1	0			
0x14032a450	0x14032a4a6	0x1405463d4	1	0			
0x14032a4b0	0x14032a562	0x140538250	1	0			
0x14032a570	0x14032a7fb	0x14054eea0	1	0			
0x14032a800	0x14032ab5b	0x14054eea0	1	0			
0x14032ab60	0x14032acaf	0x1405255c0	1	0			
0x14032acb0	0x14032add0	0x140540fbc	1	0			
0x14032add0	0x14032af3d	0x140540fbc	1	0			
0x14032af40	0x14032b076	0x14054df48	1	0			
0x14032b080	0x14032b810	0x14054ee80	1	3			
0x14032b810	0x14032b880	0x14054ef08	1	2			
0x14032b8a0	0x14032b8e0	0x14054ef50	1	3			
0x14032b980	0x14032b9f6	0x14054854c	1	0			
0x14032ba30	0x14032ba77	0x14054854c	1	0			
0x14032ba90	0x14032bb48	0x140526458	1	0			
0x14032bb50	0x14032bdca	0x14054ef68	1	0			
0x14032bdd0	0x14032be06	0x1405463d4	1	0			
0x14032be20	0x14032beb6	0x14054854c	1	0			
0x14032bed0	0x14032bee9	0x14054f8f4	1	0			
0x14032bef0	0x14032bf09	0x14054f8f4	1	0			
0x14032bf20	0x14032bf79	0x140545b9c	1	0			
0x14032bf80	0x14032bfac	0x14054efb0	1	3			
0x14032bfb0	0x14032c189	0x14054efc8	1	3			
0x14032c190	0x14032c1a5	0x14053c418	1	0			
0x14032c1a5	0x14032c1e8	0x14054efe4	1	4	0x14032c190	0x14032c1a5	0x14053c418
0x14032c1e8	0x14032c212	0x14054effc	1	4	0x14032c190	0x14032c1a5	0x14053c418
0x14032c212	0x14032c218	0x14054f010	1	4	0x14032c190	0x14032c1a5	0x14053c418
0x14032c220	0x14032c2b1	0x14054f600	1	3			
0x14032c2c0	0x14032c31a	0x14053c418	1	0			
0x14032c320	0x14032c356	0x14053c418	1	0			
0x14032c370	0x14032c3c8	0x14054f020	1	0			
0x14032c3d0	0x14032c440	0x1405463d4	1	0			
0x14032c440	0x14032c4a0	0x14054f02c	1	3			
0x14032c4a0	0x14032c75a	0x14054f040	1	4	0x14032c440	0x14032c4a0	0x14054f02c
0x14032c75a	0x14032c773	0x14054f064	1	4	0x14032c440	0x14032c4a0	0x14054f02c
0x14032c870	0x14032c882	0x14052129c	1	0			
0x14032c882	0x14032c917	0x14054f184	1	4	0x14032c870	0x14032c882	0x14052129c
0x14032c917	0x14032c91d	0x14054f1a0	1	4	0x14032c870	0x14032c882	0x14052129c
0x14032c920	0x14032c96a	0x140523450	1	0			
0x14032c96a	0x14032cb06	0x14054f0e4	1	4	0x14032c920	0x14032c96a	0x140523450
0x14032cb06	0x14032cba0	0x14054f0f8	1	4	0x14032c920	0x14032c96a	0x140523450
0x14032cba0	0x14032cbae	0x14052129c	1	0			
0x14032cbae	0x14032cbf0	0x14054f0a0	1	4	0x14032cba0	0x14032cbae	0x14052129c
0x14032cbf0	0x14032cc06	0x14054f0b8	1	4	0x14032cba0	0x14032cbae	0x14052129c
0x14032cd30	0x14032cde0	0x14054854c	1	0			
0x14032cde0	0x14032cfe0	0x14054f0c8	1	0			
0x14032cfe0	0x14032d004	0x14054f108	1	3			
0x14032d004	0x14032d1c2	0x14054f120	1	4	0x14032cfe0	0x14032d004	0x14054f108
0x14032d1c2	0x14032d336	0x14054f138	1	4	0x14032d004	0x14032d1c2	0x14054f120
0x14032d336	0x14032d360	0x14054f164	1	4	0x14032d004	0x14032d1c2	0x14054f120
0x14032d360	0x14032d3bd	0x14054f174	1	4	0x14032cfe0	0x14032d004	0x14054f108
0x14032d520	0x14032d62c	0x14054854c	1	0			
0x14032d6b0	0x14032d846	0x140526458	1	0			
0x14032d8c0	0x14032d908	0x14053c418	1	0			
0x14032d908	0x14032d93b	0x14054f1b0	1	4	0x14032d8c0	0x14032d908	0x14053c418
0x14032d93b	0x14032d941	0x14054f1c4	1	4	0x14032d8c0	0x14032d908	0x14053c418
0x14032d950	0x14032d96a	0x14054f8f4	1	0			
0x14032d970	0x14032d98a	0x14054f8f4	1	0			
0x14032da20	0x14032db81	0x14054f348	1	0			
0x14032db90	0x14032dbf8	0x140528cd4	1	3			
0x14032dc00	0x14032dc67	0x1405463d4	1	0			
0x14032dd00	0x14032ddd5	0x14054f298	1	0			
0x14032ddd5	0x14032df8f	0x14054f2b8	1	4	0x14032dd00	0x14032ddd5	0x14054f298
0x14032df8f	0x14032dfb5	0x14054f2d4	1	4	0x14032dd00	0x14032ddd5	0x14054f298
0x14032dfc0	0x14032e08e	0x14054f304	1	0			
0x14032e090	0x14032e5b3	0x14054f260	1	0			
0x14032e5f0	0x14032e62d	0x140538250	1	0			
0x14032e660	0x14032e781	0x14054f2e4	1	0			
0x14032e790	0x14032e8b7	0x14054f35c	1	3			
0x14032e920	0x14032eb88	0x14054f1d4	1	3			
0x14032eb90	0x14032ec5f	0x14054f204	1	3			
0x14032ec60	0x14032ed2f	0x14054f204	1	3			
0x14032ed80	0x14032ee4d	0x14054f248	1	0			
0x14032ee80	0x14032eeb8	0x14054f8f4	1	0			
0x14032eee0	0x14032f1cd	0x14054f320	1	0			
0x14032f1d0	0x14032f4bd	0x14054f320	1	0			
0x14032f4c0	0x14032f7ad	0x14054f320	1	0			
0x14032f7b0	0x14032fa9d	0x14054f320	1	0			
0x14032faa0	0x14032fd8d	0x14054f320	1	0			
0x14032fd90	0x14033007d	0x14054f320	1	0			
0x1403300b0	0x14033010b	0x140528cd4	1	3			
0x140330110	0x1403301c6	0x14054f234	1	0			
0x1403301d0	0x140330269	0x14054f220	1	0			
0x140330450	0x140330494	0x1405463d4	1	0			
0x1403304a0	0x1403304e4	0x1405463d4	1	0			
0x1403305b0	0x1403306df	0x14054b888	1	3			
0x1403306e0	0x140330849	0x140528cd4	1	3			
0x1403308e0	0x140330952	0x14054f3fc	1	3			
0x140330952	0x1403309c4	0x14054f410	1	4	0x1403308e0	0x140330952	0x14054f3fc
0x1403309c4	0x140330ae7	0x14054f428	1	4	0x140330952	0x1403309c4	0x14054f410
0x140330ae7	0x140330afb	0x14054f448	1	4	0x140330952	0x1403309c4	0x14054f410
0x140330afb	0x140330b17	0x14054f458	1	4	0x1403308e0	0x140330952	0x14054f3fc
0x140330b20	0x140330b61	0x14054f378	1	0			
0x140330b61	0x140330b6d	0x14054f384	1	4	0x140330b20	0x140330b61	0x14054f378
0x140330b6d	0x140330b8f	0x14054f398	1	4	0x140330b61	0x140330b6d	0x14054f384
0x140330b8f	0x140330c30	0x14054f3b0	1	4	0x140330b6d	0x140330b8f	0x14054f398
0x140330c30	0x140330cc0	0x14054f3c8	1	4	0x140330b6d	0x140330b8f	0x14054f398
0x140330cc0	0x140330d46	0x14054f3d8	1	4	0x140330b61	0x140330b6d	0x14054f384
0x140330d46	0x140330d50	0x14054f3ec	1	4	0x140330b20	0x140330b61	0x14054f378
0x140330d50	0x140330d6b	0x14054f468	1	0			
0x140330d6b	0x140330dcb	0x14054f478	1	4	0x140330d50	0x140330d6b	0x14054f468
0x140330dcb	0x140330e03	0x14054f490	1	4	0x140330d50	0x140330d6b	0x14054f468
0x140331180	0x140331341	0x1405468a0	1	0			
0x140331350	0x1403313ef	0x1405463d4	1	0			
0x140331420	0x14033145d	0x140521bfc	1	0			
0x140331460	0x140331514	0x1405468a0	1	0			
0x140331520	0x1403316c7	0x14054f4a0	1	0			
0x1403316d0	0x140331708	0x14054f4b0	1	0			
0x1403317d0	0x1403317df	0x14054f4b8	1	0			
0x1403317df	0x140331803	0x14054f4c8	1	4	0x1403317d0	0x1403317df	0x14054f4b8
0x140331803	0x140331877	0x14054f4dc	1	4	0x1403317df	0x140331803	0x14054f4c8
0x140331877	0x140331881	0x14054f4f8	1	4	0x1403317df	0x140331803	0x14054f4c8
0x140331881	0x1403318bc	0x14054f508	1	4	0x1403317d0	0x1403317df	0x14054f4b8
0x140331910	0x14033196c	0x14053c418	1	0			
0x140331970	0x1403319a7	0x14054f558	1	0			
0x1403319a7	0x140331a64	0x14054f564	1	4	0x140331970	0x1403319a7	0x14054f558
0x140331a64	0x140331a78	0x14054f580	1	4	0x140331970	0x1403319a7	0x14054f558
0x140331a80	0x140331ab0	0x14054f518	1	0			
0x140331ab0	0x140331bbb	0x14054f528	1	4	0x140331a80	0x140331ab0	0x14054f518
0x140331bbb	0x140331bcd	0x14054f548	1	4	0x140331a80	0x140331ab0	0x14054f518
0x140331bd0	0x140331d90	0x1405211bc	1	0			
0x140331d90	0x140331de2	0x14054f8f4	1	0			
0x140331df0	0x140331e9a	0x140540108	1	0			
0x140331ea0	0x140331f47	0x140525cd0	1	3			
0x140331f50	0x140331fea	0x140525cd0	1	3			
0x140331ff0	0x14033213b	0x1405463d4	1	0			
0x140332160	0x1403321da	0x14054854c	1	0			
0x1403321e0	0x140332367	0x14054f5c0	1	3			
0x140332370	0x1403323ea	0x14054854c	1	0			
0x1403323f0	0x14033246a	0x14054854c	1	0			
0x140332470	0x140332489	0x14054f8f4	1	0			
0x140332489	0x1403324df	0x14054f5d8	1	4	0x140332470	0x140332489	0x14054f8f4
0x1403324df	0x1403324fd	0x14054f5f0	1	4	0x140332470	0x140332489	0x14054f8f4
0x140332500	0x14033257e	0x1405463d4	1	0			
0x1403325c0	0x1403326b5	0x14054f8f4	1	0			
0x1403326c0	0x140332704	0x1405463d4	1	0			
0x140332780	0x1403327e0	0x14054f5b0	1	3			
0x1403327e0	0x140332840	0x14054f5b0	1	3			
0x140332840	0x14033288a	0x1405463d4	1	0			
0x1403328e0	0x140332946	0x14054f600	1	3			
0x140332950	0x1403329b6	0x14054f600	1	3			
0x140332ab0	0x140332af7	0x14053c418	1	0			
0x140332b00	0x140332b47	0x14053c418	1	0			
0x140332be0	0x140332c02	0x14053461c	1	0			
0x140332c02	0x140332dd7	0x14054f610	1	4	0x140332be0	0x140332c02	0x14053461c
0x140332dd7	0x140332ddc	0x14054f640	1	4	0x140332be0	0x140332c02	0x14053461c
0x140332de0	0x140332e2a	0x14053c418	1	0			
0x140332f00	0x140332f04	0x140523744	1	0			
0x140332f04	0x140332f0e	0x14054f650	1	4	0x140332f00	0x140332f04	0x140523744
0x140332f0e	0x14033319f	0x14054f668	1	4	0x140332f04	0x140332f0e	0x14054f650
0x14033319f	0x14033321d	0x14054f690	1	4	0x140332f04	0x140332f0e	0x14054f650
0x14033321d	0x1403332eb	0x14054f6ac	1	4	0x140332f04	0x140332f0e	0x14054f650
0x1403332eb	0x1403334d2	0x14054f6c0	1	4	0x140332f00	0x140332f04	0x140523744
0x1403334e0	0x140333568	0x14054f5b0	1	3			
0x140333570	0x140333616	0x14054f5b0	1	3			
0x140333620	0x14033376e	0x14054f590	1	0			
0x140333770	0x1403337ea	0x14054854c	1	0			
0x140333810	0x14033388a	0x14054854c	1	0			
0x140333890	0x14033390c	0x14054854c	1	0			
0x140333910	0x14033398a	0x14054854c	1	0			
0x140333990	0x140333a1b	0x14054854c	1	0			
0x140333a50	0x140333b05	0x140548264	1	0			
0x140333bb0	0x140333c2a	0x14054854c	1	0			
0x140333c30	0x140333cb0	0x14054f5b0	1	3			
0x140333cb0	0x140333d2b	0x14054f5b0	1	3			
0x140333e70	0x140333f85	0x14053c418	1	0			
0x140333f90	0x140334154	0x14054f8f4	1	0			
0x140334160	0x140334308	0x14054f6e0	1	3			
0x140334380	0x140334417	0x1405463d4	1	0			
0x140334560	0x14033476a	0x14054854c	1	0			
0x1403348e0	0x140334b14	0x14054854c	1	0			
0x140334b50	0x140334c8d	0x140548264	1	0			
0x140334c90	0x140334e63	0x14054854c	1	0			
0x140335830	0x140335a14	0x140526458	1	0			
0x140335b00	0x140335ce4	0x140526458	1	0			
0x140335cf0	0x140335e98	0x1405463d4	1	0			
0x140335f90	0x140336021	0x1405463d4	1	0			
0x140336030	0x1403361b4	0x14054f6d0	1	0			
0x1403361c0	0x1403362cf	0x1405235c4	1	0			
0x140336340	0x14033638b	0x14054f814	1	0			
0x14033638b	0x140336446	0x14054f828	1	4	0x140336340	0x14033638b	0x14054f814
0x140336446	0x140336462	0x14054f83c	1	4	0x140336340	0x14033638b	0x14054f814
0x140336462	0x140336510	0x14054f84c	1	4	0x140336446	0x140336462	0x14054f83c
0x140336510	0x1403365a6	0x14054f864	1	4	0x140336446	0x140336462	0x14054f83c
0x1403365b0	0x1403365ce	0x140548c80	1	0			
0x1403365ce	0x14033664f	0x14054f6fc	1	4	0x1403365b0	0x1403365ce	0x140548c80
0x14033664f	0x1403366d2	0x14054f714	1	4	0x1403365b0	0x1403365ce	0x140548c80
0x1403366e0	0x1403368ec	0x1405468a0	1	0			
0x1403368f0	0x140336924	0x14052b2ec	1	3			
0x140336924	0x140336984	0x14054f760	1	4	0x1403368f0	0x140336924	0x14052b2ec
0x140336984	0x14033699f	0x14054f774	1	4	0x1403368f0	0x140336924	0x14052b2ec
0x1403369a0	0x1403369f6	0x14054f724	1	3			
0x1403369f6	0x140336a4a	0x14054f738	1	4	0x1403369a0	0x1403369f6	0x14054f724
0x140336a4a	0x140336a64	0x14054f750	1	4	0x1403369a0	0x1403369f6	0x14054f724
0x140336a70	0x140336ba1	0x14054f7a4	1	3			
0x140336bb0	0x140336ce1	0x14054f784	1	3			
0x140336cf0	0x140336d89	0x14053e624	1	0			
0x140336d90	0x140336def	0x14054f7e0	1	0			
0x140336def	0x140336e3c	0x14054f7ec	1	4	0x140336d90	0x140336def	0x14054f7e0
0x140336e3c	0x140336e8d	0x14054f800	1	4	0x140336d90	0x140336def	0x14054f7e0
0x140336e90	0x14033700e	0x14054f7c4	1	0			
0x140337010	0x14033708d	0x14053c418	1	0			
0x140337090	0x1403371f2	0x14054854c	1	0			
0x140337200	0x14033723c	0x14053c418	1	0			
0x140337360	0x140337437	0x14053c418	1	0			
0x1403374a0	0x1403374b3	0x140537c40	1	0			
0x1403374b3	0x1403375ec	0x14054f874	1	4	0x1403374a0	0x1403374b3	0x140537c40
0x1403375ec	0x1403375f1	0x14054f894	1	4	0x1403374a0	0x1403374b3	0x140537c40
0x140337600	0x1403376ce	0x14054f8b4	1	0			
0x140337710	0x140337777	0x14053c418	1	0			
0x140337780	0x1403378cf	0x14054f8c8	1	3			
0x140337920	0x1403379af	0x14054f8e0	1	3			
0x140337a30	0x140337a78	0x1405463d4	1	0			
0x140337aa0	0x140337ae1	0x14054f8f4	1	0			
0x140337af0	0x140337b6e	0x14054f8f4	1	0			
0x140337b70	0x140337ba1	0x14054f8f4	1	0			
0x140337bb0	0x140337bed	0x14054f8f4	1	0			
0x140337bf0	0x140337cb2	0x14054f8f4	1	0			
0x140337cd0	0x140337de4	0x14054f8f4	1	0			
0x140337df0	0x140337e89	0x14054f8f4	1	0			
0x140337ec0	0x140337ef2	0x14054f8f4	1	0			
0x140337f00	0x140337f63	0x14054f8f4	1	0			
0x140337fa0	0x140337fe8	0x14054f8f4	1	0			
0x140337ff0	0x14033801f	0x14054f8f4	1	0			
0x140338020	0x1403380d8	0x14054f914	1	3			
0x1403380d8	0x14033810a	0x14054f928	1	4	0x140338020	0x1403380d8	0x14054f914
0x14033810a	0x140338123	0x14054f93c	1	4	0x140338020	0x1403380d8	0x14054f914
0x140338140	0x140338244	0x14054f8fc	1	3			
0x140338260	0x140338336	0x14054f94c	1	3			
0x140338340	0x140338356	0x14054f8f4	1	0			
0x140338370	0x1403383fa	0x14053c418	1	0			
0x140338480	0x140338569	0x14054f968	1	3			
0x1403385c0	0x1403385d6	0x14054f8f4	1	0			
0x140338660	0x140338693	0x1405463d4	1	0			
0x1403386c0	0x1403386e7	0x140537c40	1	0			
0x140338800	0x1403388b3	0x140526458	1	0			
0x1403388c0	0x14033893d	0x140539b24	1	0			
0x140338940	0x1403389a6	0x14054fa50	1	0			
0x1403389b0	0x140338a74	0x14052a03c	1	0			
0x140338b20	0x140338c11	0x140545fec	1	0			
0x140338c20	0x140338c99	0x14054fa58	1	3			
0x140338ca0	0x140338d0a	0x14053c418	1	0			
0x140338d10	0x140338d84	0x14053c418	1	0			
0x140338d90	0x140338df7	0x14053c418	1	0			
0x140338e00	0x140338e5f	0x14053c418	1	0			
0x140338e60	0x140338e9f	0x14053c418	1	0			
0x140338ea0	0x140338efa	0x14054fa50	1	0			
0x140338f10	0x14033905d	0x14052a03c	1	0			
0x140339060	0x1403391b8	0x140525f58	1	0			
0x1403391c0	0x14033931d	0x140539b24	1	0			
0x140339320	0x1403393e2	0x14054f9a0	1	3			
0x1403393e2	0x140339408	0x14054f9c8	1	4	0x140339320	0x1403393e2	0x14054f9a0
0x140339408	0x140339432	0x14054f9dc	1	4	0x140339320	0x1403393e2	0x14054f9a0
0x140339432	0x1403394a2	0x14054f9ec	1	4	0x140339320	0x1403393e2	0x14054f9a0
0x1403394a2	0x1403394f2	0x14054fa00	1	4	0x140339432	0x1403394a2	0x14054f9ec
0x1403394f2	0x140339667	0x14054fa14	1	4	0x1403394a2	0x1403394f2	0x14054fa00
0x140339667	0x14033966f	0x14054fa28	1	4	0x1403394a2	0x1403394f2	0x14054fa00
0x14033966f	0x1403396a6	0x14054fa38	1	4	0x140339432	0x1403394a2	0x14054f9ec
0x1403396b0	0x1403396c9	0x14054f8f4	1	0			
0x1403396d0	0x140339746	0x14054f978	1	0			
0x140339760	0x140339785	0x140538250	1	0			
0x1403397b0	0x1403397e0	0x14054f8f4	1	0			
0x1403397e0	0x140339921	0x14054f990	1	3			
0x140339930	0x14033999f	0x14054fa48	1	0			
0x1403399a0	0x1403399b2	0x14054f8f4	1	0			
0x1403399c0	0x140339c19	0x14054fa6c	1	0			
0x140339c19	0x140339caf	0x14054fa78	1	4	0x1403399c0	0x140339c19	0x14054fa6c
0x140339cb0	0x140339cda	0x14054f8f4	1	0			
0x140339cda	0x140339d39	0x14054fab4	1	4	0x140339cb0	0x140339cda	0x14054f8f4
0x140339d39	0x140339d52	0x14054fac8	1	4	0x140339cb0	0x140339cda	0x14054f8f4
0x140339d80	0x140339dab	0x140528d7c	1	0			
0x140339dab	0x140339e48	0x14054fa8c	1	4	0x140339d80	0x140339dab	0x140528d7c
0x140339e48	0x140339e61	0x14054faa0	1	4	0x140339d80	0x140339dab	0x140528d7c
0x140339e70	0x140339e87	0x14054f8f4	1	0			
0x140339ec0	0x140339ecd	0x14054f8f4	1	0			
0x140339ecd	0x140339ee8	0x14054fadc	1	4	0x140339ec0	0x140339ecd	0x14054f8f4
0x140339ee8	0x140339eed	0x14054faf0	1	4	0x140339ec0	0x140339ecd	0x14054f8f4
0x140339f10	0x14033a0c9	0x140538158	1	0			
0x14033a0d0	0x14033a102	0x14053c418	1	0			
0x14033a110	0x14033a145	0x140536ae4	1	0			
0x14033a145	0x14033a17f	0x14054fb00	1	4	0x14033a110	0x14033a145	0x140536ae4
0x14033a17f	0x14033a19d	0x14054fb14	1	4	0x14033a110	0x14033a145	0x140536ae4
0x14033a19d	0x14033a1c3	0x14054fb14	1	4	0x14033a110	0x14033a145	0x140536ae4
0x14033a1d0	0x14033a307	0x140530494	1	0			
0x14033a310	0x14033a444	0x14054fb68	1	3			
0x14033a450	0x14033a538	0x14054fb58	1	3			
0x14033a540	0x14033a608	0x14054fb58	1	3			
0x14033a620	0x14033a680	0x14054fb48	1	3			
0x14033a680	0x14033a6eb	0x14054fb38	1	3			
0x14033a6f0	0x14033a77d	0x14054fb28	1	3			
0x14033a780	0x14033a7d1	0x14054f5b0	1	3			
0x14033a7f0	0x14033a82f	0x14054fa50	1	0			
0x14033a830	0x14033a87d	0x14054f5b0	1	3			
0x14033a880	0x14033a8df	0x14054f5b0	1	3			
0x14033a8e0	0x14033a950	0x14054fb38	1	3			
0x14033a950	0x14033a9a3	0x14054f5b0	1	3			
0x14033a9b0	0x14033a9fe	0x14054f5b0	1	3			
0x14033aa00	0x14033aafa	0x140548264	1	0			
0x14033ab00	0x14033ab10	0x14054f8f4	1	0			
0x14033ab40	0x14033ab78	0x140528d7c	1	0			
0x14033ab80	0x14033adb2	0x14054fbb0	1	3			
0x14033add0	0x14033b0c8	0x14054fb88	1	3			
0x14033b0e0	0x14033b4a6	0x14054fbd8	1	0			
0x14033b640	0x14033b937	0x14054fc28	1	3			
0x14033b940	0x14033bb4e	0x1405364ec	1	3			
0x14033bbc0	0x14033be74	0x14054fcc4	1	3			
0x14033be80	0x14033c016	0x140528cd4	1	3			
0x14033c020	0x14033c065	0x14052b2ec	1	3			
0x14033c065	0x14033c3e3	0x14054fcd8	1	4	0x14033c020	0x14033c065	0x14052b2ec
0x14033c3e3	0x14033c434	0x14054fcec	1	4	0x14033c020	0x14033c065	0x14052b2ec
0x14033c440	0x14033c9d1	0x1405235c4	1	0			
0x14033c9e0	0x14033ca98	0x14053c418	1	0			
0x14033caa0	0x14033cb9f	0x1405463d4	1	0			
0x14033cba0	0x14033cbe4	0x14054fc48	1	3			
0x14033cbe4	0x14033cecf	0x14054fc60	1	4	0x14033cba0	0x14033cbe4	0x14054fc48
0x14033cecf	0x14033cf18	0x14054fc78	1	4	0x14033cba0	0x14033cbe4	0x14054fc48
0x14033cf20	0x14033d173	0x14054fbf0	1	0			
0x14033d173	0x14033d1fd	0x14054fc00	1	4	0x14033cf20	0x14033d173	0x14054fbf0
0x14033d1fd	0x14033d61d	0x14054fc18	1	4	0x14033cf20	0x14033d173	0x14054fbf0
0x14033d940	0x14033d961	0x14054f8f4	1	0			
0x14033dae0	0x14033dba0	0x14053c418	1	0			
0x14033dba0	0x14033dc50	0x14053c418	1	0			
0x14033dc50	0x14033dd00	0x14053c418	1	0			
0x14033df50	0x14033df91	0x14054fc88	1	3			
0x14033df91	0x14033e250	0x14054fca0	1	4	0x14033df50	0x14033df91	0x14054fc88
0x14033e250	0x14033e298	0x14054fcb4	1	4	0x14033df50	0x14033df91	0x14054fc88
0x14033e2a0	0x14033ee6d	0x1405231e4	1	0			
0x14033f040	0x14033f121	0x140545b9c	1	0			
0x14033f130	0x14033f15e	0x14054fcfc	1	0			
0x14033f160	0x14033f354	0x140526458	1	0			
0x14033f360	0x14033f38b	0x14054fd04	1	0			
0x14033f38b	0x14033f875	0x14054fd14	1	4	0x14033f360	0x14033f38b	0x14054fd04
0x14033f875	0x14033f8d1	0x14054fd34	1	4	0x14033f360	0x14033f38b	0x14054fd04
0x14033f940	0x14033f9c4	0x1405463d4	1	0			
0x14033f9d0	0x14033fa8d	0x140526458	1	0			
0x14033fa90	0x14033fb43	0x14054d758	1	0			
0x14033fb50	0x14033fbca	0x140548264	1	0			
0x14033fbd0	0x14033fbef	0x14053c418	1	0			
0x14033fbf0	0x14033fc1b	0x14053c418	1	0			
0x14033fc20	0x14033fc69	0x14053c418	1	0			
0x14033fc70	0x14033fcc4	0x14053c418	1	0			
0x14033fcd0	0x14033fd27	0x14053c418	1	0			
0x140340020	0x140340065	0x14054fd44	1	0			
0x140340065	0x14034028e	0x14054fd4c	1	4	0x140340020	0x140340065	0x14054fd44
0x14034028e	0x140340316	0x14054fd60	1	4	0x140340020	0x140340065	0x14054fd44
0x140340320	0x1403405d2	0x14054fd84	1	0			
0x1403405e0	0x140340a49	0x14054fda0	1	0			
0x140340a50	0x140340f65	0x1405468a0	1	0			
0x140340f70	0x14034112e	0x14054fd70	1	0			
0x140341130	0x140341157	0x140536ae4	1	0			
0x140341157	0x14034118e	0x14054fdbc	1	4	0x140341130	0x140341157	0x140536ae4
0x14034118e	0x1403411a1	0x14054fdd0	1	4	0x140341130	0x140341157	0x140536ae4
0x1403411b0	0x140341376	0x14054a93c	1	0			
0x140341380	0x140341420	0x14054fde0	1	0			
0x140341420	0x1403418f2	0x14054fdf4	1	0			
0x140341900	0x14034195d	0x14054fe0c	1	3			
0x14034195d	0x14034219f	0x14054fe20	1	4	0x140341900	0x14034195d	0x14054fe0c
0x14034219f	0x1403421b7	0x14054fe44	1	4	0x140341900	0x14034195d	0x14054fe0c
0x1403421b7	0x140343081	0x14054fe54	1	4	0x140341900	0x14034195d	0x14054fe0c
0x140343081	0x140343108	0x14054fe44	1	4	0x140341900	0x14034195d	0x14054fe0c
0x140343110	0x140343166	0x14053c418	1	0			
0x140343170	0x1403431af	0x14053a254	1	0			
0x1403431af	0x140343217	0x14054feb0	1	4	0x140343170	0x1403431af	0x14053a254
0x140343217	0x140343241	0x14054fec8	1	4	0x140343170	0x1403431af	0x14053a254
0x140343241	0x140343251	0x14054fee0	1	4	0x140343170	0x1403431af	0x14053a254
0x1403432e0	0x140343302	0x14054e478	1	0			
0x140343302	0x140343346	0x14054fe78	1	4	0x1403432e0	0x140343302	0x14054e478
0x140343346	0x140343373	0x14054fe8c	1	4	0x1403432e0	0x140343302	0x14054e478
0x140343373	0x140343388	0x14054fea0	1	4	0x1403432e0	0x140343302	0x14054e478
0x140343390	0x1403433da	0x140523450	1	0			
0x1403433da	0x14034347d	0x14054fef0	1	4	0x140343390	0x1403433da	0x140523450
0x14034347d	0x140343492	0x14054ff04	1	4	0x140343390	0x1403433da	0x140523450
0x1403434a0	0x1403434ef	0x14054ff14	1	0			
0x1403434ef	0x1403435d4	0x14054ff24	1	4	0x1403434a0	0x1403434ef	0x14054ff14
0x1403435d4	0x140343643	0x14054ff3c	1	4	0x1403434ef	0x1403435d4	0x14054ff24
0x140343643	0x1403439b5	0x14054ff50	1	4	0x1403435d4	0x140343643	0x14054ff3c
0x1403439b5	0x1403439bd	0x14054ff64	1	4	0x1403435d4	0x140343643	0x14054ff3c
0x1403439bd	0x1403439db	0x14054ff74	1	4	0x1403434ef	0x1403435d4	0x14054ff24
0x1403439db	0x1403439e2	0x14054ff84	1	4	0x1403434a0	0x1403434ef	0x14054ff14
0x1403439e2	0x1403439e7	0x14054ffa4	1	4	0x1403434a0	0x1403434ef	0x14054ff14
0x1403439e7	0x1403439ed	0x14054ffc0	1	4	0x1403434a0	0x1403434ef	0x14054ff14
0x1403439f0	0x140343c76	0x140545fec	1	0			
0x140343d20	0x140343de5	0x14053c418	1	0			
0x140343df0	0x1403440b2	0x140539ec4	1	0			
0x1403440c0	0x1403440c8	0x1405500d4	1	0			
0x1403440c8	0x1403440eb	0x1405500e0	1	4	0x1403440c0	0x1403440c8	0x1405500d4
0x1403440eb	0x140344459	0x1405500f8	1	4	0x1403440c8	0x1403440eb	0x1405500e0
0x140344459	0x140344479	0x140550114	1	4	0x1403440c8	0x1403440eb	0x1405500e0
0x140344479	0x14034450d	0x140550124	1	4	0x1403440c0	0x1403440c8	0x1405500d4
0x140344510	0x140344606	0x14054d758	1	0			
0x140344690	0x140344706	0x14055001c	1	0			
0x140344706	0x1403447ac	0x140550034	1	4	0x140344690	0x140344706	0x14055001c
0x1403447ac	0x140344893	0x140550048	1	4	0x140344690	0x140344706	0x14055001c
0x140344920	0x140344947	0x14054ffd0	1	0			
0x140344947	0x1403449fd	0x14054ffdc	1	4	0x140344920	0x140344947	0x14054ffd0
0x1403449fd	0x140344a18	0x14054fff4	1	4	0x140344920	0x140344947	0x14054ffd0
0x140344a18	0x140344a29	0x14055000c	1	4	0x140344920	0x140344947	0x14054ffd0
0x140344a30	0x140344a82	0x140550058	1	0			
0x140344a82	0x140344b65	0x140550064	1	4	0x140344a30	0x140344a82	0x140550058
0x140344b65	0x140344b6e	0x140550088	1	4	0x140344a30	0x140344a82	0x140550058
0x140344b70	0x140344deb	0x14054854c	1	0			
0x140344df0	0x140344e2b	0x140528d7c	1	0			
0x140344e2b	0x1403453b1	0x140550098	1	4	0x140344df0	0x140344e2b	0x140528d7c
0x1403453b1	0x1403453b7	0x1405500c4	1	4	0x140344df0	0x140344e2b	0x140528d7c
0x140345510	0x14034554c	0x14053c418	1	0			
0x14034555c	0x140345579	0x14054f8f4	1	0			
0x14034557c	0x1403455d5	0x140537c40	1	0			
0x1403455f0	0x140345611	0x140550138	1	0			
0x140345614	0x14034563f	0x14053c418	1	0			
0x140345640	0x140345679	0x14054f8f4	1	0			
0x14034567c	0x1403456c5	0x14053c418	1	0			
0x1403456c8	0x140345791	0x140550164	1	0			
0x140345794	0x14034582d	0x14055013c	1	1			
0x140345830	0x140345854	0x14053c418	1	0			
0x140345854	0x14034587f	0x14053c418	1	0			
0x140345880	0x1403458cf	0x14053c418	1	0			
0x1403458d0	0x1403458e7	0x14054f8f4	1	0			
0x1403458e8	0x140345967	0x140550170	1	0			
0x140345970	0x140345a8e	0x14054854c	1	0			
0x140345a90	0x140345ab8	0x14054f8f4	1	0			
0x140345ad0	0x140345b21	0x140550188	1	0			
0x140345b24	0x140345b92	0x140550190	1	2			
0x140345b94	0x140345bfd	0x1405501bc	1	2			
0x140345c00	0x140345c62	0x1405501e4	1	1			
0x140345c6c	0x140345ca0	0x14053c418	1	0			
0x140345ca0	0x140345d71	0x140550218	1	0			
0x140345d74	0x140345d87	0x14054f8f4	1	0			
0x140345d88	0x140345e23	0x140550210	1	0			
0x140345e24	0x140345e91	0x140550220	1	0			
0x140345e94	0x140345f05	0x14055022c	1	0			
0x140345f08	0x140345fc3	0x14053c418	1	0			
0x140345fc4	0x140345fd4	0x14054f8f4	1	0			
0x140345fd4	0x140345fed	0x14054f8f4	1	0			
0x140345ff0	0x14034615c	0x140550238	1	1			
0x14034615c	0x14034616e	0x14054f8f4	1	0			
0x140346170	0x1403461af	0x14053c418	1	0			
0x1403461d0	0x14034620f	0x14053c418	1	0			
0x140346230	0x140346265	0x14053c418	1	0			
0x14034627c	0x1403462be	0x1405463d4	1	0			
0x1403462c0	0x1403462e0	0x14054fa50	1	0			
0x1403462e0	0x140346300	0x14054fa50	1	0			
0x140346314	0x1403464da	0x14055025c	1	0			
0x1403464f4	0x140346639	0x140550274	1	0			
0x14034663c	0x140346678	0x14055026c	1	0			
0x140346678	0x1403466cc	0x14054f8f4	1	0			
0x1403466dc	0x140346714	0x14054f8f4	1	0			
0x14034671c	0x140346739	0x140550284	1	3			
0x14034673c	0x1403467e8	0x140550300	1	0			
0x140346808	0x140346823	0x14054f8f4	1	0			
0x140346840	0x14034688a	0x14054854c	1	0			
0x14034688c	0x1403468d6	0x14054854c	1	0			
0x1403468e0	0x14034690f	0x1405463d4	1	0			
0x140346910	0x140346a2a	0x140550314	1	3			
0x140346a30	0x140346a68	0x140536ae4	1	0			
0x140346a68	0x140346a83	0x1405503b4	1	4	0x140346a30	0x140346a68	0x140536ae4
0x140346a83	0x140346a91	0x1405503c8	1	4	0x140346a30	0x140346a68	0x140536ae4
0x140346aa0	0x140346ad6	0x140536ae4	1	0			
0x140346ad6	0x140346af1	0x140550390	1	4	0x140346aa0	0x140346ad6	0x140536ae4
0x140346af1	0x140346aff	0x1405503a4	1	4	0x140346aa0	0x140346ad6	0x140536ae4
0x140346b00	0x140346b04	0x14054f8f4	1	0			
0x140346b04	0x140346b27	0x1405503d8	1	4	0x140346b00	0x140346b04	0x14054f8f4
0x140346b27	0x140346b42	0x1405503f0	1	4	0x140346b04	0x140346b27	0x1405503d8
0x140346b42	0x140346b55	0x140550404	1	4	0x140346b04	0x140346b27	0x1405503d8
0x140346b55	0x140346b65	0x140550414	1	4	0x140346b00	0x140346b04	0x14054f8f4
0x140346b70	0x140346ba4	0x1405463d4	1	0			
0x140346bb0	0x140346bd8	0x14054fa50	1	0			
0x140346d10	0x140346d12	0x140550310	1	0			
0x140346d20	0x140346d48	0x140521018	1	3			
0x140346d60	0x140346d7d	0x140547ed0	1	0			
0x140346d80	0x140346db3	0x140521600	1	3			
0x140346db3	0x140346e52	0x140521610	1	3			
0x140346e90	0x140346ead	0x140547ed0	1	0			
0x140346f2c	0x140346f48	0x140547ed0	1	0			
0x140346fb0	0x140346fcd	0x140547ed0	1	0			
0x140346fd9	0x140346ff6	0x140547ed0	1	0			
0x140347030	0x14034704c	0x140547ed0	1	0			
0x140347050	0x14034706d	0x140547ed0	1	0			
0x140347105	0x140347136	0x140547ed0	1	0			
0x140347150	0x14034716d	0x140547ed0	1	0			
0x1403471e0	0x140347211	0x140547ed0	1	0			
0x140347260	0x140347283	0x140547ed0	1	0			
0x140347283	0x1403472a6	0x140547ed0	1	0			
0x1403472a6	0x1403472c9	0x140547ed0	1	0			
0x1403472c9	0x1403472ec	0x140547ed0	1	0			
0x1403472f0	0x140347321	0x140547ed0	1	0			
0x140347458	0x14034747e	0x140547ed0	1	0			
0x14034747e	0x1403474a8	0x140547ed0	1	0			
0x1403474a8	0x1403474d2	0x140547ed0	1	0			
0x1403474d2	0x1403474fc	0x140547ed0	1	0			
0x1403474fc	0x140347526	0x140547ed0	1	0			
0x14034753c	0x14034756d	0x140547ed0	1	0			
0x1403475ac	0x1403475dd	0x140547ed0	1	0			
0x1403476d8	0x1403476fe	0x140547ed0	1	0			
0x1403476fe	0x140347728	0x140547ed0	1	0			
0x140347728	0x140347752	0x140547ed0	1	0			
0x140347752	0x14034777c	0x140547ed0	1	0			
0x14034778c	0x1403477bd	0x140547ed0	1	0			
0x140347a58	0x140347a7e	0x140547ed0	1	0			
0x140347a7e	0x140347aa8	0x140547ed0	1	0			
0x140347aa8	0x140347ad2	0x140547ed0	1	0			
0x140347ad2	0x140347afc	0x140547ed0	1	0			
0x140347afc	0x140347b26	0x140547ed0	1	0			
0x140347b26	0x140347b50	0x140547ed0	1	0			
0x140347b50	0x140347b7a	0x140547ed0	1	0			
0x140347b7a	0x140347ba4	0x140547ed0	1	0			
0x140347ba4	0x140347bce	0x140547ed0	1	0			
0x140347c02	0x140347c33	0x140547ed0	1	0			
0x140347c92	0x140347cc3	0x140547ed0	1	0			
0x140347d0f	0x140347d40	0x140547ed0	1	0			
0x140347e72	0x140347ea3	0x140547ed0	1	0			
0x140347f12	0x140347f43	0x140547ed0	1	0			
0x140347f43	0x140347f74	0x140547ed0	1	0			
0x140347f74	0x140347fa5	0x140547ed0	1	0			
0x140347fb8	0x140347fe9	0x140547ed0	1	0			
0x140348092	0x1403480c3	0x140547ed0	1	0			
0x1403480c3	0x1403480f4	0x140547ed0	1	0			
0x140348113	0x140348144	0x140547ed0	1	0			
0x140348157	0x140348188	0x140547ed0	1	0			
0x140348222	0x140348253	0x140547ed0	1	0			
0x140348253	0x140348284	0x140547ed0	1	0			
0x140348284	0x1403482b5	0x140547ed0	1	0			
0x1403482c8	0x1403482f9	0x140547ed0	1	0			
0x140348392	0x1403483c3	0x140547ed0	1	0			
0x1403484a2	0x1403484d3	0x140547ed0	1	0			
0x1403484d3	0x140348504	0x140547ed0	1	0			
0x1403485d2	0x140348603	0x140547ed0	1	0			
0x1403486e2	0x140348713	0x140547ed0	1	0			
0x140348726	0x140348757	0x140547ed0	1	0			
0x140348832	0x140348863	0x140547ed0	1	0			
0x140348889	0x1403488ba	0x140547ed0	1	0			
0x140348912	0x140348943	0x140547ed0	1	0			
0x140348968	0x14034898e	0x140547ed0	1	0			
0x14034898e	0x1403489b8	0x140547ed0	1	0			
0x1403489f2	0x140348a23	0x140547ed0	1	0			
0x140348a49	0x140348a7a	0x140547ed0	1	0			
0x140348a7a	0x140348aab	0x140547ed0	1	0			
0x140348aab	0x140348adc	0x140547ed0	1	0			
0x140348aef	0x140348b20	0x140547ed0	1	0			
0x140348b20	0x140348b51	0x140547ed0	1	0			
0x140348b51	0x140348b82	0x140547ed0	1	0			
0x140348b95	0x140348bc6	0x140547ed0	1	0			
0x140348bc6	0x140348bf7	0x140547ed0	1	0			
0x140348bf7	0x140348c28	0x140547ed0	1	0			
0x140348c4e	0x140348c7f	0x140547ed0	1	0			
0x140348cb8	0x140348ce9	0x140547ed0	1	0			
0x140348cfc	0x140348d2d	0x140547ed0	1	0			
0x140348d4c	0x140348d7d	0x140547ed0	1	0			
0x140348e02	0x140348e33	0x140547ed0	1	0			
0x140348f87	0x140348fb8	0x140547ed0	1	0			
0x140348fd8	0x140348ffe	0x140547ed0	1	0			
0x14034900c	0x14034903d	0x140547ed0	1	0			
0x1403490d2	0x140349103	0x140547ed0	1	0			
0x14034914f	0x140349180	0x140547ed0	1	0			
0x140349180	0x1403491b1	0x140547ed0	1	0			
0x1403491b1	0x1403491e2	0x140547ed0	1	0			
0x1403491e2	0x140349213	0x140547ed0	1	0			
0x140349213	0x140349244	0x140547ed0	1	0			
0x140349244	0x140349275	0x140547ed0	1	0			
0x140349275	0x1403492a6	0x140547ed0	1	0			
0x140349322	0x140349353	0x140547ed0	1	0			
0x140349379	0x1403493aa	0x140547ed0	1	0			
0x1403493e3	0x140349414	0x140547ed0	1	0			
0x14034943a	0x14034946b	0x140547ed0	1	0			
0x14034949d	0x1403494ce	0x140547ed0	1	0			
0x1403495b8	0x1403495de	0x140547ed0	1	0			
0x1403495de	0x140349608	0x140547ed0	1	0			
0x140349608	0x140349632	0x140547ed0	1	0			
0x140349632	0x14034965c	0x140547ed0	1	0			
0x14034965c	0x140349686	0x140547ed0	1	0			
0x140349686	0x1403496b0	0x140547ed0	1	0			
0x1403496b0	0x1403496da	0x140547ed0	1	0			
0x1403496f8	0x14034971e	0x140547ed0	1	0			
0x14034971e	0x140349748	0x140547ed0	1	0			
0x140349748	0x140349772	0x140547ed0	1	0			
0x140349842	0x140349873	0x140547ed0	1	0			
0x140349923	0x140349954	0x140547ed0	1	0			
0x140349954	0x140349985	0x140547ed0	1	0			
0x140349a9c	0x140349acd	0x140547ed0	1	0			
0x140349b52	0x140349b83	0x140547ed0	1	0			
0x140349c14	0x140349c45	0x140547ed0	1	0			
0x140349c45	0x140349c76	0x140547ed0	1	0			
0x140349c95	0x140349cc6	0x140547ed0	1	0			
0x140349d02	0x140349d33	0x140547ed0	1	0			
0x140349d59	0x140349d8a	0x140547ed0	1	0			
0x140349da9	0x140349dda	0x140547ed0	1	0			
0x140349dda	0x140349e0b	0x140547ed0	1	0			
0x140349e6c	0x140349e9d	0x140547ed0	1	0			
0x140349f02	0x140349f33	0x140547ed0	1	0			
0x140349ff2	0x14034a023	0x140547ed0	1	0			
0x14034a05c	0x14034a08d	0x140547ed0	1	0			
0x14034a117	0x14034a148	0x140547ed0	1	0			
0x14034a1c4	0x14034a1f5	0x140547ed0	1	0			
0x14034a338	0x14034a35e	0x140547ed0	1	0			
0x14034a392	0x14034a3c3	0x140547ed0	1	0			
0x14034a597	0x14034a5c8	0x140547ed0	1	0			
0x14034a5c8	0x14034a5f9	0x140547ed0	1	0			
0x14034a618	0x14034a649	0x140547ed0	1	0			
0x14034a687	0x14034a6b8	0x140547ed0	1	0			
0x14034a753	0x14034a784	0x140547ed0	1	0			
0x14034a797	0x14034a7c8	0x140547ed0	1	0			
0x14034a7c8	0x14034a7f9	0x140547ed0	1	0			
0x14034a7f9	0x14034a82a	0x140547ed0	1	0			
0x14034a908	0x14034a92e	0x140547ed0	1	0			
0x14034a97c	0x14034a9ad	0x140547ed0	1	0			
0x14034aa32	0x14034aa63	0x140547ed0	1	0			
0x14034aaaf	0x14034aae0	0x140547ed0	1	0			
0x14034ab5c	0x14034ab8d	0x140547ed0	1	0			
0x14034ab8d	0x14034abbe	0x140547ed0	1	0			
0x14034abbe	0x14034abef	0x140547ed0	1	0			
0x14034ac62	0x14034ac93	0x140547ed0	1	0			
0x14034addc	0x14034ae0d	0x140547ed0	1	0			
0x14034ae38	0x14034ae5e	0x140547ed0	1	0			
0x14034ae6c	0x14034ae9d	0x140547ed0	1	0			
0x14034aedc	0x14034af0d	0x140547ed0	1	0			
0x14034af70	0x14034af9a	0x140547ed0	1	0			
0x14034afcf	0x14034b000	0x140547ed0	1	0			
0x14034b09d	0x14034b0ce	0x140547ed0	1	0			
0x14034b0ce	0x14034b0ff	0x140547ed0	1	0			
0x14034b1ec	0x14034b21a	0x140547ed0	1	0			
0x14034b23c	0x14034b26a	0x140547ed0	1	0			
0x14034b30c	0x14034b33d	0x140547ed0	1	0			
0x14034b38c	0x14034b3bd	0x140547ed0	1	0			
0x14034b3bd	0x14034b3ee	0x140547ed0	1	0			
0x14034b3ee	0x14034b41f	0x140547ed0	1	0			
0x14034b41f	0x14034b450	0x140547ed0	1	0			
0x14034b450	0x14034b481	0x140547ed0	1	0			
0x14034b49c	0x14034b4cd	0x140547ed0	1	0			
0x14034b4cd	0x14034b4fe	0x140547ed0	1	0			
0x14034b4fe	0x14034b52f	0x140547ed0	1	0			
0x14034b53c	0x14034b56d	0x140547ed0	1	0			
0x14034b56d	0x14034b59e	0x140547ed0	1	0			
0x14034b59e	0x14034b5cf	0x140547ed0	1	0			
0x14034b5cf	0x14034b600	0x140547ed0	1	0			
0x14034b600	0x14034b631	0x140547ed0	1	0			
0x14034b631	0x14034b662	0x140547ed0	1	0			
0x14034b6ac	0x14034b6dd	0x140547ed0	1	0			
0x14034b6dd	0x14034b70e	0x140547ed0	1	0			
0x14034b70e	0x14034b73f	0x140547ed0	1	0			
0x14034b73f	0x14034b770	0x140547ed0	1	0			
0x14034b770	0x14034b7a1	0x140547ed0	1	0			
0x14034b7a1	0x14034b7d2	0x140547ed0	1	0			
0x14034b80f	0x14034b840	0x140547ed0	1	0			
0x14034b840	0x14034b871	0x140547ed0	1	0			
0x14034b884	0x14034b8b5	0x140547ed0	1	0			
0x14034b8d4	0x14034b905	0x140547ed0	1	0			
0x14034b9e7	0x14034ba18	0x140547ed0	1	0			
0x14034ba18	0x14034ba49	0x140547ed0	1	0			
0x14034ba68	0x14034ba8e	0x140547ed0	1	0			
0x14034baa6	0x14034bacc	0x140547ed0	1	0			
0x14034bae4	0x14034bb0a	0x140547ed0	1	0			
0x14034bb22	0x14034bb48	0x140547ed0	1	0			
0x14034bb6c	0x14034bb9d	0x140547ed0	1	0			
0x14034bbbc	0x14034bbed	0x140547ed0	1	0			
0x14034bc0c	0x14034bc3d	0x140547ed0	1	0			
0x14034bc5c	0x14034bc8d	0x140547ed0	1	0			
0x14034bc9c	0x14034bccd	0x140547ed0	1	0			
0x14034bcec	0x14034bd1d	0x140547ed0	1	0			
0x14034bd1d	0x14034bd4e	0x140547ed0	1	0			
0x14034bd4e	0x14034bd7f	0x140547ed0	1	0			
0x14034bd8c	0x14034bdbd	0x140547ed0	1	0			
0x14034bdbd	0x14034bdee	0x140547ed0	1	0			
0x14034bdee	0x14034be1f	0x140547ed0	1	0			
0x14034be1f	0x14034be50	0x140547ed0	1	0			
0x14034be5c	0x14034be8d	0x140547ed0	1	0			
0x14034be8d	0x14034bebe	0x140547ed0	1	0			
0x14034bf28	0x14034bf4e	0x140547ed0	1	0			
0x14034bf4e	0x14034bf78	0x140547ed0	1	0			
0x14034bf78	0x14034bfa2	0x140547ed0	1	0			
0x14034bfa2	0x14034bfcc	0x140547ed0	1	0			
0x14034bfcc	0x14034bff6	0x140547ed0	1	0			
0x14034c02c	0x14034c05d	0x140547ed0	1	0			
0x14034c07c	0x14034c0ad	0x140547ed0	1	0			
0x14034c0cc	0x14034c0fd	0x140547ed0	1	0			
0x14034c0fd	0x14034c12e	0x140547ed0	1	0			
0x14034c12e	0x14034c15f	0x140547ed0	1	0			
0x14034c178	0x14034c19e	0x140547ed0	1	0			
0x14034c1a0	0x14034c1ce	0x140547ed0	1	0			
0x14034c1ed	0x14034c21e	0x140547ed0	1	0			
0x14034c231	0x14034c25f	0x140547ed0	1	0			
0x14034c272	0x14034c2a0	0x140547ed0	1	0			
0x14034c4c0	0x14034c4dc	0x140547ed0	1	0			
0x14034c4dc	0x14034c4f8	0x140547ed0	1	0			
0x14034c4f8	0x14034c514	0x140547ed0	1	0			
0x14034c514	0x14034c530	0x140547ed0	1	0			
0x14034c530	0x14034c54c	0x140547ed0	1	0			
0x14034c54c	0x14034c568	0x140547ed0	1	0			
0x14034c57c	0x14034c5aa	0x140547ed0	1	0			
0x14034c610	0x14034c62c	0x140547ed0	1	0			
0x14034c62c	0x14034c648	0x140547ed0	1	0			
0x14034c66f	0x14034c6a0	0x140547ed0	1	0			
0x14034c6a0	0x14034c6d1	0x140547ed0	1	0			
0x14034c718	0x14034c73e	0x140547ed0	1	0			
0x14034c758	0x14034c77e	0x140547ed0	1	0			
0x14034c79f	0x14034c7d0	0x140547ed0	1	0			
0x14034c7d0	0x14034c801	0x140547ed0	1	0			
0x14034c828	0x14034c84e	0x140547ed0	1	0			
0x14034c868	0x14034c88e	0x140547ed0	1	0			
0x14034c8af	0x14034c8e0	0x140547ed0	1	0			
0x14034c900	0x14034c91c	0x140547ed0	1	0			
0x14034c93f	0x14034c970	0x140547ed0	1	0			
0x14034c970	0x14034c9a1	0x140547ed0	1	0			
0x14034ca08	0x14034ca2e	0x140547ed0	1	0			
0x14034ca4f	0x14034ca80	0x140547ed0	1	0			
0x14034cac0	0x14034caea	0x140547ed0	1	0			
0x14034cb0f	0x14034cb40	0x140547ed0	1	0			
0x14034cba8	0x14034cbce	0x140547ed0	1	0			
0x14034cbef	0x14034cc20	0x140547ed0	1	0			
0x14034cc33	0x14034cc64	0x140547ed0	1	0			
0x14034cc8f	0x14034ccc0	0x140547ed0	1	0			
0x14034cd2f	0x14034cd60	0x140547ed0	1	0			
0x14034cd73	0x14034cda4	0x140547ed0	1	0			
0x14034cdcf	0x14034ce00	0x140547ed0	1	0			
0x14034ce8f	0x14034cec0	0x140547ed0	1	0			
0x14034cf18	0x14034cf3e	0x140547ed0	1	0			
0x14034cfaf	0x14034cfe0	0x140547ed0	1	0			
0x14034d09c	0x14034d0cd	0x140547ed0	1	0			
0x14034d0cd	0x14034d0fe	0x140547ed0	1	0			
0x14034d11c	0x14034d14a	0x140547ed0	1	0			
0x14034d14a	0x14034d17b	0x140547ed0	1	0			
0x14034d1ac	0x14034d1da	0x140547ed0	1	0			
0x14034d1ec	0x14034d21a	0x140547ed0	1	0			
0x14034d238	0x14034d25e	0x140547ed0	1	0			
0x14034d25e	0x14034d288	0x140547ed0	1	0			
0x14034d29c	0x14034d2cd	0x140547ed0	1	0			
0x14034d2dc	0x14034d30a	0x140547ed0	1	0			
0x14034d328	0x14034d34e	0x140547ed0	1	0			
0x14034d34e	0x14034d378	0x140547ed0	1	0			
0x14034d378	0x14034d3a2	0x140547ed0	1	0			
0x14034d3a2	0x14034d3cc	0x140547ed0	1	0			
0x14034d3dc	0x14034d40d	0x140547ed0	1	0			
0x14034d44c	0x14034d47a	0x140547ed0	1	0			
0x14034d47a	0x14034d4ab	0x140547ed0	1	0			
0x14034d4bc	0x14034d4ed	0x140547ed0	1	0			
0x14034d4fc	0x14034d52d	0x140547ed0	1	0			
0x14034d52d	0x14034d55e	0x140547ed0	1	0			
0x14034d58c	0x14034d5ba	0x140547ed0	1	0			
0x14034d5ec	0x14034d61a	0x140547ed0	1	0			
0x14034d61a	0x14034d64b	0x140547ed0	1	0			
0x14034d66c	0x14034d69d	0x140547ed0	1	0			
0x14034d6ac	0x14034d6da	0x140547ed0	1	0			
0x14034d74c	0x14034d77a	0x140547ed0	1	0			
0x14034d77a	0x14034d7ab	0x140547ed0	1	0			
0x14034d7bc	0x14034d7ea	0x140547ed0	1	0			
0x14034d808	0x14034d82e	0x140547ed0	1	0			
0x14034d858	0x14034d87e	0x140547ed0	1	0			
0x14034d87e	0x14034d8a8	0x140547ed0	1	0			
0x14034d8a8	0x14034d8d2	0x140547ed0	1	0			
0x14034d91c	0x14034d94d	0x140547ed0	1	0			
0x14034d99c	0x14034d9ca	0x140547ed0	1	0			
0x14034d9ca	0x14034d9fb	0x140547ed0	1	0			
0x14034da0e	0x14034da3f	0x140547ed0	1	0			
0x14034da3f	0x14034da70	0x140547ed0	1	0			
0x14034da70	0x14034daa1	0x140547ed0	1	0			
0x14034dab4	0x14034dae5	0x140547ed0	1	0			
0x14034dae5	0x14034db16	0x140547ed0	1	0			
0x14034db38	0x14034db5e	0x140547ed0	1	0			
0x14034db5e	0x14034db88	0x140547ed0	1	0			
0x14034db9c	0x14034dbca	0x140547ed0	1	0			
0x14034dbdc	0x14034dc0a	0x140547ed0	1	0			
0x14034dc0a	0x14034dc3b	0x140547ed0	1	0			
0x14034dc4c	0x14034dc7d	0x140547ed0	1	0			
0x14034dca3	0x14034dcd4	0x140547ed0	1	0			
0x14034dcfc	0x14034dd2a	0x140547ed0	1	0			
0x14034dd2a	0x14034dd5b	0x140547ed0	1	0			
0x14034dd7c	0x14034ddaa	0x140547ed0	1	0			
0x14034ddc8	0x14034ddee	0x140547ed0	1	0			
0x14034ddee	0x14034de18	0x140547ed0	1	0			
0x14034de2c	0x14034de5d	0x140547ed0	1	0			
0x14034de5d	0x14034de8e	0x140547ed0	1	0			
0x14034de8e	0x14034debf	0x140547ed0	1	0			
0x14034debf	0x14034def0	0x140547ed0	1	0			
0x14034defc	0x14034df2d	0x140547ed0	1	0			
0x14034df2d	0x14034df5e	0x140547ed0	1	0			
0x14034df6c	0x14034df9a	0x140547ed0	1	0			
0x14034dfb8	0x14034dfde	0x140547ed0	1	0			
0x14034dfde	0x14034e008	0x140547ed0	1	0			
0x14034e01c	0x14034e04a	0x140547ed0	1	0			
0x14034e0d5	0x14034e106	0x140547ed0	1	0			
0x14034e119	0x14034e14a	0x140547ed0	1	0			
0x14034e178	0x14034e19e	0x140547ed0	1	0			
0x14034e1b0	0x14034e1e6	0x140547ed0	1	0			
0x14034e1f0	0x14034e21e	0x140547ed0	1	0			
0x14034e220	0x14034e254	0x140547ed0	1	0			
0x14034e260	0x14034e279	0x140547ed0	1	0			
0x14034e280	0x14034e299	0x140547ed0	1	0			
0x14034e2b0	0x14034e2e4	0x140547ed0	1	0			
0x14034e300	0x14034e31d	0x140547ed0	1	0			
0x14034e330	0x14034e34d	0x140547ed0	1	0			
0x14034e3d0	0x14034e3fe	0x140547ed0	1	0			
0x14034e410	0x14034e42c	0x140547ed0	1	0			
0x14034e42c	0x14034e448	0x140547ed0	1	0			
0x14034e448	0x14034e464	0x140547ed0	1	0			
0x14034e464	0x14034e480	0x140547ed0	1	0			
0x14034e480	0x14034e49c	0x140547ed0	1	0			
0x14034e49c	0x14034e4b8	0x140547ed0	1	0			
0x14034e4b8	0x14034e4d4	0x140547ed0	1	0			
0x14034e4d4	0x14034e4f0	0x140547ed0	1	0			
0x14034e55f	0x14034e577	0x14055015c	1	0			
0x14034e577	0x14034e5a3	0x140547ed0	1	0			
0x14034e5a3	0x14034e5cf	0x140547ed0	1	0			
0x14034e5cf	0x14034e610	0x140547ed0	1	0			
0x14034e610	0x14034e62e	0x140547ed0	1	0			
0x14034e62e	0x14034e649	0x1405502f0	1	3			
0x14034e650	0x14034e66b	0x140550380	1	3			
0x14034e690	0x14034e6c2	0x14054f8f4	1	0			
0x14034e6f0	0x14034e71f	0x14052266c	1	2			
0x14034e720	0x14034e793	0x1405228a0	1	2			
0x14034e7d0	0x14034e81b	0x140523e48	1	2			
0x14034e840	0x14034e87d	0x140538d0c	1	2			
0x14034e910	0x14034e93f	0x14054ad58	1	2			
0x14034e9b0	0x14034e9fb	0x14054c748	1	2			
0x14034ea70	0x14034eabf	0x14054de38	1	2			
0x14034eae0	0x14034eb0f	0x14054e39c	1	2			
0x14034eb80	0x14034ebae	0x14054f8f4	1	0			
0x14034ebb0	0x14034ebe1	0x14054ef84	1	2			
0x14034ec00	0x14034ec31	0x14054f074	1	2			
