hierarchy_va	most_derived_type_va	preorder_index	base_descriptor_va	type_va	descendant_count	mdisp	pdisp	vdisp	attributes
0x14050cf38	0x1405d5118	0	0x14050cf60	0x1405d5118	0	0	-1	0	0x40
0x14050cfb0	0x1405d5148	0	0x14050cfd8	0x1405d5148	0	0	-1	0	0x40
0x14050d078	0x1405d51c0	0	0x14050d0a8	0x1405d51c0	1	0	-1	0	0x40
0x14050d078	0x1405d51c0	1	0x14050d028	0x1405d5180	0	0	-1	0	0x40
0x14050d0f8	0x1405d5200	0	0x14050d128	0x1405d5200	1	0	-1	0	0x40
0x14050d0f8	0x1405d5200	1	0x14050d150	0x1405d5220	0	0	-1	0	0x40
0x14050d178	0x1405d5220	0	0x14050d150	0x1405d5220	0	0	-1	0	0x40
0x14050d218	0x1405d5268	0	0x14050d248	0x1405d5268	1	0	-1	0	0x40
0x14050d218	0x1405d5268	1	0x14050cfd8	0x1405d5148	0	0	-1	0	0x40
0x14050d340	0x1405d5310	0	0x14050d370	0x1405d5310	1	0	-1	0	0x40
0x14050d340	0x1405d5310	1	0x14050d298	0x1405d52a0	0	0	-1	0	0x40
0x14050d3c0	0x1405d5348	0	0x14050d400	0x1405d5348	3	0	-1	0	0x40
0x14050d3c0	0x1405d5348	1	0x14050cf60	0x1405d5118	0	0	-1	0	0x40
0x14050d3c0	0x1405d5348	2	0x14050d428	0x1405d52d8	1	616	-1	0	0x40
0x14050d3c0	0x1405d5348	3	0x14050d450	0x1405d5248	0	616	-1	0	0x40
0x14050d4c8	0x1405d5378	0	0x14050d4f8	0x1405d5378	1	0	-1	0	0x40
0x14050d4c8	0x1405d5378	1	0x14050d150	0x1405d5220	0	0	-1	0	0x40
0x14050d5c0	0x1405d53c8	0	0x14050d5f0	0x1405d53c8	1	0	-1	0	0x40
0x14050d5c0	0x1405d53c8	1	0x14050d570	0x1405d53a0	0	0	-1	0	0x40
0x14050d640	0x1405d53f0	0	0x14050d668	0x1405d53f0	0	0	-1	0	0x40
0x14050d6b8	0x1405d5410	0	0x14050d6e0	0x1405d5410	0	0	-1	0	0x40
0x14050d730	0x1405d5430	0	0x14050d770	0x1405d5430	3	0	-1	0	0x40
0x14050d730	0x1405d5430	1	0x14050d6e0	0x1405d5410	0	0	-1	0	0x40
0x14050d730	0x1405d5430	2	0x14050d798	0x1405d53f0	0	96	-1	0	0x40
0x14050d730	0x1405d5430	3	0x14050d7c0	0x1405d5450	0	208	-1	0	0x40
0x14050d7e8	0x1405d5450	0	0x14050d810	0x1405d5450	0	0	-1	0	0x40
0x14050d8b0	0x1405d5478	0	0x14050d8e0	0x1405d5478	1	0	-1	0	0x40
0x14050d8b0	0x1405d5478	1	0x14050d6e0	0x1405d5410	0	0	-1	0	0x40
0x14050d980	0x1405d54c8	0	0x14050d9a8	0x1405d54c8	0	0	-1	0	0x40
0x14050d9f8	0x1405d54e8	0	0x14050da28	0x1405d54e8	1	0	-1	0	0x40
0x14050d9f8	0x1405d54e8	1	0x14050d930	0x1405d54a0	0	0	-1	0	0x40
0x14050da78	0x1405d5510	0	0x14050daa8	0x1405d5510	1	0	-1	0	0x40
0x14050da78	0x1405d5510	1	0x14050d9a8	0x1405d54c8	0	0	-1	0	0x40
0x14050daf8	0x1405d5538	0	0x14050db20	0x1405d5538	0	0	-1	0	0x40
0x14050db70	0x1405d5560	0	0x14050db98	0x1405d5560	0	0	-1	0	0x40
0x14050dbe8	0x1405d5580	0	0x14050dc18	0x1405d5580	1	0	-1	0	0x40
0x14050dbe8	0x1405d5580	1	0x14050dc40	0x1405d55a8	0	0	-1	0	0x40
0x14050dc68	0x1405d55a8	0	0x14050dc40	0x1405d55a8	0	0	-1	0	0x40
0x14050dcb8	0x1405d55c8	0	0x14050dcf0	0x1405d55c8	2	0	-1	0	0x40
0x14050dcb8	0x1405d55c8	1	0x14050dc18	0x1405d5580	1	0	-1	0	0x40
0x14050dcb8	0x1405d55c8	2	0x14050dc40	0x1405d55a8	0	0	-1	0	0x40
0x14050dd40	0x1405d55f0	0	0x14050dd78	0x1405d55f0	2	0	-1	0	0x40
0x14050dd40	0x1405d55f0	1	0x14050dc18	0x1405d5580	1	0	-1	0	0x40
0x14050dd40	0x1405d55f0	2	0x14050dc40	0x1405d55a8	0	0	-1	0	0x40
0x14050ddc8	0x1405d5618	0	0x14050de00	0x1405d5618	2	0	-1	0	0x40
0x14050ddc8	0x1405d5618	1	0x14050dc18	0x1405d5580	1	0	-1	0	0x40
0x14050ddc8	0x1405d5618	2	0x14050dc40	0x1405d55a8	0	0	-1	0	0x40
0x14050de50	0x1405d5640	0	0x14050de88	0x1405d5640	2	0	-1	0	0x40
0x14050de50	0x1405d5640	1	0x14050dc18	0x1405d5580	1	0	-1	0	0x40
0x14050de50	0x1405d5640	2	0x14050dc40	0x1405d55a8	0	0	-1	0	0x40
0x14050df00	0x1405d5668	0	0x14050df28	0x1405d5668	0	0	-1	0	0x40
0x14050df78	0x1405d5688	0	0x14050dfa8	0x1405d5688	1	0	-1	0	0x40
0x14050df78	0x1405d5688	1	0x14050df28	0x1405d5668	0	0	-1	0	0x40
0x14050dff8	0x1405d56a8	0	0x14050e020	0x1405d56a8	0	0	-1	0	0x40
0x14050e070	0x1405d56d0	0	0x14050e0a0	0x1405d56d0	1	0	-1	0	0x40
0x14050e070	0x1405d56d0	1	0x14050e020	0x1405d56a8	0	0	-1	0	0x40
0x14050e0f0	0x1405d56f8	0	0x14050e128	0x1405d56f8	2	0	-1	0	0x40
0x14050e0f0	0x1405d56f8	1	0x14050e0a0	0x1405d56d0	1	0	-1	0	0x40
0x14050e0f0	0x1405d56f8	2	0x14050e020	0x1405d56a8	0	0	-1	0	0x40
0x14050e178	0x1405d5720	0	0x14050e1c0	0x1405d5720	4	0	-1	0	0x40
0x14050e178	0x1405d5720	1	0x14050dfa8	0x1405d5688	1	0	-1	0	0x40
0x14050e178	0x1405d5720	2	0x14050df28	0x1405d5668	0	0	-1	0	0x40
0x14050e178	0x1405d5720	3	0x14050e1e8	0x1405d56d0	1	208	-1	0	0x40
0x14050e178	0x1405d5720	4	0x14050e210	0x1405d56a8	0	208	-1	0	0x40
0x14050e288	0x1405d5740	0	0x14050e2d0	0x1405d5740	4	0	-1	0	0x40
0x14050e288	0x1405d5740	1	0x14050dfa8	0x1405d5688	1	0	-1	0	0x40
0x14050e288	0x1405d5740	2	0x14050df28	0x1405d5668	0	0	-1	0	0x40
0x14050e288	0x1405d5740	3	0x14050e1e8	0x1405d56d0	1	208	-1	0	0x40
0x14050e288	0x1405d5740	4	0x14050e210	0x1405d56a8	0	208	-1	0	0x40
0x14050e348	0x1405d5760	0	0x14050e390	0x1405d5760	4	0	-1	0	0x40
0x14050e348	0x1405d5760	1	0x14050dfa8	0x1405d5688	1	0	-1	0	0x40
0x14050e348	0x1405d5760	2	0x14050df28	0x1405d5668	0	0	-1	0	0x40
0x14050e348	0x1405d5760	3	0x14050e1e8	0x1405d56d0	1	208	-1	0	0x40
0x14050e348	0x1405d5760	4	0x14050e210	0x1405d56a8	0	208	-1	0	0x40
0x14050e408	0x1405d5780	0	0x14050e450	0x1405d5780	4	0	-1	0	0x40
0x14050e408	0x1405d5780	1	0x14050dfa8	0x1405d5688	1	0	-1	0	0x40
0x14050e408	0x1405d5780	2	0x14050df28	0x1405d5668	0	0	-1	0	0x40
0x14050e408	0x1405d5780	3	0x14050e1e8	0x1405d56d0	1	208	-1	0	0x40
0x14050e408	0x1405d5780	4	0x14050e210	0x1405d56a8	0	208	-1	0	0x40
0x14050e4c8	0x1405d57a0	0	0x14050e4f0	0x1405d57a0	0	0	-1	0	0x40
0x14050e540	0x1405d57c8	0	0x14050e568	0x1405d57c8	0	0	-1	0	0x40
0x14050e5b8	0x1405d57f0	0	0x14050e5e0	0x1405d57f0	0	0	-1	0	0x40
0x14050e630	0x1405d5810	0	0x14050e668	0x1405d5810	2	0	-1	0	0x40
0x14050e630	0x1405d5810	1	0x14050e5e0	0x1405d57f0	0	0	-1	0	0x40
0x14050e630	0x1405d5810	2	0x14050e690	0x1405d5450	0	8	-1	0	0x40
0x14050e708	0x1405d5830	0	0x14050e748	0x1405d5830	3	0	-1	0	0x40
0x14050e708	0x1405d5830	1	0x14050e668	0x1405d5810	2	0	-1	0	0x40
0x14050e708	0x1405d5830	2	0x14050e5e0	0x1405d57f0	0	0	-1	0	0x40
0x14050e708	0x1405d5830	3	0x14050e690	0x1405d5450	0	8	-1	0	0x40
0x14050e7c0	0x1405d5858	0	0x14050e800	0x1405d5858	3	0	-1	0	0x40
0x14050e7c0	0x1405d5858	1	0x14050e668	0x1405d5810	2	0	-1	0	0x40
0x14050e7c0	0x1405d5858	2	0x14050e5e0	0x1405d57f0	0	0	-1	0	0x40
0x14050e7c0	0x1405d5858	3	0x14050e690	0x1405d5450	0	8	-1	0	0x40
0x14050e878	0x1405d5880	0	0x14050e8b8	0x1405d5880	3	0	-1	0	0x40
0x14050e878	0x1405d5880	1	0x14050e668	0x1405d5810	2	0	-1	0	0x40
0x14050e878	0x1405d5880	2	0x14050e5e0	0x1405d57f0	0	0	-1	0	0x40
0x14050e878	0x1405d5880	3	0x14050e690	0x1405d5450	0	8	-1	0	0x40
0x14050e930	0x1405d58a8	0	0x14050e958	0x1405d58a8	0	0	-1	0	0x40
0x14050e9a8	0x1405d58d0	0	0x14050e9d8	0x1405d58d0	1	0	-1	0	0x40
0x14050e9a8	0x1405d58d0	1	0x14050e958	0x1405d58a8	0	0	-1	0	0x40
0x14050ea28	0x1405d58f8	0	0x14050ea58	0x1405d58f8	1	0	-1	0	0x40
0x14050ea28	0x1405d58f8	1	0x14050d6e0	0x1405d5410	0	0	-1	0	0x40
0x14050eaa8	0x1405d5918	0	0x14050ead0	0x1405d5918	0	0	-1	0	0x40
0x14050eb20	0x1405d5940	0	0x14050eb50	0x1405d5940	1	0	-1	0	0x40
0x14050eb20	0x1405d5940	1	0x14050ead0	0x1405d5918	0	0	-1	0	0x40
0x14050eba0	0x1405d5968	0	0x14050ebc8	0x1405d5968	0	0	-1	0	0x40
0x14050ec18	0x1405d5990	0	0x14050ec48	0x1405d5990	1	0	-1	0	0x40
0x14050ec18	0x1405d5990	1	0x14050ebc8	0x1405d5968	0	0	-1	0	0x40
0x14050ec98	0x1405d59b8	0	0x14050ecc0	0x1405d59b8	0	0	-1	0	0x40
0x14050ed10	0x1405d59d8	0	0x14050ed50	0x1405d59d8	3	0	-1	0	0x40
0x14050ed10	0x1405d59d8	1	0x14050ecc0	0x1405d59b8	0	0	-1	0	0x40
0x14050ed10	0x1405d59d8	2	0x14050ed78	0x1405d5990	1	8	-1	0	0x40
0x14050ed10	0x1405d59d8	3	0x14050eda0	0x1405d5968	0	8	-1	0	0x40
0x14050ee18	0x1405d59f8	0	0x14050ee58	0x1405d59f8	3	0	-1	0	0x40
0x14050ee18	0x1405d59f8	1	0x14050ecc0	0x1405d59b8	0	0	-1	0	0x40
0x14050ee18	0x1405d59f8	2	0x14050ed78	0x1405d5990	1	8	-1	0	0x40
0x14050ee18	0x1405d59f8	3	0x14050eda0	0x1405d5968	0	8	-1	0	0x40
0x14050eed0	0x1405d5a18	0	0x14050eef8	0x1405d5a18	0	0	-1	0	0x40
0x14050ef48	0x1405d5a40	0	0x14050ef78	0x1405d5a40	1	0	-1	0	0x40
0x14050ef48	0x1405d5a40	1	0x14050eef8	0x1405d5a18	0	0	-1	0	0x40
0x14050efc8	0x1405d5a68	0	0x14050eff0	0x1405d5a68	0	0	-1	0	0x40
0x14050f040	0x1405d5a90	0	0x14050f070	0x1405d5a90	1	0	-1	0	0x40
0x14050f040	0x1405d5a90	1	0x14050eff0	0x1405d5a68	0	0	-1	0	0x40
0x14050f0c0	0x1405d5ab8	0	0x14050f0e8	0x1405d5ab8	0	0	-1	0	0x40
0x14050f138	0x1405d5ad8	0	0x14050f168	0x1405d5ad8	1	0	-1	0	0x40
0x14050f138	0x1405d5ad8	1	0x14050f0e8	0x1405d5ab8	0	0	-1	0	0x40
0x14050f1b8	0x1405d5af8	0	0x14050f1e8	0x1405d5af8	1	0	-1	0	0x40
0x14050f1b8	0x1405d5af8	1	0x14050d6e0	0x1405d5410	0	0	-1	0	0x40
0x14050f238	0x1405d5b18	0	0x14050f270	0x1405d5b18	2	0	-1	0	0x40
0x14050f238	0x1405d5b18	1	0x14050f1e8	0x1405d5af8	1	0	-1	0	0x40
0x14050f238	0x1405d5b18	2	0x14050d6e0	0x1405d5410	0	0	-1	0	0x40
0x14050f2c0	0x1405d5b40	0	0x14050f2f8	0x1405d5b40	2	0	-1	0	0x40
0x14050f2c0	0x1405d5b40	1	0x14050f1e8	0x1405d5af8	1	0	-1	0	0x40
0x14050f2c0	0x1405d5b40	2	0x14050d6e0	0x1405d5410	0	0	-1	0	0x40
0x14050f348	0x1405d5b60	0	0x14050f380	0x1405d5b60	2	0	-1	0	0x40
0x14050f348	0x1405d5b60	1	0x14050f1e8	0x1405d5af8	1	0	-1	0	0x40
0x14050f348	0x1405d5b60	2	0x14050d6e0	0x1405d5410	0	0	-1	0	0x40
0x14050f3d0	0x1405d5b88	0	0x14050f440	0x1405d5b88	8	0	-1	0	0x40
0x14050f3d0	0x1405d5b88	1	0x14050f468	0x1405d5ba8	7	0	-1	0	0x40
0x14050f3d0	0x1405d5b88	2	0x14050f4f8	0x1405d5bd0	5	0	-1	0	0x40
0x14050f3d0	0x1405d5b88	3	0x14050d770	0x1405d5430	3	0	-1	0	0x40
0x14050f3d0	0x1405d5b88	4	0x14050d6e0	0x1405d5410	0	0	-1	0	0x40
0x14050f3d0	0x1405d5b88	5	0x14050d798	0x1405d53f0	0	96	-1	0	0x40
0x14050f3d0	0x1405d5b88	6	0x14050d7c0	0x1405d5450	0	208	-1	0	0x40
0x14050f3d0	0x1405d5b88	7	0x14050f570	0x1405d5bf8	0	272	-1	0	0x40
0x14050f3d0	0x1405d5b88	8	0x14050f5e8	0x1405d5c20	0	384	-1	0	0x40
0x14050f490	0x1405d5ba8	0	0x14050f468	0x1405d5ba8	7	0	-1	0	0x40
0x14050f490	0x1405d5ba8	1	0x14050f4f8	0x1405d5bd0	5	0	-1	0	0x40
0x14050f490	0x1405d5ba8	2	0x14050d770	0x1405d5430	3	0	-1	0	0x40
0x14050f490	0x1405d5ba8	3	0x14050d6e0	0x1405d5410	0	0	-1	0	0x40
0x14050f490	0x1405d5ba8	4	0x14050d798	0x1405d53f0	0	96	-1	0	0x40
0x14050f490	0x1405d5ba8	5	0x14050d7c0	0x1405d5450	0	208	-1	0	0x40
0x14050f490	0x1405d5ba8	6	0x14050f570	0x1405d5bf8	0	272	-1	0	0x40
0x14050f490	0x1405d5ba8	7	0x14050f5e8	0x1405d5c20	0	384	-1	0	0x40
0x14050f520	0x1405d5bd0	0	0x14050f4f8	0x1405d5bd0	5	0	-1	0	0x40
0x14050f520	0x1405d5bd0	1	0x14050d770	0x1405d5430	3	0	-1	0	0x40
0x14050f520	0x1405d5bd0	2	0x14050d6e0	0x1405d5410	0	0	-1	0	0x40
0x14050f520	0x1405d5bd0	3	0x14050d798	0x1405d53f0	0	96	-1	0	0x40
0x14050f520	0x1405d5bd0	4	0x14050d7c0	0x1405d5450	0	208	-1	0	0x40
0x14050f520	0x1405d5bd0	5	0x14050f570	0x1405d5bf8	0	272	-1	0	0x40
0x14050f598	0x1405d5bf8	0	0x14050f5c0	0x1405d5bf8	0	0	-1	0	0x40
0x14050f610	0x1405d5c20	0	0x14050f638	0x1405d5c20	0	0	-1	0	0x40
0x14050f728	0x1405d5c48	0	0x14050f778	0x1405d5c48	5	0	-1	0	0x40
0x14050f728	0x1405d5c48	1	0x14050f7a0	0x1405d5c70	4	0	-1	0	0x40
0x14050f728	0x1405d5c48	2	0x14050d770	0x1405d5430	3	0	-1	0	0x40
0x14050f728	0x1405d5c48	3	0x14050d6e0	0x1405d5410	0	0	-1	0	0x40
0x14050f728	0x1405d5c48	4	0x14050d798	0x1405d53f0	0	96	-1	0	0x40
0x14050f728	0x1405d5c48	5	0x14050d7c0	0x1405d5450	0	208	-1	0	0x40
0x14050f7c8	0x1405d5c70	0	0x14050f7a0	0x1405d5c70	4	0	-1	0	0x40
0x14050f7c8	0x1405d5c70	1	0x14050d770	0x1405d5430	3	0	-1	0	0x40
0x14050f7c8	0x1405d5c70	2	0x14050d6e0	0x1405d5410	0	0	-1	0	0x40
0x14050f7c8	0x1405d5c70	3	0x14050d798	0x1405d53f0	0	96	-1	0	0x40
0x14050f7c8	0x1405d5c70	4	0x14050d7c0	0x1405d5450	0	208	-1	0	0x40
0x14050f888	0x1405d5c90	0	0x14050f8d8	0x1405d5c90	5	0	-1	0	0x40
0x14050f888	0x1405d5c90	1	0x14050f7a0	0x1405d5c70	4	0	-1	0	0x40
0x14050f888	0x1405d5c90	2	0x14050d770	0x1405d5430	3	0	-1	0	0x40
0x14050f888	0x1405d5c90	3	0x14050d6e0	0x1405d5410	0	0	-1	0	0x40
0x14050f888	0x1405d5c90	4	0x14050d798	0x1405d53f0	0	96	-1	0	0x40
0x14050f888	0x1405d5c90	5	0x14050d7c0	0x1405d5450	0	208	-1	0	0x40
0x14050f978	0x1405d5cb8	0	0x14050f9e0	0x1405d5cb8	8	0	-1	0	0x40
0x14050f978	0x1405d5cb8	1	0x14050f468	0x1405d5ba8	7	0	-1	0	0x40
0x14050f978	0x1405d5cb8	2	0x14050f4f8	0x1405d5bd0	5	0	-1	0	0x40
0x14050f978	0x1405d5cb8	3	0x14050d770	0x1405d5430	3	0	-1	0	0x40
0x14050f978	0x1405d5cb8	4	0x14050d6e0	0x1405d5410	0	0	-1	0	0x40
0x14050f978	0x1405d5cb8	5	0x14050d798	0x1405d53f0	0	96	-1	0	0x40
0x14050f978	0x1405d5cb8	6	0x14050d7c0	0x1405d5450	0	208	-1	0	0x40
0x14050f978	0x1405d5cb8	7	0x14050f570	0x1405d5bf8	0	272	-1	0	0x40
0x14050f978	0x1405d5cb8	8	0x14050f5e8	0x1405d5c20	0	384	-1	0	0x40
0x14050fad0	0x1405d5cd8	0	0x14050fb40	0x1405d5cd8	8	0	-1	0	0x40
0x14050fad0	0x1405d5cd8	1	0x14050f468	0x1405d5ba8	7	0	-1	0	0x40
0x14050fad0	0x1405d5cd8	2	0x14050f4f8	0x1405d5bd0	5	0	-1	0	0x40
0x14050fad0	0x1405d5cd8	3	0x14050d770	0x1405d5430	3	0	-1	0	0x40
0x14050fad0	0x1405d5cd8	4	0x14050d6e0	0x1405d5410	0	0	-1	0	0x40
0x14050fad0	0x1405d5cd8	5	0x14050d798	0x1405d53f0	0	96	-1	0	0x40
0x14050fad0	0x1405d5cd8	6	0x14050d7c0	0x1405d5450	0	208	-1	0	0x40
0x14050fad0	0x1405d5cd8	7	0x14050f570	0x1405d5bf8	0	272	-1	0	0x40
0x14050fad0	0x1405d5cd8	8	0x14050f5e8	0x1405d5c20	0	384	-1	0	0x40
0x14050fc30	0x1405d5cf8	0	0x14050fca0	0x1405d5cf8	8	0	-1	0	0x40
0x14050fc30	0x1405d5cf8	1	0x14050f468	0x1405d5ba8	7	0	-1	0	0x40
0x14050fc30	0x1405d5cf8	2	0x14050f4f8	0x1405d5bd0	5	0	-1	0	0x40
0x14050fc30	0x1405d5cf8	3	0x14050d770	0x1405d5430	3	0	-1	0	0x40
0x14050fc30	0x1405d5cf8	4	0x14050d6e0	0x1405d5410	0	0	-1	0	0x40
0x14050fc30	0x1405d5cf8	5	0x14050d798	0x1405d53f0	0	96	-1	0	0x40
0x14050fc30	0x1405d5cf8	6	0x14050d7c0	0x1405d5450	0	208	-1	0	0x40
0x14050fc30	0x1405d5cf8	7	0x14050f570	0x1405d5bf8	0	272	-1	0	0x40
0x14050fc30	0x1405d5cf8	8	0x14050f5e8	0x1405d5c20	0	384	-1	0	0x40
0x14050fd90	0x1405d5d18	0	0x14050fe00	0x1405d5d18	8	0	-1	0	0x40
0x14050fd90	0x1405d5d18	1	0x14050f468	0x1405d5ba8	7	0	-1	0	0x40
0x14050fd90	0x1405d5d18	2	0x14050f4f8	0x1405d5bd0	5	0	-1	0	0x40
0x14050fd90	0x1405d5d18	3	0x14050d770	0x1405d5430	3	0	-1	0	0x40
0x14050fd90	0x1405d5d18	4	0x14050d6e0	0x1405d5410	0	0	-1	0	0x40
0x14050fd90	0x1405d5d18	5	0x14050d798	0x1405d53f0	0	96	-1	0	0x40
0x14050fd90	0x1405d5d18	6	0x14050d7c0	0x1405d5450	0	208	-1	0	0x40
0x14050fd90	0x1405d5d18	7	0x14050f570	0x1405d5bf8	0	272	-1	0	0x40
0x14050fd90	0x1405d5d18	8	0x14050f5e8	0x1405d5c20	0	384	-1	0	0x40
0x14050fef0	0x1405d5d38	0	0x14050ff60	0x1405d5d38	8	0	-1	0	0x40
0x14050fef0	0x1405d5d38	1	0x14050f468	0x1405d5ba8	7	0	-1	0	0x40
0x14050fef0	0x1405d5d38	2	0x14050f4f8	0x1405d5bd0	5	0	-1	0	0x40
0x14050fef0	0x1405d5d38	3	0x14050d770	0x1405d5430	3	0	-1	0	0x40
0x14050fef0	0x1405d5d38	4	0x14050d6e0	0x1405d5410	0	0	-1	0	0x40
0x14050fef0	0x1405d5d38	5	0x14050d798	0x1405d53f0	0	96	-1	0	0x40
0x14050fef0	0x1405d5d38	6	0x14050d7c0	0x1405d5450	0	208	-1	0	0x40
0x14050fef0	0x1405d5d38	7	0x14050f570	0x1405d5bf8	0	272	-1	0	0x40
0x14050fef0	0x1405d5d38	8	0x14050f5e8	0x1405d5c20	0	384	-1	0	0x40
0x140510050	0x1405d5d58	0	0x1405100a0	0x1405d5d58	5	0	-1	0	0x40
0x140510050	0x1405d5d58	1	0x14050f7a0	0x1405d5c70	4	0	-1	0	0x40
0x140510050	0x1405d5d58	2	0x14050d770	0x1405d5430	3	0	-1	0	0x40
0x140510050	0x1405d5d58	3	0x14050d6e0	0x1405d5410	0	0	-1	0	0x40
0x140510050	0x1405d5d58	4	0x14050d798	0x1405d53f0	0	96	-1	0	0x40
0x140510050	0x1405d5d58	5	0x14050d7c0	0x1405d5450	0	208	-1	0	0x40
0x140510140	0x1405d5d80	0	0x140510168	0x1405d5d80	0	0	-1	0	0x40
0x1405101b8	0x1405d5da8	0	0x1405101e8	0x1405d5da8	1	0	-1	0	0x40
0x1405101b8	0x1405d5da8	1	0x140510168	0x1405d5d80	0	0	-1	0	0x40
0x140510238	0x1405d5dc8	0	0x140510290	0x1405d5dc8	6	0	-1	0	0x40
0x140510238	0x1405d5dc8	1	0x14050f4f8	0x1405d5bd0	5	0	-1	0	0x40
0x140510238	0x1405d5dc8	2	0x14050d770	0x1405d5430	3	0	-1	0	0x40
0x140510238	0x1405d5dc8	3	0x14050d6e0	0x1405d5410	0	0	-1	0	0x40
0x140510238	0x1405d5dc8	4	0x14050d798	0x1405d53f0	0	96	-1	0	0x40
0x140510238	0x1405d5dc8	5	0x14050d7c0	0x1405d5450	0	208	-1	0	0x40
0x140510238	0x1405d5dc8	6	0x14050f570	0x1405d5bf8	0	272	-1	0	0x40
0x140510358	0x1405d5df0	0	0x1405103c0	0x1405d5df0	8	0	-1	0	0x40
0x140510358	0x1405d5df0	1	0x14050f468	0x1405d5ba8	7	0	-1	0	0x40
0x140510358	0x1405d5df0	2	0x14050f4f8	0x1405d5bd0	5	0	-1	0	0x40
0x140510358	0x1405d5df0	3	0x14050d770	0x1405d5430	3	0	-1	0	0x40
0x140510358	0x1405d5df0	4	0x14050d6e0	0x1405d5410	0	0	-1	0	0x40
0x140510358	0x1405d5df0	5	0x14050d798	0x1405d53f0	0	96	-1	0	0x40
0x140510358	0x1405d5df0	6	0x14050d7c0	0x1405d5450	0	208	-1	0	0x40
0x140510358	0x1405d5df0	7	0x14050f570	0x1405d5bf8	0	272	-1	0	0x40
0x140510358	0x1405d5df0	8	0x14050f5e8	0x1405d5c20	0	384	-1	0	0x40
0x1405104b0	0x1405d5e10	0	0x140510500	0x1405d5e10	5	0	-1	0	0x40
0x1405104b0	0x1405d5e10	1	0x14050f7a0	0x1405d5c70	4	0	-1	0	0x40
0x1405104b0	0x1405d5e10	2	0x14050d770	0x1405d5430	3	0	-1	0	0x40
0x1405104b0	0x1405d5e10	3	0x14050d6e0	0x1405d5410	0	0	-1	0	0x40
0x1405104b0	0x1405d5e10	4	0x14050d798	0x1405d53f0	0	96	-1	0	0x40
0x1405104b0	0x1405d5e10	5	0x14050d7c0	0x1405d5450	0	208	-1	0	0x40
0x1405105a0	0x1405d5e38	0	0x140510610	0x1405d5e38	8	0	-1	0	0x40
0x1405105a0	0x1405d5e38	1	0x14050f468	0x1405d5ba8	7	0	-1	0	0x40
0x1405105a0	0x1405d5e38	2	0x14050f4f8	0x1405d5bd0	5	0	-1	0	0x40
0x1405105a0	0x1405d5e38	3	0x14050d770	0x1405d5430	3	0	-1	0	0x40
0x1405105a0	0x1405d5e38	4	0x14050d6e0	0x1405d5410	0	0	-1	0	0x40
0x1405105a0	0x1405d5e38	5	0x14050d798	0x1405d53f0	0	96	-1	0	0x40
0x1405105a0	0x1405d5e38	6	0x14050d7c0	0x1405d5450	0	208	-1	0	0x40
0x1405105a0	0x1405d5e38	7	0x14050f570	0x1405d5bf8	0	272	-1	0	0x40
0x1405105a0	0x1405d5e38	8	0x14050f5e8	0x1405d5c20	0	384	-1	0	0x40
0x140510700	0x1405d5e58	0	0x140510730	0x1405d5e58	1	0	-1	0	0x40
0x140510700	0x1405d5e58	1	0x140510168	0x1405d5d80	0	0	-1	0	0x40
0x140510780	0x1405d5e80	0	0x1405107f0	0x1405d5e80	8	0	-1	0	0x40
0x140510780	0x1405d5e80	1	0x14050f468	0x1405d5ba8	7	0	-1	0	0x40
0x140510780	0x1405d5e80	2	0x14050f4f8	0x1405d5bd0	5	0	-1	0	0x40
0x140510780	0x1405d5e80	3	0x14050d770	0x1405d5430	3	0	-1	0	0x40
0x140510780	0x1405d5e80	4	0x14050d6e0	0x1405d5410	0	0	-1	0	0x40
0x140510780	0x1405d5e80	5	0x14050d798	0x1405d53f0	0	96	-1	0	0x40
0x140510780	0x1405d5e80	6	0x14050d7c0	0x1405d5450	0	208	-1	0	0x40
0x140510780	0x1405d5e80	7	0x14050f570	0x1405d5bf8	0	272	-1	0	0x40
0x140510780	0x1405d5e80	8	0x14050f5e8	0x1405d5c20	0	384	-1	0	0x40
0x1405108e0	0x1405d5ea0	0	0x140510910	0x1405d5ea0	1	0	-1	0	0x40
0x1405108e0	0x1405d5ea0	1	0x140510168	0x1405d5d80	0	0	-1	0	0x40
0x140510960	0x1405d5ec8	0	0x140510990	0x1405d5ec8	1	0	-1	0	0x40
0x140510960	0x1405d5ec8	1	0x140510168	0x1405d5d80	0	0	-1	0	0x40
0x1405109e0	0x1405d5ee8	0	0x140510a10	0x1405d5ee8	1	0	-1	0	0x40
0x1405109e0	0x1405d5ee8	1	0x140510168	0x1405d5d80	0	0	-1	0	0x40
0x140510a60	0x1405d5f10	0	0x140510ae0	0x1405d5f10	10	0	-1	0	0x40
0x140510a60	0x1405d5f10	1	0x14050f4f8	0x1405d5bd0	5	0	-1	0	0x40
0x140510a60	0x1405d5f10	2	0x14050d770	0x1405d5430	3	0	-1	0	0x40
0x140510a60	0x1405d5f10	3	0x14050d6e0	0x1405d5410	0	0	-1	0	0x40
0x140510a60	0x1405d5f10	4	0x14050d798	0x1405d53f0	0	96	-1	0	0x40
0x140510a60	0x1405d5f10	5	0x14050d7c0	0x1405d5450	0	208	-1	0	0x40
0x140510a60	0x1405d5f10	6	0x14050f570	0x1405d5bf8	0	272	-1	0	0x40
0x140510a60	0x1405d5f10	7	0x140510b08	0x1405d5688	1	384	-1	0	0x40
0x140510a60	0x1405d5f10	8	0x140510b30	0x1405d5668	0	384	-1	0	0x40
0x140510a60	0x1405d5f10	9	0x140510b58	0x1405d56d0	1	592	-1	0	0x40
0x140510a60	0x1405d5f10	10	0x140510b80	0x1405d56a8	0	592	-1	0	0x40
0x140510c98	0x1405d5f30	0	0x140510cf0	0x1405d5f30	6	0	-1	0	0x40
0x140510c98	0x1405d5f30	1	0x14050f4f8	0x1405d5bd0	5	0	-1	0	0x40
0x140510c98	0x1405d5f30	2	0x14050d770	0x1405d5430	3	0	-1	0	0x40
0x140510c98	0x1405d5f30	3	0x14050d6e0	0x1405d5410	0	0	-1	0	0x40
0x140510c98	0x1405d5f30	4	0x14050d798	0x1405d53f0	0	96	-1	0	0x40
0x140510c98	0x1405d5f30	5	0x14050d7c0	0x1405d5450	0	208	-1	0	0x40
0x140510c98	0x1405d5f30	6	0x14050f570	0x1405d5bf8	0	272	-1	0	0x40
0x140510db8	0x1405d5f58	0	0x140510e08	0x1405d5f58	5	0	-1	0	0x40
0x140510db8	0x1405d5f58	1	0x14050f7a0	0x1405d5c70	4	0	-1	0	0x40
0x140510db8	0x1405d5f58	2	0x14050d770	0x1405d5430	3	0	-1	0	0x40
0x140510db8	0x1405d5f58	3	0x14050d6e0	0x1405d5410	0	0	-1	0	0x40
0x140510db8	0x1405d5f58	4	0x14050d798	0x1405d53f0	0	96	-1	0	0x40
0x140510db8	0x1405d5f58	5	0x14050d7c0	0x1405d5450	0	208	-1	0	0x40
0x140510ea8	0x1405d5f80	0	0x140510ef8	0x1405d5f80	5	0	-1	0	0x40
0x140510ea8	0x1405d5f80	1	0x14050f7a0	0x1405d5c70	4	0	-1	0	0x40
0x140510ea8	0x1405d5f80	2	0x14050d770	0x1405d5430	3	0	-1	0	0x40
0x140510ea8	0x1405d5f80	3	0x14050d6e0	0x1405d5410	0	0	-1	0	0x40
0x140510ea8	0x1405d5f80	4	0x14050d798	0x1405d53f0	0	96	-1	0	0x40
0x140510ea8	0x1405d5f80	5	0x14050d7c0	0x1405d5450	0	208	-1	0	0x40
0x140510f98	0x1405d5fa8	0	0x140511010	0x1405d5fa8	10	0	-1	0	0x40
0x140510f98	0x1405d5fa8	1	0x14050f4f8	0x1405d5bd0	5	0	-1	0	0x40
0x140510f98	0x1405d5fa8	2	0x14050d770	0x1405d5430	3	0	-1	0	0x40
0x140510f98	0x1405d5fa8	3	0x14050d6e0	0x1405d5410	0	0	-1	0	0x40
0x140510f98	0x1405d5fa8	4	0x14050d798	0x1405d53f0	0	96	-1	0	0x40
0x140510f98	0x1405d5fa8	5	0x14050d7c0	0x1405d5450	0	208	-1	0	0x40
0x140510f98	0x1405d5fa8	6	0x14050f570	0x1405d5bf8	0	272	-1	0	0x40
0x140510f98	0x1405d5fa8	7	0x140510b08	0x1405d5688	1	384	-1	0	0x40
0x140510f98	0x1405d5fa8	8	0x140510b30	0x1405d5668	0	384	-1	0	0x40
0x140510f98	0x1405d5fa8	9	0x140510b58	0x1405d56d0	1	592	-1	0	0x40
0x140510f98	0x1405d5fa8	10	0x140510b80	0x1405d56a8	0	592	-1	0	0x40
0x140511128	0x1405d5fc8	0	0x140511178	0x1405d5fc8	5	0	-1	0	0x40
0x140511128	0x1405d5fc8	1	0x14050f7a0	0x1405d5c70	4	0	-1	0	0x40
0x140511128	0x1405d5fc8	2	0x14050d770	0x1405d5430	3	0	-1	0	0x40
0x140511128	0x1405d5fc8	3	0x14050d6e0	0x1405d5410	0	0	-1	0	0x40
0x140511128	0x1405d5fc8	4	0x14050d798	0x1405d53f0	0	96	-1	0	0x40
0x140511128	0x1405d5fc8	5	0x14050d7c0	0x1405d5450	0	208	-1	0	0x40
0x140511218	0x1405d5ff0	0	0x140511240	0x1405d5ff0	0	0	-1	0	0x40
0x140511290	0x1405d6018	0	0x140511310	0x1405d6018	10	0	-1	0	0x40
0x140511290	0x1405d6018	1	0x14050f4f8	0x1405d5bd0	5	0	-1	0	0x40
0x140511290	0x1405d6018	2	0x14050d770	0x1405d5430	3	0	-1	0	0x40
0x140511290	0x1405d6018	3	0x14050d6e0	0x1405d5410	0	0	-1	0	0x40
0x140511290	0x1405d6018	4	0x14050d798	0x1405d53f0	0	96	-1	0	0x40
0x140511290	0x1405d6018	5	0x14050d7c0	0x1405d5450	0	208	-1	0	0x40
0x140511290	0x1405d6018	6	0x14050f570	0x1405d5bf8	0	272	-1	0	0x40
0x140511290	0x1405d6018	7	0x140510b08	0x1405d5688	1	384	-1	0	0x40
0x140511290	0x1405d6018	8	0x140510b30	0x1405d5668	0	384	-1	0	0x40
0x140511290	0x1405d6018	9	0x140510b58	0x1405d56d0	1	592	-1	0	0x40
0x140511290	0x1405d6018	10	0x140510b80	0x1405d56a8	0	592	-1	0	0x40
0x140511428	0x1405d6038	0	0x1405114a8	0x1405d6038	11	0	-1	0	0x40
0x140511428	0x1405d6038	1	0x14050f4f8	0x1405d5bd0	5	0	-1	0	0x40
0x140511428	0x1405d6038	2	0x14050d770	0x1405d5430	3	0	-1	0	0x40
0x140511428	0x1405d6038	3	0x14050d6e0	0x1405d5410	0	0	-1	0	0x40
0x140511428	0x1405d6038	4	0x14050d798	0x1405d53f0	0	96	-1	0	0x40
0x140511428	0x1405d6038	5	0x14050d7c0	0x1405d5450	0	208	-1	0	0x40
0x140511428	0x1405d6038	6	0x14050f570	0x1405d5bf8	0	272	-1	0	0x40
0x140511428	0x1405d6038	7	0x140510b08	0x1405d5688	1	384	-1	0	0x40
0x140511428	0x1405d6038	8	0x140510b30	0x1405d5668	0	384	-1	0	0x40
0x140511428	0x1405d6038	9	0x1405114d0	0x1405d56f8	2	592	-1	0	0x40
0x140511428	0x1405d6038	10	0x140510b58	0x1405d56d0	1	592	-1	0	0x40
0x140511428	0x1405d6038	11	0x140510b80	0x1405d56a8	0	592	-1	0	0x40
0x1405115e8	0x1405d6058	0	0x140511668	0x1405d6058	11	0	-1	0	0x40
0x1405115e8	0x1405d6058	1	0x14050f4f8	0x1405d5bd0	5	0	-1	0	0x40
0x1405115e8	0x1405d6058	2	0x14050d770	0x1405d5430	3	0	-1	0	0x40
0x1405115e8	0x1405d6058	3	0x14050d6e0	0x1405d5410	0	0	-1	0	0x40
0x1405115e8	0x1405d6058	4	0x14050d798	0x1405d53f0	0	96	-1	0	0x40
0x1405115e8	0x1405d6058	5	0x14050d7c0	0x1405d5450	0	208	-1	0	0x40
0x1405115e8	0x1405d6058	6	0x14050f570	0x1405d5bf8	0	272	-1	0	0x40
0x1405115e8	0x1405d6058	7	0x140510b08	0x1405d5688	1	384	-1	0	0x40
0x1405115e8	0x1405d6058	8	0x140510b30	0x1405d5668	0	384	-1	0	0x40
0x1405115e8	0x1405d6058	9	0x1405114d0	0x1405d56f8	2	592	-1	0	0x40
0x1405115e8	0x1405d6058	10	0x140510b58	0x1405d56d0	1	592	-1	0	0x40
0x1405115e8	0x1405d6058	11	0x140510b80	0x1405d56a8	0	592	-1	0	0x40
0x140511780	0x1405d6078	0	0x1405117d0	0x1405d6078	5	0	-1	0	0x40
0x140511780	0x1405d6078	1	0x14050f7a0	0x1405d5c70	4	0	-1	0	0x40
0x140511780	0x1405d6078	2	0x14050d770	0x1405d5430	3	0	-1	0	0x40
0x140511780	0x1405d6078	3	0x14050d6e0	0x1405d5410	0	0	-1	0	0x40
0x140511780	0x1405d6078	4	0x14050d798	0x1405d53f0	0	96	-1	0	0x40
0x140511780	0x1405d6078	5	0x14050d7c0	0x1405d5450	0	208	-1	0	0x40
0x140511870	0x1405d60a0	0	0x1405118c0	0x1405d60a0	5	0	-1	0	0x40
0x140511870	0x1405d60a0	1	0x14050f7a0	0x1405d5c70	4	0	-1	0	0x40
0x140511870	0x1405d60a0	2	0x14050d770	0x1405d5430	3	0	-1	0	0x40
0x140511870	0x1405d60a0	3	0x14050d6e0	0x1405d5410	0	0	-1	0	0x40
0x140511870	0x1405d60a0	4	0x14050d798	0x1405d53f0	0	96	-1	0	0x40
0x140511870	0x1405d60a0	5	0x14050d7c0	0x1405d5450	0	208	-1	0	0x40
0x140511960	0x1405d60c8	0	0x1405119e8	0x1405d60c8	11	0	-1	0	0x40
0x140511960	0x1405d60c8	1	0x14050f4f8	0x1405d5bd0	5	0	-1	0	0x40
0x140511960	0x1405d60c8	2	0x14050d770	0x1405d5430	3	0	-1	0	0x40
0x140511960	0x1405d60c8	3	0x14050d6e0	0x1405d5410	0	0	-1	0	0x40
0x140511960	0x1405d60c8	4	0x14050d798	0x1405d53f0	0	96	-1	0	0x40
0x140511960	0x1405d60c8	5	0x14050d7c0	0x1405d5450	0	208	-1	0	0x40
0x140511960	0x1405d60c8	6	0x14050f570	0x1405d5bf8	0	272	-1	0	0x40
0x140511960	0x1405d60c8	7	0x140510b08	0x1405d5688	1	384	-1	0	0x40
0x140511960	0x1405d60c8	8	0x140510b30	0x1405d5668	0	384	-1	0	0x40
0x140511960	0x1405d60c8	9	0x1405114d0	0x1405d56f8	2	592	-1	0	0x40
0x140511960	0x1405d60c8	10	0x140510b58	0x1405d56d0	1	592	-1	0	0x40
0x140511960	0x1405d60c8	11	0x140510b80	0x1405d56a8	0	592	-1	0	0x40
0x140511b00	0x1405d60e8	0	0x140511b88	0x1405d60e8	11	0	-1	0	0x40
0x140511b00	0x1405d60e8	1	0x14050f4f8	0x1405d5bd0	5	0	-1	0	0x40
0x140511b00	0x1405d60e8	2	0x14050d770	0x1405d5430	3	0	-1	0	0x40
0x140511b00	0x1405d60e8	3	0x14050d6e0	0x1405d5410	0	0	-1	0	0x40
0x140511b00	0x1405d60e8	4	0x14050d798	0x1405d53f0	0	96	-1	0	0x40
0x140511b00	0x1405d60e8	5	0x14050d7c0	0x1405d5450	0	208	-1	0	0x40
0x140511b00	0x1405d60e8	6	0x14050f570	0x1405d5bf8	0	272	-1	0	0x40
0x140511b00	0x1405d60e8	7	0x140510b08	0x1405d5688	1	384	-1	0	0x40
0x140511b00	0x1405d60e8	8	0x140510b30	0x1405d5668	0	384	-1	0	0x40
0x140511b00	0x1405d60e8	9	0x1405114d0	0x1405d56f8	2	592	-1	0	0x40
0x140511b00	0x1405d60e8	10	0x140510b58	0x1405d56d0	1	592	-1	0	0x40
0x140511b00	0x1405d60e8	11	0x140510b80	0x1405d56a8	0	592	-1	0	0x40
0x140511ca0	0x1405d6108	0	0x140511cf8	0x1405d6108	6	0	-1	0	0x40
0x140511ca0	0x1405d6108	1	0x14050f4f8	0x1405d5bd0	5	0	-1	0	0x40
0x140511ca0	0x1405d6108	2	0x14050d770	0x1405d5430	3	0	-1	0	0x40
0x140511ca0	0x1405d6108	3	0x14050d6e0	0x1405d5410	0	0	-1	0	0x40
0x140511ca0	0x1405d6108	4	0x14050d798	0x1405d53f0	0	96	-1	0	0x40
0x140511ca0	0x1405d6108	5	0x14050d7c0	0x1405d5450	0	208	-1	0	0x40
0x140511ca0	0x1405d6108	6	0x14050f570	0x1405d5bf8	0	272	-1	0	0x40
0x140511dc0	0x1405d6130	0	0x140511e10	0x1405d6130	5	0	-1	0	0x40
0x140511dc0	0x1405d6130	1	0x14050f7a0	0x1405d5c70	4	0	-1	0	0x40
0x140511dc0	0x1405d6130	2	0x14050d770	0x1405d5430	3	0	-1	0	0x40
0x140511dc0	0x1405d6130	3	0x14050d6e0	0x1405d5410	0	0	-1	0	0x40
0x140511dc0	0x1405d6130	4	0x14050d798	0x1405d53f0	0	96	-1	0	0x40
0x140511dc0	0x1405d6130	5	0x14050d7c0	0x1405d5450	0	208	-1	0	0x40
0x140511eb0	0x1405d6158	0	0x140511f00	0x1405d6158	5	0	-1	0	0x40
0x140511eb0	0x1405d6158	1	0x14050f7a0	0x1405d5c70	4	0	-1	0	0x40
0x140511eb0	0x1405d6158	2	0x14050d770	0x1405d5430	3	0	-1	0	0x40
0x140511eb0	0x1405d6158	3	0x14050d6e0	0x1405d5410	0	0	-1	0	0x40
0x140511eb0	0x1405d6158	4	0x14050d798	0x1405d53f0	0	96	-1	0	0x40
0x140511eb0	0x1405d6158	5	0x14050d7c0	0x1405d5450	0	208	-1	0	0x40
0x140511fa0	0x1405d6180	0	0x140511ff0	0x1405d6180	5	0	-1	0	0x40
0x140511fa0	0x1405d6180	1	0x14050f7a0	0x1405d5c70	4	0	-1	0	0x40
0x140511fa0	0x1405d6180	2	0x14050d770	0x1405d5430	3	0	-1	0	0x40
0x140511fa0	0x1405d6180	3	0x14050d6e0	0x1405d5410	0	0	-1	0	0x40
0x140511fa0	0x1405d6180	4	0x14050d798	0x1405d53f0	0	96	-1	0	0x40
0x140511fa0	0x1405d6180	5	0x14050d7c0	0x1405d5450	0	208	-1	0	0x40
0x140512090	0x1405d61a8	0	0x140512120	0x1405d61a8	12	0	-1	0	0x40
0x140512090	0x1405d61a8	1	0x140511b88	0x1405d60e8	11	0	-1	0	0x40
0x140512090	0x1405d61a8	2	0x14050f4f8	0x1405d5bd0	5	0	-1	0	0x40
0x140512090	0x1405d61a8	3	0x14050d770	0x1405d5430	3	0	-1	0	0x40
0x140512090	0x1405d61a8	4	0x14050d6e0	0x1405d5410	0	0	-1	0	0x40
0x140512090	0x1405d61a8	5	0x14050d798	0x1405d53f0	0	96	-1	0	0x40
0x140512090	0x1405d61a8	6	0x14050d7c0	0x1405d5450	0	208	-1	0	0x40
0x140512090	0x1405d61a8	7	0x14050f570	0x1405d5bf8	0	272	-1	0	0x40
0x140512090	0x1405d61a8	8	0x140510b08	0x1405d5688	1	384	-1	0	0x40
0x140512090	0x1405d61a8	9	0x140510b30	0x1405d5668	0	384	-1	0	0x40
0x140512090	0x1405d61a8	10	0x1405114d0	0x1405d56f8	2	592	-1	0	0x40
0x140512090	0x1405d61a8	11	0x140510b58	0x1405d56d0	1	592	-1	0	0x40
0x140512090	0x1405d61a8	12	0x140510b80	0x1405d56a8	0	592	-1	0	0x40
0x140512238	0x1405d61c8	0	0x140512288	0x1405d61c8	5	0	-1	0	0x40
0x140512238	0x1405d61c8	1	0x14050f7a0	0x1405d5c70	4	0	-1	0	0x40
0x140512238	0x1405d61c8	2	0x14050d770	0x1405d5430	3	0	-1	0	0x40
0x140512238	0x1405d61c8	3	0x14050d6e0	0x1405d5410	0	0	-1	0	0x40
0x140512238	0x1405d61c8	4	0x14050d798	0x1405d53f0	0	96	-1	0	0x40
0x140512238	0x1405d61c8	5	0x14050d7c0	0x1405d5450	0	208	-1	0	0x40
0x140512328	0x1405d61f0	0	0x140512350	0x1405d61f0	0	0	-1	0	0x40
0x1405123a0	0x1405d6218	0	0x1405123d0	0x1405d6218	1	0	-1	0	0x40
0x1405123a0	0x1405d6218	1	0x140512350	0x1405d61f0	0	0	-1	0	0x40
0x140512420	0x1405d6238	0	0x1405124a0	0x1405d6238	10	0	-1	0	0x40
0x140512420	0x1405d6238	1	0x14050f4f8	0x1405d5bd0	5	0	-1	0	0x40
0x140512420	0x1405d6238	2	0x14050d770	0x1405d5430	3	0	-1	0	0x40
0x140512420	0x1405d6238	3	0x14050d6e0	0x1405d5410	0	0	-1	0	0x40
0x140512420	0x1405d6238	4	0x14050d798	0x1405d53f0	0	96	-1	0	0x40
0x140512420	0x1405d6238	5	0x14050d7c0	0x1405d5450	0	208	-1	0	0x40
0x140512420	0x1405d6238	6	0x14050f570	0x1405d5bf8	0	272	-1	0	0x40
0x140512420	0x1405d6238	7	0x140510b08	0x1405d5688	1	384	-1	0	0x40
0x140512420	0x1405d6238	8	0x140510b30	0x1405d5668	0	384	-1	0	0x40
0x140512420	0x1405d6238	9	0x140510b58	0x1405d56d0	1	592	-1	0	0x40
0x140512420	0x1405d6238	10	0x140510b80	0x1405d56a8	0	592	-1	0	0x40
0x1405125b8	0x1405d6260	0	0x1405125f8	0x1405d6260	3	0	-1	0	0x40
0x1405125b8	0x1405d6260	1	0x14050e668	0x1405d5810	2	0	-1	0	0x40
0x1405125b8	0x1405d6260	2	0x14050e5e0	0x1405d57f0	0	0	-1	0	0x40
0x1405125b8	0x1405d6260	3	0x14050e690	0x1405d5450	0	8	-1	0	0x40
0x140512670	0x1405d6288	0	0x1405126f0	0x1405d6288	10	0	-1	0	0x40
0x140512670	0x1405d6288	1	0x14050f4f8	0x1405d5bd0	5	0	-1	0	0x40
0x140512670	0x1405d6288	2	0x14050d770	0x1405d5430	3	0	-1	0	0x40
0x140512670	0x1405d6288	3	0x14050d6e0	0x1405d5410	0	0	-1	0	0x40
0x140512670	0x1405d6288	4	0x14050d798	0x1405d53f0	0	96	-1	0	0x40
0x140512670	0x1405d6288	5	0x14050d7c0	0x1405d5450	0	208	-1	0	0x40
0x140512670	0x1405d6288	6	0x14050f570	0x1405d5bf8	0	272	-1	0	0x40
0x140512670	0x1405d6288	7	0x140510b08	0x1405d5688	1	384	-1	0	0x40
0x140512670	0x1405d6288	8	0x140510b30	0x1405d5668	0	384	-1	0	0x40
0x140512670	0x1405d6288	9	0x140510b58	0x1405d56d0	1	592	-1	0	0x40
0x140512670	0x1405d6288	10	0x140510b80	0x1405d56a8	0	592	-1	0	0x40
0x140512808	0x1405d62a8	0	0x140512858	0x1405d62a8	5	0	-1	0	0x40
0x140512808	0x1405d62a8	1	0x14050f7a0	0x1405d5c70	4	0	-1	0	0x40
0x140512808	0x1405d62a8	2	0x14050d770	0x1405d5430	3	0	-1	0	0x40
0x140512808	0x1405d62a8	3	0x14050d6e0	0x1405d5410	0	0	-1	0	0x40
0x140512808	0x1405d62a8	4	0x14050d798	0x1405d53f0	0	96	-1	0	0x40
0x140512808	0x1405d62a8	5	0x14050d7c0	0x1405d5450	0	208	-1	0	0x40
0x1405128f8	0x1405d62d0	0	0x140512948	0x1405d62d0	5	0	-1	0	0x40
0x1405128f8	0x1405d62d0	1	0x14050f7a0	0x1405d5c70	4	0	-1	0	0x40
0x1405128f8	0x1405d62d0	2	0x14050d770	0x1405d5430	3	0	-1	0	0x40
0x1405128f8	0x1405d62d0	3	0x14050d6e0	0x1405d5410	0	0	-1	0	0x40
0x1405128f8	0x1405d62d0	4	0x14050d798	0x1405d53f0	0	96	-1	0	0x40
0x1405128f8	0x1405d62d0	5	0x14050d7c0	0x1405d5450	0	208	-1	0	0x40
0x1405129e8	0x1405d62f8	0	0x140512a38	0x1405d62f8	5	0	-1	0	0x40
0x1405129e8	0x1405d62f8	1	0x14050f7a0	0x1405d5c70	4	0	-1	0	0x40
0x1405129e8	0x1405d62f8	2	0x14050d770	0x1405d5430	3	0	-1	0	0x40
0x1405129e8	0x1405d62f8	3	0x14050d6e0	0x1405d5410	0	0	-1	0	0x40
0x1405129e8	0x1405d62f8	4	0x14050d798	0x1405d53f0	0	96	-1	0	0x40
0x1405129e8	0x1405d62f8	5	0x14050d7c0	0x1405d5450	0	208	-1	0	0x40
0x140512ad8	0x1405d6320	0	0x140512b28	0x1405d6320	5	0	-1	0	0x40
0x140512ad8	0x1405d6320	1	0x14050f7a0	0x1405d5c70	4	0	-1	0	0x40
0x140512ad8	0x1405d6320	2	0x14050d770	0x1405d5430	3	0	-1	0	0x40
0x140512ad8	0x1405d6320	3	0x14050d6e0	0x1405d5410	0	0	-1	0	0x40
0x140512ad8	0x1405d6320	4	0x14050d798	0x1405d53f0	0	96	-1	0	0x40
0x140512ad8	0x1405d6320	5	0x14050d7c0	0x1405d5450	0	208	-1	0	0x40
0x140512bc8	0x1405d6348	0	0x140512c18	0x1405d6348	5	0	-1	0	0x40
0x140512bc8	0x1405d6348	1	0x14050f7a0	0x1405d5c70	4	0	-1	0	0x40
0x140512bc8	0x1405d6348	2	0x14050d770	0x1405d5430	3	0	-1	0	0x40
0x140512bc8	0x1405d6348	3	0x14050d6e0	0x1405d5410	0	0	-1	0	0x40
0x140512bc8	0x1405d6348	4	0x14050d798	0x1405d53f0	0	96	-1	0	0x40
0x140512bc8	0x1405d6348	5	0x14050d7c0	0x1405d5450	0	208	-1	0	0x40
0x140512cb8	0x1405d6370	0	0x140512d08	0x1405d6370	5	0	-1	0	0x40
0x140512cb8	0x1405d6370	1	0x14050f7a0	0x1405d5c70	4	0	-1	0	0x40
0x140512cb8	0x1405d6370	2	0x14050d770	0x1405d5430	3	0	-1	0	0x40
0x140512cb8	0x1405d6370	3	0x14050d6e0	0x1405d5410	0	0	-1	0	0x40
0x140512cb8	0x1405d6370	4	0x14050d798	0x1405d53f0	0	96	-1	0	0x40
0x140512cb8	0x1405d6370	5	0x14050d7c0	0x1405d5450	0	208	-1	0	0x40
0x140512da8	0x1405d6398	0	0x140512e20	0x1405d6398	10	0	-1	0	0x40
0x140512da8	0x1405d6398	1	0x14050f4f8	0x1405d5bd0	5	0	-1	0	0x40
0x140512da8	0x1405d6398	2	0x14050d770	0x1405d5430	3	0	-1	0	0x40
0x140512da8	0x1405d6398	3	0x14050d6e0	0x1405d5410	0	0	-1	0	0x40
0x140512da8	0x1405d6398	4	0x14050d798	0x1405d53f0	0	96	-1	0	0x40
0x140512da8	0x1405d6398	5	0x14050d7c0	0x1405d5450	0	208	-1	0	0x40
0x140512da8	0x1405d6398	6	0x14050f570	0x1405d5bf8	0	272	-1	0	0x40
0x140512da8	0x1405d6398	7	0x140510b08	0x1405d5688	1	384	-1	0	0x40
0x140512da8	0x1405d6398	8	0x140510b30	0x1405d5668	0	384	-1	0	0x40
0x140512da8	0x1405d6398	9	0x140510b58	0x1405d56d0	1	592	-1	0	0x40
0x140512da8	0x1405d6398	10	0x140510b80	0x1405d56a8	0	592	-1	0	0x40
0x140512f38	0x1405d63b8	0	0x140512f88	0x1405d63b8	5	0	-1	0	0x40
0x140512f38	0x1405d63b8	1	0x14050f7a0	0x1405d5c70	4	0	-1	0	0x40
0x140512f38	0x1405d63b8	2	0x14050d770	0x1405d5430	3	0	-1	0	0x40
0x140512f38	0x1405d63b8	3	0x14050d6e0	0x1405d5410	0	0	-1	0	0x40
0x140512f38	0x1405d63b8	4	0x14050d798	0x1405d53f0	0	96	-1	0	0x40
0x140512f38	0x1405d63b8	5	0x14050d7c0	0x1405d5450	0	208	-1	0	0x40
0x140513028	0x1405d63e0	0	0x140513078	0x1405d63e0	5	0	-1	0	0x40
0x140513028	0x1405d63e0	1	0x14050f7a0	0x1405d5c70	4	0	-1	0	0x40
0x140513028	0x1405d63e0	2	0x14050d770	0x1405d5430	3	0	-1	0	0x40
0x140513028	0x1405d63e0	3	0x14050d6e0	0x1405d5410	0	0	-1	0	0x40
0x140513028	0x1405d63e0	4	0x14050d798	0x1405d53f0	0	96	-1	0	0x40
0x140513028	0x1405d63e0	5	0x14050d7c0	0x1405d5450	0	208	-1	0	0x40
0x140513118	0x1405d6408	0	0x140513168	0x1405d6408	5	0	-1	0	0x40
0x140513118	0x1405d6408	1	0x14050f7a0	0x1405d5c70	4	0	-1	0	0x40
0x140513118	0x1405d6408	2	0x14050d770	0x1405d5430	3	0	-1	0	0x40
0x140513118	0x1405d6408	3	0x14050d6e0	0x1405d5410	0	0	-1	0	0x40
0x140513118	0x1405d6408	4	0x14050d798	0x1405d53f0	0	96	-1	0	0x40
0x140513118	0x1405d6408	5	0x14050d7c0	0x1405d5450	0	208	-1	0	0x40
0x140513208	0x1405d6430	0	0x140513288	0x1405d6430	11	0	-1	0	0x40
0x140513208	0x1405d6430	1	0x14050f4f8	0x1405d5bd0	5	0	-1	0	0x40
0x140513208	0x1405d6430	2	0x14050d770	0x1405d5430	3	0	-1	0	0x40
0x140513208	0x1405d6430	3	0x14050d6e0	0x1405d5410	0	0	-1	0	0x40
0x140513208	0x1405d6430	4	0x14050d798	0x1405d53f0	0	96	-1	0	0x40
0x140513208	0x1405d6430	5	0x14050d7c0	0x1405d5450	0	208	-1	0	0x40
0x140513208	0x1405d6430	6	0x14050f570	0x1405d5bf8	0	272	-1	0	0x40
0x140513208	0x1405d6430	7	0x140510b08	0x1405d5688	1	384	-1	0	0x40
0x140513208	0x1405d6430	8	0x140510b30	0x1405d5668	0	384	-1	0	0x40
0x140513208	0x1405d6430	9	0x1405114d0	0x1405d56f8	2	592	-1	0	0x40
0x140513208	0x1405d6430	10	0x140510b58	0x1405d56d0	1	592	-1	0	0x40
0x140513208	0x1405d6430	11	0x140510b80	0x1405d56a8	0	592	-1	0	0x40
0x1405133a0	0x1405d6450	0	0x1405133f8	0x1405d6450	6	0	-1	0	0x40
0x1405133a0	0x1405d6450	1	0x14050f4f8	0x1405d5bd0	5	0	-1	0	0x40
0x1405133a0	0x1405d6450	2	0x14050d770	0x1405d5430	3	0	-1	0	0x40
0x1405133a0	0x1405d6450	3	0x14050d6e0	0x1405d5410	0	0	-1	0	0x40
0x1405133a0	0x1405d6450	4	0x14050d798	0x1405d53f0	0	96	-1	0	0x40
0x1405133a0	0x1405d6450	5	0x14050d7c0	0x1405d5450	0	208	-1	0	0x40
0x1405133a0	0x1405d6450	6	0x14050f570	0x1405d5bf8	0	272	-1	0	0x40
0x1405134c0	0x1405d6478	0	0x140513518	0x1405d6478	6	0	-1	0	0x40
0x1405134c0	0x1405d6478	1	0x14050f4f8	0x1405d5bd0	5	0	-1	0	0x40
0x1405134c0	0x1405d6478	2	0x14050d770	0x1405d5430	3	0	-1	0	0x40
0x1405134c0	0x1405d6478	3	0x14050d6e0	0x1405d5410	0	0	-1	0	0x40
0x1405134c0	0x1405d6478	4	0x14050d798	0x1405d53f0	0	96	-1	0	0x40
0x1405134c0	0x1405d6478	5	0x14050d7c0	0x1405d5450	0	208	-1	0	0x40
0x1405134c0	0x1405d6478	6	0x14050f570	0x1405d5bf8	0	272	-1	0	0x40
0x1405135e0	0x1405d64a0	0	0x140513668	0x1405d64a0	11	0	-1	0	0x40
0x1405135e0	0x1405d64a0	1	0x14050f4f8	0x1405d5bd0	5	0	-1	0	0x40
0x1405135e0	0x1405d64a0	2	0x14050d770	0x1405d5430	3	0	-1	0	0x40
0x1405135e0	0x1405d64a0	3	0x14050d6e0	0x1405d5410	0	0	-1	0	0x40
0x1405135e0	0x1405d64a0	4	0x14050d798	0x1405d53f0	0	96	-1	0	0x40
0x1405135e0	0x1405d64a0	5	0x14050d7c0	0x1405d5450	0	208	-1	0	0x40
0x1405135e0	0x1405d64a0	6	0x14050f570	0x1405d5bf8	0	272	-1	0	0x40
0x1405135e0	0x1405d64a0	7	0x140510b08	0x1405d5688	1	384	-1	0	0x40
0x1405135e0	0x1405d64a0	8	0x140510b30	0x1405d5668	0	384	-1	0	0x40
0x1405135e0	0x1405d64a0	9	0x1405114d0	0x1405d56f8	2	592	-1	0	0x40
0x1405135e0	0x1405d64a0	10	0x140510b58	0x1405d56d0	1	592	-1	0	0x40
0x1405135e0	0x1405d64a0	11	0x140510b80	0x1405d56a8	0	592	-1	0	0x40
0x140513780	0x1405d64c0	0	0x140513808	0x1405d64c0	11	0	-1	0	0x40
0x140513780	0x1405d64c0	1	0x14050f4f8	0x1405d5bd0	5	0	-1	0	0x40
0x140513780	0x1405d64c0	2	0x14050d770	0x1405d5430	3	0	-1	0	0x40
0x140513780	0x1405d64c0	3	0x14050d6e0	0x1405d5410	0	0	-1	0	0x40
0x140513780	0x1405d64c0	4	0x14050d798	0x1405d53f0	0	96	-1	0	0x40
0x140513780	0x1405d64c0	5	0x14050d7c0	0x1405d5450	0	208	-1	0	0x40
0x140513780	0x1405d64c0	6	0x14050f570	0x1405d5bf8	0	272	-1	0	0x40
0x140513780	0x1405d64c0	7	0x140510b08	0x1405d5688	1	384	-1	0	0x40
0x140513780	0x1405d64c0	8	0x140510b30	0x1405d5668	0	384	-1	0	0x40
0x140513780	0x1405d64c0	9	0x1405114d0	0x1405d56f8	2	592	-1	0	0x40
0x140513780	0x1405d64c0	10	0x140510b58	0x1405d56d0	1	592	-1	0	0x40
0x140513780	0x1405d64c0	11	0x140510b80	0x1405d56a8	0	592	-1	0	0x40
0x140513920	0x1405d64e0	0	0x140513988	0x1405d64e0	7	0	-1	0	0x40
0x140513920	0x1405d64e0	1	0x1405139b0	0x1405d6508	6	0	-1	0	0x40
0x140513920	0x1405d64e0	2	0x14050f4f8	0x1405d5bd0	5	0	-1	0	0x40
0x140513920	0x1405d64e0	3	0x14050d770	0x1405d5430	3	0	-1	0	0x40
0x140513920	0x1405d64e0	4	0x14050d6e0	0x1405d5410	0	0	-1	0	0x40
0x140513920	0x1405d64e0	5	0x14050d798	0x1405d53f0	0	96	-1	0	0x40
0x140513920	0x1405d64e0	6	0x14050d7c0	0x1405d5450	0	208	-1	0	0x40
0x140513920	0x1405d64e0	7	0x14050f570	0x1405d5bf8	0	272	-1	0	0x40
0x1405139d8	0x1405d6508	0	0x1405139b0	0x1405d6508	6	0	-1	0	0x40
0x1405139d8	0x1405d6508	1	0x14050f4f8	0x1405d5bd0	5	0	-1	0	0x40
0x1405139d8	0x1405d6508	2	0x14050d770	0x1405d5430	3	0	-1	0	0x40
0x1405139d8	0x1405d6508	3	0x14050d6e0	0x1405d5410	0	0	-1	0	0x40
0x1405139d8	0x1405d6508	4	0x14050d798	0x1405d53f0	0	96	-1	0	0x40
0x1405139d8	0x1405d6508	5	0x14050d7c0	0x1405d5450	0	208	-1	0	0x40
0x1405139d8	0x1405d6508	6	0x14050f570	0x1405d5bf8	0	272	-1	0	0x40
0x140513ad0	0x1405d6528	0	0x140513b20	0x1405d6528	5	0	-1	0	0x40
0x140513ad0	0x1405d6528	1	0x14050f7a0	0x1405d5c70	4	0	-1	0	0x40
0x140513ad0	0x1405d6528	2	0x14050d770	0x1405d5430	3	0	-1	0	0x40
0x140513ad0	0x1405d6528	3	0x14050d6e0	0x1405d5410	0	0	-1	0	0x40
0x140513ad0	0x1405d6528	4	0x14050d798	0x1405d53f0	0	96	-1	0	0x40
0x140513ad0	0x1405d6528	5	0x14050d7c0	0x1405d5450	0	208	-1	0	0x40
0x140513bc0	0x1405d6550	0	0x140513c10	0x1405d6550	5	0	-1	0	0x40
0x140513bc0	0x1405d6550	1	0x14050f7a0	0x1405d5c70	4	0	-1	0	0x40
0x140513bc0	0x1405d6550	2	0x14050d770	0x1405d5430	3	0	-1	0	0x40
0x140513bc0	0x1405d6550	3	0x14050d6e0	0x1405d5410	0	0	-1	0	0x40
0x140513bc0	0x1405d6550	4	0x14050d798	0x1405d53f0	0	96	-1	0	0x40
0x140513bc0	0x1405d6550	5	0x14050d7c0	0x1405d5450	0	208	-1	0	0x40
0x140513cb0	0x1405d6578	0	0x140513d00	0x1405d6578	5	0	-1	0	0x40
0x140513cb0	0x1405d6578	1	0x14050f7a0	0x1405d5c70	4	0	-1	0	0x40
0x140513cb0	0x1405d6578	2	0x14050d770	0x1405d5430	3	0	-1	0	0x40
0x140513cb0	0x1405d6578	3	0x14050d6e0	0x1405d5410	0	0	-1	0	0x40
0x140513cb0	0x1405d6578	4	0x14050d798	0x1405d53f0	0	96	-1	0	0x40
0x140513cb0	0x1405d6578	5	0x14050d7c0	0x1405d5450	0	208	-1	0	0x40
0x140513da0	0x1405d65a0	0	0x140513df0	0x1405d65a0	5	0	-1	0	0x40
0x140513da0	0x1405d65a0	1	0x14050f7a0	0x1405d5c70	4	0	-1	0	0x40
0x140513da0	0x1405d65a0	2	0x14050d770	0x1405d5430	3	0	-1	0	0x40
0x140513da0	0x1405d65a0	3	0x14050d6e0	0x1405d5410	0	0	-1	0	0x40
0x140513da0	0x1405d65a0	4	0x14050d798	0x1405d53f0	0	96	-1	0	0x40
0x140513da0	0x1405d65a0	5	0x14050d7c0	0x1405d5450	0	208	-1	0	0x40
0x140513e90	0x1405d65c8	0	0x140513ee0	0x1405d65c8	5	0	-1	0	0x40
0x140513e90	0x1405d65c8	1	0x14050f7a0	0x1405d5c70	4	0	-1	0	0x40
0x140513e90	0x1405d65c8	2	0x14050d770	0x1405d5430	3	0	-1	0	0x40
0x140513e90	0x1405d65c8	3	0x14050d6e0	0x1405d5410	0	0	-1	0	0x40
0x140513e90	0x1405d65c8	4	0x14050d798	0x1405d53f0	0	96	-1	0	0x40
0x140513e90	0x1405d65c8	5	0x14050d7c0	0x1405d5450	0	208	-1	0	0x40
0x140513f80	0x1405d65f0	0	0x140513fd0	0x1405d65f0	5	0	-1	0	0x40
0x140513f80	0x1405d65f0	1	0x14050f7a0	0x1405d5c70	4	0	-1	0	0x40
0x140513f80	0x1405d65f0	2	0x14050d770	0x1405d5430	3	0	-1	0	0x40
0x140513f80	0x1405d65f0	3	0x14050d6e0	0x1405d5410	0	0	-1	0	0x40
0x140513f80	0x1405d65f0	4	0x14050d798	0x1405d53f0	0	96	-1	0	0x40
0x140513f80	0x1405d65f0	5	0x14050d7c0	0x1405d5450	0	208	-1	0	0x40
0x140514070	0x1405d6618	0	0x1405140c0	0x1405d6618	5	0	-1	0	0x40
0x140514070	0x1405d6618	1	0x14050f7a0	0x1405d5c70	4	0	-1	0	0x40
0x140514070	0x1405d6618	2	0x14050d770	0x1405d5430	3	0	-1	0	0x40
0x140514070	0x1405d6618	3	0x14050d6e0	0x1405d5410	0	0	-1	0	0x40
0x140514070	0x1405d6618	4	0x14050d798	0x1405d53f0	0	96	-1	0	0x40
0x140514070	0x1405d6618	5	0x14050d7c0	0x1405d5450	0	208	-1	0	0x40
0x140514160	0x1405d6640	0	0x1405141e8	0x1405d6640	11	0	-1	0	0x40
0x140514160	0x1405d6640	1	0x14050f4f8	0x1405d5bd0	5	0	-1	0	0x40
0x140514160	0x1405d6640	2	0x14050d770	0x1405d5430	3	0	-1	0	0x40
0x140514160	0x1405d6640	3	0x14050d6e0	0x1405d5410	0	0	-1	0	0x40
0x140514160	0x1405d6640	4	0x14050d798	0x1405d53f0	0	96	-1	0	0x40
0x140514160	0x1405d6640	5	0x14050d7c0	0x1405d5450	0	208	-1	0	0x40
0x140514160	0x1405d6640	6	0x14050f570	0x1405d5bf8	0	272	-1	0	0x40
0x140514160	0x1405d6640	7	0x140510b08	0x1405d5688	1	384	-1	0	0x40
0x140514160	0x1405d6640	8	0x140510b30	0x1405d5668	0	384	-1	0	0x40
0x140514160	0x1405d6640	9	0x1405114d0	0x1405d56f8	2	592	-1	0	0x40
0x140514160	0x1405d6640	10	0x140510b58	0x1405d56d0	1	592	-1	0	0x40
0x140514160	0x1405d6640	11	0x140510b80	0x1405d56a8	0	592	-1	0	0x40
0x140514300	0x1405d6660	0	0x140514390	0x1405d6660	12	0	-1	0	0x40
0x140514300	0x1405d6660	1	0x1405141e8	0x1405d6640	11	0	-1	0	0x40
0x140514300	0x1405d6660	2	0x14050f4f8	0x1405d5bd0	5	0	-1	0	0x40
0x140514300	0x1405d6660	3	0x14050d770	0x1405d5430	3	0	-1	0	0x40
0x140514300	0x1405d6660	4	0x14050d6e0	0x1405d5410	0	0	-1	0	0x40
0x140514300	0x1405d6660	5	0x14050d798	0x1405d53f0	0	96	-1	0	0x40
0x140514300	0x1405d6660	6	0x14050d7c0	0x1405d5450	0	208	-1	0	0x40
0x140514300	0x1405d6660	7	0x14050f570	0x1405d5bf8	0	272	-1	0	0x40
0x140514300	0x1405d6660	8	0x140510b08	0x1405d5688	1	384	-1	0	0x40
0x140514300	0x1405d6660	9	0x140510b30	0x1405d5668	0	384	-1	0	0x40
0x140514300	0x1405d6660	10	0x1405114d0	0x1405d56f8	2	592	-1	0	0x40
0x140514300	0x1405d6660	11	0x140510b58	0x1405d56d0	1	592	-1	0	0x40
0x140514300	0x1405d6660	12	0x140510b80	0x1405d56a8	0	592	-1	0	0x40
0x1405144a8	0x1405d6688	0	0x1405144f8	0x1405d6688	5	0	-1	0	0x40
0x1405144a8	0x1405d6688	1	0x14050f7a0	0x1405d5c70	4	0	-1	0	0x40
0x1405144a8	0x1405d6688	2	0x14050d770	0x1405d5430	3	0	-1	0	0x40
0x1405144a8	0x1405d6688	3	0x14050d6e0	0x1405d5410	0	0	-1	0	0x40
0x1405144a8	0x1405d6688	4	0x14050d798	0x1405d53f0	0	96	-1	0	0x40
0x1405144a8	0x1405d6688	5	0x14050d7c0	0x1405d5450	0	208	-1	0	0x40
0x140514598	0x1405d66b0	0	0x1405145e8	0x1405d66b0	5	0	-1	0	0x40
0x140514598	0x1405d66b0	1	0x14050f7a0	0x1405d5c70	4	0	-1	0	0x40
0x140514598	0x1405d66b0	2	0x14050d770	0x1405d5430	3	0	-1	0	0x40
0x140514598	0x1405d66b0	3	0x14050d6e0	0x1405d5410	0	0	-1	0	0x40
0x140514598	0x1405d66b0	4	0x14050d798	0x1405d53f0	0	96	-1	0	0x40
0x140514598	0x1405d66b0	5	0x14050d7c0	0x1405d5450	0	208	-1	0	0x40
0x140514688	0x1405d66d8	0	0x1405146d8	0x1405d66d8	5	0	-1	0	0x40
0x140514688	0x1405d66d8	1	0x14050f7a0	0x1405d5c70	4	0	-1	0	0x40
0x140514688	0x1405d66d8	2	0x14050d770	0x1405d5430	3	0	-1	0	0x40
0x140514688	0x1405d66d8	3	0x14050d6e0	0x1405d5410	0	0	-1	0	0x40
0x140514688	0x1405d66d8	4	0x14050d798	0x1405d53f0	0	96	-1	0	0x40
0x140514688	0x1405d66d8	5	0x14050d7c0	0x1405d5450	0	208	-1	0	0x40
0x140514778	0x1405d6700	0	0x1405147c8	0x1405d6700	5	0	-1	0	0x40
0x140514778	0x1405d6700	1	0x14050f7a0	0x1405d5c70	4	0	-1	0	0x40
0x140514778	0x1405d6700	2	0x14050d770	0x1405d5430	3	0	-1	0	0x40
0x140514778	0x1405d6700	3	0x14050d6e0	0x1405d5410	0	0	-1	0	0x40
0x140514778	0x1405d6700	4	0x14050d798	0x1405d53f0	0	96	-1	0	0x40
0x140514778	0x1405d6700	5	0x14050d7c0	0x1405d5450	0	208	-1	0	0x40
0x140514868	0x1405d6728	0	0x1405148b8	0x1405d6728	5	0	-1	0	0x40
0x140514868	0x1405d6728	1	0x14050f7a0	0x1405d5c70	4	0	-1	0	0x40
0x140514868	0x1405d6728	2	0x14050d770	0x1405d5430	3	0	-1	0	0x40
0x140514868	0x1405d6728	3	0x14050d6e0	0x1405d5410	0	0	-1	0	0x40
0x140514868	0x1405d6728	4	0x14050d798	0x1405d53f0	0	96	-1	0	0x40
0x140514868	0x1405d6728	5	0x14050d7c0	0x1405d5450	0	208	-1	0	0x40
0x140514958	0x1405d6750	0	0x1405149a8	0x1405d6750	5	0	-1	0	0x40
0x140514958	0x1405d6750	1	0x14050f7a0	0x1405d5c70	4	0	-1	0	0x40
0x140514958	0x1405d6750	2	0x14050d770	0x1405d5430	3	0	-1	0	0x40
0x140514958	0x1405d6750	3	0x14050d6e0	0x1405d5410	0	0	-1	0	0x40
0x140514958	0x1405d6750	4	0x14050d798	0x1405d53f0	0	96	-1	0	0x40
0x140514958	0x1405d6750	5	0x14050d7c0	0x1405d5450	0	208	-1	0	0x40
0x140514a48	0x1405d6778	0	0x140514ac8	0x1405d6778	11	0	-1	0	0x40
0x140514a48	0x1405d6778	1	0x14050f4f8	0x1405d5bd0	5	0	-1	0	0x40
0x140514a48	0x1405d6778	2	0x14050d770	0x1405d5430	3	0	-1	0	0x40
0x140514a48	0x1405d6778	3	0x14050d6e0	0x1405d5410	0	0	-1	0	0x40
0x140514a48	0x1405d6778	4	0x14050d798	0x1405d53f0	0	96	-1	0	0x40
0x140514a48	0x1405d6778	5	0x14050d7c0	0x1405d5450	0	208	-1	0	0x40
0x140514a48	0x1405d6778	6	0x14050f570	0x1405d5bf8	0	272	-1	0	0x40
0x140514a48	0x1405d6778	7	0x140510b08	0x1405d5688	1	384	-1	0	0x40
0x140514a48	0x1405d6778	8	0x140510b30	0x1405d5668	0	384	-1	0	0x40
0x140514a48	0x1405d6778	9	0x1405114d0	0x1405d56f8	2	592	-1	0	0x40
0x140514a48	0x1405d6778	10	0x140510b58	0x1405d56d0	1	592	-1	0	0x40
0x140514a48	0x1405d6778	11	0x140510b80	0x1405d56a8	0	592	-1	0	0x40
0x140514be0	0x1405d6798	0	0x140514c30	0x1405d6798	5	0	-1	0	0x40
0x140514be0	0x1405d6798	1	0x14050f7a0	0x1405d5c70	4	0	-1	0	0x40
0x140514be0	0x1405d6798	2	0x14050d770	0x1405d5430	3	0	-1	0	0x40
0x140514be0	0x1405d6798	3	0x14050d6e0	0x1405d5410	0	0	-1	0	0x40
0x140514be0	0x1405d6798	4	0x14050d798	0x1405d53f0	0	96	-1	0	0x40
0x140514be0	0x1405d6798	5	0x14050d7c0	0x1405d5450	0	208	-1	0	0x40
0x140514cd0	0x1405d67c0	0	0x140514d20	0x1405d67c0	5	0	-1	0	0x40
0x140514cd0	0x1405d67c0	1	0x14050f7a0	0x1405d5c70	4	0	-1	0	0x40
0x140514cd0	0x1405d67c0	2	0x14050d770	0x1405d5430	3	0	-1	0	0x40
0x140514cd0	0x1405d67c0	3	0x14050d6e0	0x1405d5410	0	0	-1	0	0x40
0x140514cd0	0x1405d67c0	4	0x14050d798	0x1405d53f0	0	96	-1	0	0x40
0x140514cd0	0x1405d67c0	5	0x14050d7c0	0x1405d5450	0	208	-1	0	0x40
0x140514dc0	0x1405d67e8	0	0x140514e48	0x1405d67e8	11	0	-1	0	0x40
0x140514dc0	0x1405d67e8	1	0x14050f4f8	0x1405d5bd0	5	0	-1	0	0x40
0x140514dc0	0x1405d67e8	2	0x14050d770	0x1405d5430	3	0	-1	0	0x40
0x140514dc0	0x1405d67e8	3	0x14050d6e0	0x1405d5410	0	0	-1	0	0x40
0x140514dc0	0x1405d67e8	4	0x14050d798	0x1405d53f0	0	96	-1	0	0x40
0x140514dc0	0x1405d67e8	5	0x14050d7c0	0x1405d5450	0	208	-1	0	0x40
0x140514dc0	0x1405d67e8	6	0x14050f570	0x1405d5bf8	0	272	-1	0	0x40
0x140514dc0	0x1405d67e8	7	0x140510b08	0x1405d5688	1	384	-1	0	0x40
0x140514dc0	0x1405d67e8	8	0x140510b30	0x1405d5668	0	384	-1	0	0x40
0x140514dc0	0x1405d67e8	9	0x1405114d0	0x1405d56f8	2	592	-1	0	0x40
0x140514dc0	0x1405d67e8	10	0x140510b58	0x1405d56d0	1	592	-1	0	0x40
0x140514dc0	0x1405d67e8	11	0x140510b80	0x1405d56a8	0	592	-1	0	0x40
0x140514f60	0x1405d6808	0	0x140514fb8	0x1405d6808	6	0	-1	0	0x40
0x140514f60	0x1405d6808	1	0x14050f4f8	0x1405d5bd0	5	0	-1	0	0x40
0x140514f60	0x1405d6808	2	0x14050d770	0x1405d5430	3	0	-1	0	0x40
0x140514f60	0x1405d6808	3	0x14050d6e0	0x1405d5410	0	0	-1	0	0x40
0x140514f60	0x1405d6808	4	0x14050d798	0x1405d53f0	0	96	-1	0	0x40
0x140514f60	0x1405d6808	5	0x14050d7c0	0x1405d5450	0	208	-1	0	0x40
0x140514f60	0x1405d6808	6	0x14050f570	0x1405d5bf8	0	272	-1	0	0x40
0x140515080	0x1405d6830	0	0x1405150c0	0x1405d6830	3	0	-1	0	0x40
0x140515080	0x1405d6830	1	0x14050e668	0x1405d5810	2	0	-1	0	0x40
0x140515080	0x1405d6830	2	0x14050e5e0	0x1405d57f0	0	0	-1	0	0x40
0x140515080	0x1405d6830	3	0x14050e690	0x1405d5450	0	8	-1	0	0x40
0x140515138	0x1405d6858	0	0x1405151b8	0x1405d6858	11	0	-1	0	0x40
0x140515138	0x1405d6858	1	0x14050f4f8	0x1405d5bd0	5	0	-1	0	0x40
0x140515138	0x1405d6858	2	0x14050d770	0x1405d5430	3	0	-1	0	0x40
0x140515138	0x1405d6858	3	0x14050d6e0	0x1405d5410	0	0	-1	0	0x40
0x140515138	0x1405d6858	4	0x14050d798	0x1405d53f0	0	96	-1	0	0x40
0x140515138	0x1405d6858	5	0x14050d7c0	0x1405d5450	0	208	-1	0	0x40
0x140515138	0x1405d6858	6	0x14050f570	0x1405d5bf8	0	272	-1	0	0x40
0x140515138	0x1405d6858	7	0x140510b08	0x1405d5688	1	384	-1	0	0x40
0x140515138	0x1405d6858	8	0x140510b30	0x1405d5668	0	384	-1	0	0x40
0x140515138	0x1405d6858	9	0x1405114d0	0x1405d56f8	2	592	-1	0	0x40
0x140515138	0x1405d6858	10	0x140510b58	0x1405d56d0	1	592	-1	0	0x40
0x140515138	0x1405d6858	11	0x140510b80	0x1405d56a8	0	592	-1	0	0x40
0x1405152d0	0x1405d6878	0	0x140515320	0x1405d6878	5	0	-1	0	0x40
0x1405152d0	0x1405d6878	1	0x14050f7a0	0x1405d5c70	4	0	-1	0	0x40
0x1405152d0	0x1405d6878	2	0x14050d770	0x1405d5430	3	0	-1	0	0x40
0x1405152d0	0x1405d6878	3	0x14050d6e0	0x1405d5410	0	0	-1	0	0x40
0x1405152d0	0x1405d6878	4	0x14050d798	0x1405d53f0	0	96	-1	0	0x40
0x1405152d0	0x1405d6878	5	0x14050d7c0	0x1405d5450	0	208	-1	0	0x40
0x1405153c0	0x1405d68a0	0	0x140515410	0x1405d68a0	5	0	-1	0	0x40
0x1405153c0	0x1405d68a0	1	0x14050f7a0	0x1405d5c70	4	0	-1	0	0x40
0x1405153c0	0x1405d68a0	2	0x14050d770	0x1405d5430	3	0	-1	0	0x40
0x1405153c0	0x1405d68a0	3	0x14050d6e0	0x1405d5410	0	0	-1	0	0x40
0x1405153c0	0x1405d68a0	4	0x14050d798	0x1405d53f0	0	96	-1	0	0x40
0x1405153c0	0x1405d68a0	5	0x14050d7c0	0x1405d5450	0	208	-1	0	0x40
0x1405154b0	0x1405d68c8	0	0x140515538	0x1405d68c8	11	0	-1	0	0x40
0x1405154b0	0x1405d68c8	1	0x14050f4f8	0x1405d5bd0	5	0	-1	0	0x40
0x1405154b0	0x1405d68c8	2	0x14050d770	0x1405d5430	3	0	-1	0	0x40
0x1405154b0	0x1405d68c8	3	0x14050d6e0	0x1405d5410	0	0	-1	0	0x40
0x1405154b0	0x1405d68c8	4	0x14050d798	0x1405d53f0	0	96	-1	0	0x40
0x1405154b0	0x1405d68c8	5	0x14050d7c0	0x1405d5450	0	208	-1	0	0x40
0x1405154b0	0x1405d68c8	6	0x14050f570	0x1405d5bf8	0	272	-1	0	0x40
0x1405154b0	0x1405d68c8	7	0x140510b08	0x1405d5688	1	384	-1	0	0x40
0x1405154b0	0x1405d68c8	8	0x140510b30	0x1405d5668	0	384	-1	0	0x40
0x1405154b0	0x1405d68c8	9	0x1405114d0	0x1405d56f8	2	592	-1	0	0x40
0x1405154b0	0x1405d68c8	10	0x140510b58	0x1405d56d0	1	592	-1	0	0x40
0x1405154b0	0x1405d68c8	11	0x140510b80	0x1405d56a8	0	592	-1	0	0x40
0x140515650	0x1405d68e8	0	0x1405156d0	0x1405d68e8	10	0	-1	0	0x40
0x140515650	0x1405d68e8	1	0x14050f4f8	0x1405d5bd0	5	0	-1	0	0x40
0x140515650	0x1405d68e8	2	0x14050d770	0x1405d5430	3	0	-1	0	0x40
0x140515650	0x1405d68e8	3	0x14050d6e0	0x1405d5410	0	0	-1	0	0x40
0x140515650	0x1405d68e8	4	0x14050d798	0x1405d53f0	0	96	-1	0	0x40
0x140515650	0x1405d68e8	5	0x14050d7c0	0x1405d5450	0	208	-1	0	0x40
0x140515650	0x1405d68e8	6	0x14050f570	0x1405d5bf8	0	272	-1	0	0x40
0x140515650	0x1405d68e8	7	0x140510b08	0x1405d5688	1	384	-1	0	0x40
0x140515650	0x1405d68e8	8	0x140510b30	0x1405d5668	0	384	-1	0	0x40
0x140515650	0x1405d68e8	9	0x140510b58	0x1405d56d0	1	592	-1	0	0x40
0x140515650	0x1405d68e8	10	0x140510b80	0x1405d56a8	0	592	-1	0	0x40
0x1405157e8	0x1405d6908	0	0x140515838	0x1405d6908	5	0	-1	0	0x40
0x1405157e8	0x1405d6908	1	0x14050f7a0	0x1405d5c70	4	0	-1	0	0x40
0x1405157e8	0x1405d6908	2	0x14050d770	0x1405d5430	3	0	-1	0	0x40
0x1405157e8	0x1405d6908	3	0x14050d6e0	0x1405d5410	0	0	-1	0	0x40
0x1405157e8	0x1405d6908	4	0x14050d798	0x1405d53f0	0	96	-1	0	0x40
0x1405157e8	0x1405d6908	5	0x14050d7c0	0x1405d5450	0	208	-1	0	0x40
0x1405158d8	0x1405d6930	0	0x140515928	0x1405d6930	5	0	-1	0	0x40
0x1405158d8	0x1405d6930	1	0x14050f7a0	0x1405d5c70	4	0	-1	0	0x40
0x1405158d8	0x1405d6930	2	0x14050d770	0x1405d5430	3	0	-1	0	0x40
0x1405158d8	0x1405d6930	3	0x14050d6e0	0x1405d5410	0	0	-1	0	0x40
0x1405158d8	0x1405d6930	4	0x14050d798	0x1405d53f0	0	96	-1	0	0x40
0x1405158d8	0x1405d6930	5	0x14050d7c0	0x1405d5450	0	208	-1	0	0x40
0x1405159c8	0x1405d6958	0	0x140515a18	0x1405d6958	5	0	-1	0	0x40
0x1405159c8	0x1405d6958	1	0x14050f7a0	0x1405d5c70	4	0	-1	0	0x40
0x1405159c8	0x1405d6958	2	0x14050d770	0x1405d5430	3	0	-1	0	0x40
0x1405159c8	0x1405d6958	3	0x14050d6e0	0x1405d5410	0	0	-1	0	0x40
0x1405159c8	0x1405d6958	4	0x14050d798	0x1405d53f0	0	96	-1	0	0x40
0x1405159c8	0x1405d6958	5	0x14050d7c0	0x1405d5450	0	208	-1	0	0x40
0x140515ab8	0x1405d6980	0	0x140515b08	0x1405d6980	5	0	-1	0	0x40
0x140515ab8	0x1405d6980	1	0x14050f7a0	0x1405d5c70	4	0	-1	0	0x40
0x140515ab8	0x1405d6980	2	0x14050d770	0x1405d5430	3	0	-1	0	0x40
0x140515ab8	0x1405d6980	3	0x14050d6e0	0x1405d5410	0	0	-1	0	0x40
0x140515ab8	0x1405d6980	4	0x14050d798	0x1405d53f0	0	96	-1	0	0x40
0x140515ab8	0x1405d6980	5	0x14050d7c0	0x1405d5450	0	208	-1	0	0x40
0x140515ba8	0x1405d69a8	0	0x140515bf8	0x1405d69a8	5	0	-1	0	0x40
0x140515ba8	0x1405d69a8	1	0x14050f7a0	0x1405d5c70	4	0	-1	0	0x40
0x140515ba8	0x1405d69a8	2	0x14050d770	0x1405d5430	3	0	-1	0	0x40
0x140515ba8	0x1405d69a8	3	0x14050d6e0	0x1405d5410	0	0	-1	0	0x40
0x140515ba8	0x1405d69a8	4	0x14050d798	0x1405d53f0	0	96	-1	0	0x40
0x140515ba8	0x1405d69a8	5	0x14050d7c0	0x1405d5450	0	208	-1	0	0x40
0x140515c98	0x1405d69d0	0	0x140515ce8	0x1405d69d0	5	0	-1	0	0x40
0x140515c98	0x1405d69d0	1	0x14050f7a0	0x1405d5c70	4	0	-1	0	0x40
0x140515c98	0x1405d69d0	2	0x14050d770	0x1405d5430	3	0	-1	0	0x40
0x140515c98	0x1405d69d0	3	0x14050d6e0	0x1405d5410	0	0	-1	0	0x40
0x140515c98	0x1405d69d0	4	0x14050d798	0x1405d53f0	0	96	-1	0	0x40
0x140515c98	0x1405d69d0	5	0x14050d7c0	0x1405d5450	0	208	-1	0	0x40
0x140515d88	0x1405d69f8	0	0x140515e00	0x1405d69f8	10	0	-1	0	0x40
0x140515d88	0x1405d69f8	1	0x14050f4f8	0x1405d5bd0	5	0	-1	0	0x40
0x140515d88	0x1405d69f8	2	0x14050d770	0x1405d5430	3	0	-1	0	0x40
0x140515d88	0x1405d69f8	3	0x14050d6e0	0x1405d5410	0	0	-1	0	0x40
0x140515d88	0x1405d69f8	4	0x14050d798	0x1405d53f0	0	96	-1	0	0x40
0x140515d88	0x1405d69f8	5	0x14050d7c0	0x1405d5450	0	208	-1	0	0x40
0x140515d88	0x1405d69f8	6	0x14050f570	0x1405d5bf8	0	272	-1	0	0x40
0x140515d88	0x1405d69f8	7	0x140510b08	0x1405d5688	1	384	-1	0	0x40
0x140515d88	0x1405d69f8	8	0x140510b30	0x1405d5668	0	384	-1	0	0x40
0x140515d88	0x1405d69f8	9	0x140510b58	0x1405d56d0	1	592	-1	0	0x40
0x140515d88	0x1405d69f8	10	0x140510b80	0x1405d56a8	0	592	-1	0	0x40
0x140515f18	0x1405d6a18	0	0x140515f68	0x1405d6a18	5	0	-1	0	0x40
0x140515f18	0x1405d6a18	1	0x14050f7a0	0x1405d5c70	4	0	-1	0	0x40
0x140515f18	0x1405d6a18	2	0x14050d770	0x1405d5430	3	0	-1	0	0x40
0x140515f18	0x1405d6a18	3	0x14050d6e0	0x1405d5410	0	0	-1	0	0x40
0x140515f18	0x1405d6a18	4	0x14050d798	0x1405d53f0	0	96	-1	0	0x40
0x140515f18	0x1405d6a18	5	0x14050d7c0	0x1405d5450	0	208	-1	0	0x40
0x140516008	0x1405d6a40	0	0x140516058	0x1405d6a40	5	0	-1	0	0x40
0x140516008	0x1405d6a40	1	0x14050f7a0	0x1405d5c70	4	0	-1	0	0x40
0x140516008	0x1405d6a40	2	0x14050d770	0x1405d5430	3	0	-1	0	0x40
0x140516008	0x1405d6a40	3	0x14050d6e0	0x1405d5410	0	0	-1	0	0x40
0x140516008	0x1405d6a40	4	0x14050d798	0x1405d53f0	0	96	-1	0	0x40
0x140516008	0x1405d6a40	5	0x14050d7c0	0x1405d5450	0	208	-1	0	0x40
0x1405160f8	0x1405d6a68	0	0x140516148	0x1405d6a68	5	0	-1	0	0x40
0x1405160f8	0x1405d6a68	1	0x14050f7a0	0x1405d5c70	4	0	-1	0	0x40
0x1405160f8	0x1405d6a68	2	0x14050d770	0x1405d5430	3	0	-1	0	0x40
0x1405160f8	0x1405d6a68	3	0x14050d6e0	0x1405d5410	0	0	-1	0	0x40
0x1405160f8	0x1405d6a68	4	0x14050d798	0x1405d53f0	0	96	-1	0	0x40
0x1405160f8	0x1405d6a68	5	0x14050d7c0	0x1405d5450	0	208	-1	0	0x40
0x1405161e8	0x1405d6a90	0	0x140516268	0x1405d6a90	11	0	-1	0	0x40
0x1405161e8	0x1405d6a90	1	0x14050f4f8	0x1405d5bd0	5	0	-1	0	0x40
0x1405161e8	0x1405d6a90	2	0x14050d770	0x1405d5430	3	0	-1	0	0x40
0x1405161e8	0x1405d6a90	3	0x14050d6e0	0x1405d5410	0	0	-1	0	0x40
0x1405161e8	0x1405d6a90	4	0x14050d798	0x1405d53f0	0	96	-1	0	0x40
0x1405161e8	0x1405d6a90	5	0x14050d7c0	0x1405d5450	0	208	-1	0	0x40
0x1405161e8	0x1405d6a90	6	0x14050f570	0x1405d5bf8	0	272	-1	0	0x40
0x1405161e8	0x1405d6a90	7	0x140510b08	0x1405d5688	1	384	-1	0	0x40
0x1405161e8	0x1405d6a90	8	0x140510b30	0x1405d5668	0	384	-1	0	0x40
0x1405161e8	0x1405d6a90	9	0x1405114d0	0x1405d56f8	2	592	-1	0	0x40
0x1405161e8	0x1405d6a90	10	0x140510b58	0x1405d56d0	1	592	-1	0	0x40
0x1405161e8	0x1405d6a90	11	0x140510b80	0x1405d56a8	0	592	-1	0	0x40
0x140516380	0x1405d6ab0	0	0x140516400	0x1405d6ab0	10	0	-1	0	0x40
0x140516380	0x1405d6ab0	1	0x14050f4f8	0x1405d5bd0	5	0	-1	0	0x40
0x140516380	0x1405d6ab0	2	0x14050d770	0x1405d5430	3	0	-1	0	0x40
0x140516380	0x1405d6ab0	3	0x14050d6e0	0x1405d5410	0	0	-1	0	0x40
0x140516380	0x1405d6ab0	4	0x14050d798	0x1405d53f0	0	96	-1	0	0x40
0x140516380	0x1405d6ab0	5	0x14050d7c0	0x1405d5450	0	208	-1	0	0x40
0x140516380	0x1405d6ab0	6	0x14050f570	0x1405d5bf8	0	272	-1	0	0x40
0x140516380	0x1405d6ab0	7	0x140510b08	0x1405d5688	1	384	-1	0	0x40
0x140516380	0x1405d6ab0	8	0x140510b30	0x1405d5668	0	384	-1	0	0x40
0x140516380	0x1405d6ab0	9	0x140510b58	0x1405d56d0	1	592	-1	0	0x40
0x140516380	0x1405d6ab0	10	0x140510b80	0x1405d56a8	0	592	-1	0	0x40
0x140516518	0x1405d6ad8	0	0x140516568	0x1405d6ad8	5	0	-1	0	0x40
0x140516518	0x1405d6ad8	1	0x14050f7a0	0x1405d5c70	4	0	-1	0	0x40
0x140516518	0x1405d6ad8	2	0x14050d770	0x1405d5430	3	0	-1	0	0x40
0x140516518	0x1405d6ad8	3	0x14050d6e0	0x1405d5410	0	0	-1	0	0x40
0x140516518	0x1405d6ad8	4	0x14050d798	0x1405d53f0	0	96	-1	0	0x40
0x140516518	0x1405d6ad8	5	0x14050d7c0	0x1405d5450	0	208	-1	0	0x40
0x140516608	0x1405d6b00	0	0x140516658	0x1405d6b00	5	0	-1	0	0x40
0x140516608	0x1405d6b00	1	0x14050f7a0	0x1405d5c70	4	0	-1	0	0x40
0x140516608	0x1405d6b00	2	0x14050d770	0x1405d5430	3	0	-1	0	0x40
0x140516608	0x1405d6b00	3	0x14050d6e0	0x1405d5410	0	0	-1	0	0x40
0x140516608	0x1405d6b00	4	0x14050d798	0x1405d53f0	0	96	-1	0	0x40
0x140516608	0x1405d6b00	5	0x14050d7c0	0x1405d5450	0	208	-1	0	0x40
0x1405166f8	0x1405d6b28	0	0x140516748	0x1405d6b28	5	0	-1	0	0x40
0x1405166f8	0x1405d6b28	1	0x14050f7a0	0x1405d5c70	4	0	-1	0	0x40
0x1405166f8	0x1405d6b28	2	0x14050d770	0x1405d5430	3	0	-1	0	0x40
0x1405166f8	0x1405d6b28	3	0x14050d6e0	0x1405d5410	0	0	-1	0	0x40
0x1405166f8	0x1405d6b28	4	0x14050d798	0x1405d53f0	0	96	-1	0	0x40
0x1405166f8	0x1405d6b28	5	0x14050d7c0	0x1405d5450	0	208	-1	0	0x40
0x1405167e8	0x1405d6b50	0	0x140516838	0x1405d6b50	5	0	-1	0	0x40
0x1405167e8	0x1405d6b50	1	0x14050f7a0	0x1405d5c70	4	0	-1	0	0x40
0x1405167e8	0x1405d6b50	2	0x14050d770	0x1405d5430	3	0	-1	0	0x40
0x1405167e8	0x1405d6b50	3	0x14050d6e0	0x1405d5410	0	0	-1	0	0x40
0x1405167e8	0x1405d6b50	4	0x14050d798	0x1405d53f0	0	96	-1	0	0x40
0x1405167e8	0x1405d6b50	5	0x14050d7c0	0x1405d5450	0	208	-1	0	0x40
0x1405168d8	0x1405d6b78	0	0x140516928	0x1405d6b78	5	0	-1	0	0x40
0x1405168d8	0x1405d6b78	1	0x14050f7a0	0x1405d5c70	4	0	-1	0	0x40
0x1405168d8	0x1405d6b78	2	0x14050d770	0x1405d5430	3	0	-1	0	0x40
0x1405168d8	0x1405d6b78	3	0x14050d6e0	0x1405d5410	0	0	-1	0	0x40
0x1405168d8	0x1405d6b78	4	0x14050d798	0x1405d53f0	0	96	-1	0	0x40
0x1405168d8	0x1405d6b78	5	0x14050d7c0	0x1405d5450	0	208	-1	0	0x40
0x1405169c8	0x1405d6ba0	0	0x140516a18	0x1405d6ba0	5	0	-1	0	0x40
0x1405169c8	0x1405d6ba0	1	0x14050f7a0	0x1405d5c70	4	0	-1	0	0x40
0x1405169c8	0x1405d6ba0	2	0x14050d770	0x1405d5430	3	0	-1	0	0x40
0x1405169c8	0x1405d6ba0	3	0x14050d6e0	0x1405d5410	0	0	-1	0	0x40
0x1405169c8	0x1405d6ba0	4	0x14050d798	0x1405d53f0	0	96	-1	0	0x40
0x1405169c8	0x1405d6ba0	5	0x14050d7c0	0x1405d5450	0	208	-1	0	0x40
0x140516ab8	0x1405d6bc8	0	0x140516b08	0x1405d6bc8	5	0	-1	0	0x40
0x140516ab8	0x1405d6bc8	1	0x14050f7a0	0x1405d5c70	4	0	-1	0	0x40
0x140516ab8	0x1405d6bc8	2	0x14050d770	0x1405d5430	3	0	-1	0	0x40
0x140516ab8	0x1405d6bc8	3	0x14050d6e0	0x1405d5410	0	0	-1	0	0x40
0x140516ab8	0x1405d6bc8	4	0x14050d798	0x1405d53f0	0	96	-1	0	0x40
0x140516ab8	0x1405d6bc8	5	0x14050d7c0	0x1405d5450	0	208	-1	0	0x40
0x140516ba8	0x1405d6bf0	0	0x140516bf8	0x1405d6bf0	5	0	-1	0	0x40
0x140516ba8	0x1405d6bf0	1	0x14050f7a0	0x1405d5c70	4	0	-1	0	0x40
0x140516ba8	0x1405d6bf0	2	0x14050d770	0x1405d5430	3	0	-1	0	0x40
0x140516ba8	0x1405d6bf0	3	0x14050d6e0	0x1405d5410	0	0	-1	0	0x40
0x140516ba8	0x1405d6bf0	4	0x14050d798	0x1405d53f0	0	96	-1	0	0x40
0x140516ba8	0x1405d6bf0	5	0x14050d7c0	0x1405d5450	0	208	-1	0	0x40
0x140516c98	0x1405d6c18	0	0x140516ce8	0x1405d6c18	5	0	-1	0	0x40
0x140516c98	0x1405d6c18	1	0x14050f7a0	0x1405d5c70	4	0	-1	0	0x40
0x140516c98	0x1405d6c18	2	0x14050d770	0x1405d5430	3	0	-1	0	0x40
0x140516c98	0x1405d6c18	3	0x14050d6e0	0x1405d5410	0	0	-1	0	0x40
0x140516c98	0x1405d6c18	4	0x14050d798	0x1405d53f0	0	96	-1	0	0x40
0x140516c98	0x1405d6c18	5	0x14050d7c0	0x1405d5450	0	208	-1	0	0x40
0x140516d88	0x1405d6c40	0	0x140516dd8	0x1405d6c40	5	0	-1	0	0x40
0x140516d88	0x1405d6c40	1	0x14050f7a0	0x1405d5c70	4	0	-1	0	0x40
0x140516d88	0x1405d6c40	2	0x14050d770	0x1405d5430	3	0	-1	0	0x40
0x140516d88	0x1405d6c40	3	0x14050d6e0	0x1405d5410	0	0	-1	0	0x40
0x140516d88	0x1405d6c40	4	0x14050d798	0x1405d53f0	0	96	-1	0	0x40
0x140516d88	0x1405d6c40	5	0x14050d7c0	0x1405d5450	0	208	-1	0	0x40
0x140516e78	0x1405d6c68	0	0x140516ec8	0x1405d6c68	5	0	-1	0	0x40
0x140516e78	0x1405d6c68	1	0x14050f7a0	0x1405d5c70	4	0	-1	0	0x40
0x140516e78	0x1405d6c68	2	0x14050d770	0x1405d5430	3	0	-1	0	0x40
0x140516e78	0x1405d6c68	3	0x14050d6e0	0x1405d5410	0	0	-1	0	0x40
0x140516e78	0x1405d6c68	4	0x14050d798	0x1405d53f0	0	96	-1	0	0x40
0x140516e78	0x1405d6c68	5	0x14050d7c0	0x1405d5450	0	208	-1	0	0x40
0x140516f68	0x1405d6c90	0	0x140516fb8	0x1405d6c90	5	0	-1	0	0x40
0x140516f68	0x1405d6c90	1	0x14050f7a0	0x1405d5c70	4	0	-1	0	0x40
0x140516f68	0x1405d6c90	2	0x14050d770	0x1405d5430	3	0	-1	0	0x40
0x140516f68	0x1405d6c90	3	0x14050d6e0	0x1405d5410	0	0	-1	0	0x40
0x140516f68	0x1405d6c90	4	0x14050d798	0x1405d53f0	0	96	-1	0	0x40
0x140516f68	0x1405d6c90	5	0x14050d7c0	0x1405d5450	0	208	-1	0	0x40
0x140517058	0x1405d6cb8	0	0x1405170a8	0x1405d6cb8	5	0	-1	0	0x40
0x140517058	0x1405d6cb8	1	0x14050f7a0	0x1405d5c70	4	0	-1	0	0x40
0x140517058	0x1405d6cb8	2	0x14050d770	0x1405d5430	3	0	-1	0	0x40
0x140517058	0x1405d6cb8	3	0x14050d6e0	0x1405d5410	0	0	-1	0	0x40
0x140517058	0x1405d6cb8	4	0x14050d798	0x1405d53f0	0	96	-1	0	0x40
0x140517058	0x1405d6cb8	5	0x14050d7c0	0x1405d5450	0	208	-1	0	0x40
0x140517148	0x1405d6ce0	0	0x140517198	0x1405d6ce0	5	0	-1	0	0x40
0x140517148	0x1405d6ce0	1	0x14050f7a0	0x1405d5c70	4	0	-1	0	0x40
0x140517148	0x1405d6ce0	2	0x14050d770	0x1405d5430	3	0	-1	0	0x40
0x140517148	0x1405d6ce0	3	0x14050d6e0	0x1405d5410	0	0	-1	0	0x40
0x140517148	0x1405d6ce0	4	0x14050d798	0x1405d53f0	0	96	-1	0	0x40
0x140517148	0x1405d6ce0	5	0x14050d7c0	0x1405d5450	0	208	-1	0	0x40
0x140517238	0x1405d6d00	0	0x140517288	0x1405d6d00	5	0	-1	0	0x40
0x140517238	0x1405d6d00	1	0x14050f7a0	0x1405d5c70	4	0	-1	0	0x40
0x140517238	0x1405d6d00	2	0x14050d770	0x1405d5430	3	0	-1	0	0x40
0x140517238	0x1405d6d00	3	0x14050d6e0	0x1405d5410	0	0	-1	0	0x40
0x140517238	0x1405d6d00	4	0x14050d798	0x1405d53f0	0	96	-1	0	0x40
0x140517238	0x1405d6d00	5	0x14050d7c0	0x1405d5450	0	208	-1	0	0x40
0x140517328	0x1405d6d40	0	0x140517350	0x1405d6d40	0	0	-1	0	0x40
0x1405173a0	0x1405d6d70	0	0x1405173c8	0x1405d6d70	0	0	-1	0	0x40
0x140517418	0x1405d6d98	0	0x140517448	0x1405d6d98	1	0	-1	0	0x40
0x140517418	0x1405d6d98	1	0x1405173c8	0x1405d6d70	0	0	-1	0	0x40
0x140517498	0x1405d6dc0	0	0x1405174e8	0x1405d6dc0	5	0	-1	0	0x40
0x140517498	0x1405d6dc0	1	0x14050f7a0	0x1405d5c70	4	0	-1	0	0x40
0x140517498	0x1405d6dc0	2	0x14050d770	0x1405d5430	3	0	-1	0	0x40
0x140517498	0x1405d6dc0	3	0x14050d6e0	0x1405d5410	0	0	-1	0	0x40
0x140517498	0x1405d6dc0	4	0x14050d798	0x1405d53f0	0	96	-1	0	0x40
0x140517498	0x1405d6dc0	5	0x14050d7c0	0x1405d5450	0	208	-1	0	0x40
0x140517588	0x1405d6de8	0	0x1405175d8	0x1405d6de8	5	0	-1	0	0x40
0x140517588	0x1405d6de8	1	0x14050f7a0	0x1405d5c70	4	0	-1	0	0x40
0x140517588	0x1405d6de8	2	0x14050d770	0x1405d5430	3	0	-1	0	0x40
0x140517588	0x1405d6de8	3	0x14050d6e0	0x1405d5410	0	0	-1	0	0x40
0x140517588	0x1405d6de8	4	0x14050d798	0x1405d53f0	0	96	-1	0	0x40
0x140517588	0x1405d6de8	5	0x14050d7c0	0x1405d5450	0	208	-1	0	0x40
0x140517678	0x1405d6e10	0	0x1405176a8	0x1405d6e10	1	0	-1	0	0x40
0x140517678	0x1405d6e10	1	0x14050d6e0	0x1405d5410	0	0	-1	0	0x40
0x1405176f8	0x1405d6e38	0	0x140517720	0x1405d6e38	0	0	-1	0	0x40
0x140517770	0x1405d6e58	0	0x1405177a0	0x1405d6e58	1	0	-1	0	0x40
0x140517770	0x1405d6e58	1	0x140517720	0x1405d6e38	0	0	-1	0	0x40
0x1405177f0	0x1405d6e98	0	0x140517818	0x1405d6e98	0	0	-1	0	0x40
0x1405178c0	0x1405d6eb8	0	0x1405178f8	0x1405d6eb8	2	0	-1	0	0x40
0x1405178c0	0x1405d6eb8	1	0x140517870	0x1405d6e78	1	0	-1	0	0x40
0x1405178c0	0x1405d6eb8	2	0x14050d6e0	0x1405d5410	0	0	-1	0	0x40
0x140517948	0x1405d6ed8	0	0x140517980	0x1405d6ed8	2	0	-1	0	0x40
0x140517948	0x1405d6ed8	1	0x140517870	0x1405d6e78	1	0	-1	0	0x40
0x140517948	0x1405d6ed8	2	0x14050d6e0	0x1405d5410	0	0	-1	0	0x40
0x1405179d0	0x1405d6ef8	0	0x1405179f8	0x1405d6ef8	0	0	-1	0	0x40
0x140517b38	0x1405d6f20	0	0x140517b68	0x1405d6f20	1	0	-1	0	0x40
0x140517b38	0x1405d6f20	1	0x14050d6e0	0x1405d5410	0	0	-1	0	0x40
0x140517bb8	0x1405d6f50	0	0x140517be8	0x1405d6f50	1	0	-1	0	0x40
0x140517bb8	0x1405d6f50	1	0x14050d6e0	0x1405d5410	0	0	-1	0	0x40
0x140517d00	0x1405d6f80	0	0x140517d28	0x1405d6f80	0	0	-1	0	0x40
0x140517d78	0x1405d6fa8	0	0x140517da8	0x1405d6fa8	1	0	-1	0	0x40
0x140517d78	0x1405d6fa8	1	0x140517d28	0x1405d6f80	0	0	-1	0	0x40
0x140517df8	0x1405d6fd0	0	0x140517e48	0x1405d6fd0	5	0	-1	0	0x40
0x140517df8	0x1405d6fd0	1	0x14050f7a0	0x1405d5c70	4	0	-1	0	0x40
0x140517df8	0x1405d6fd0	2	0x14050d770	0x1405d5430	3	0	-1	0	0x40
0x140517df8	0x1405d6fd0	3	0x14050d6e0	0x1405d5410	0	0	-1	0	0x40
0x140517df8	0x1405d6fd0	4	0x14050d798	0x1405d53f0	0	96	-1	0	0x40
0x140517df8	0x1405d6fd0	5	0x14050d7c0	0x1405d5450	0	208	-1	0	0x40
0x140517ee8	0x1405d6ff8	0	0x140517f38	0x1405d6ff8	5	0	-1	0	0x40
0x140517ee8	0x1405d6ff8	1	0x14050f7a0	0x1405d5c70	4	0	-1	0	0x40
0x140517ee8	0x1405d6ff8	2	0x14050d770	0x1405d5430	3	0	-1	0	0x40
0x140517ee8	0x1405d6ff8	3	0x14050d6e0	0x1405d5410	0	0	-1	0	0x40
0x140517ee8	0x1405d6ff8	4	0x14050d798	0x1405d53f0	0	96	-1	0	0x40
0x140517ee8	0x1405d6ff8	5	0x14050d7c0	0x1405d5450	0	208	-1	0	0x40
0x140517fd8	0x1405d7020	0	0x140518028	0x1405d7020	5	0	-1	0	0x40
0x140517fd8	0x1405d7020	1	0x14050f7a0	0x1405d5c70	4	0	-1	0	0x40
0x140517fd8	0x1405d7020	2	0x14050d770	0x1405d5430	3	0	-1	0	0x40
0x140517fd8	0x1405d7020	3	0x14050d6e0	0x1405d5410	0	0	-1	0	0x40
0x140517fd8	0x1405d7020	4	0x14050d798	0x1405d53f0	0	96	-1	0	0x40
0x140517fd8	0x1405d7020	5	0x14050d7c0	0x1405d5450	0	208	-1	0	0x40
0x1405180c8	0x1405d7048	0	0x140518118	0x1405d7048	5	0	-1	0	0x40
0x1405180c8	0x1405d7048	1	0x14050f7a0	0x1405d5c70	4	0	-1	0	0x40
0x1405180c8	0x1405d7048	2	0x14050d770	0x1405d5430	3	0	-1	0	0x40
0x1405180c8	0x1405d7048	3	0x14050d6e0	0x1405d5410	0	0	-1	0	0x40
0x1405180c8	0x1405d7048	4	0x14050d798	0x1405d53f0	0	96	-1	0	0x40
0x1405180c8	0x1405d7048	5	0x14050d7c0	0x1405d5450	0	208	-1	0	0x40
0x1405181b8	0x1405d7070	0	0x140518208	0x1405d7070	5	0	-1	0	0x40
0x1405181b8	0x1405d7070	1	0x14050f7a0	0x1405d5c70	4	0	-1	0	0x40
0x1405181b8	0x1405d7070	2	0x14050d770	0x1405d5430	3	0	-1	0	0x40
0x1405181b8	0x1405d7070	3	0x14050d6e0	0x1405d5410	0	0	-1	0	0x40
0x1405181b8	0x1405d7070	4	0x14050d798	0x1405d53f0	0	96	-1	0	0x40
0x1405181b8	0x1405d7070	5	0x14050d7c0	0x1405d5450	0	208	-1	0	0x40
0x1405182a8	0x1405d7098	0	0x1405182f8	0x1405d7098	5	0	-1	0	0x40
0x1405182a8	0x1405d7098	1	0x14050f7a0	0x1405d5c70	4	0	-1	0	0x40
0x1405182a8	0x1405d7098	2	0x14050d770	0x1405d5430	3	0	-1	0	0x40
0x1405182a8	0x1405d7098	3	0x14050d6e0	0x1405d5410	0	0	-1	0	0x40
0x1405182a8	0x1405d7098	4	0x14050d798	0x1405d53f0	0	96	-1	0	0x40
0x1405182a8	0x1405d7098	5	0x14050d7c0	0x1405d5450	0	208	-1	0	0x40
0x140518398	0x1405d70c0	0	0x1405183e8	0x1405d70c0	5	0	-1	0	0x40
0x140518398	0x1405d70c0	1	0x14050f7a0	0x1405d5c70	4	0	-1	0	0x40
0x140518398	0x1405d70c0	2	0x14050d770	0x1405d5430	3	0	-1	0	0x40
0x140518398	0x1405d70c0	3	0x14050d6e0	0x1405d5410	0	0	-1	0	0x40
0x140518398	0x1405d70c0	4	0x14050d798	0x1405d53f0	0	96	-1	0	0x40
0x140518398	0x1405d70c0	5	0x14050d7c0	0x1405d5450	0	208	-1	0	0x40
0x140518488	0x1405d70e8	0	0x1405184d8	0x1405d70e8	5	0	-1	0	0x40
0x140518488	0x1405d70e8	1	0x14050f7a0	0x1405d5c70	4	0	-1	0	0x40
0x140518488	0x1405d70e8	2	0x14050d770	0x1405d5430	3	0	-1	0	0x40
0x140518488	0x1405d70e8	3	0x14050d6e0	0x1405d5410	0	0	-1	0	0x40
0x140518488	0x1405d70e8	4	0x14050d798	0x1405d53f0	0	96	-1	0	0x40
0x140518488	0x1405d70e8	5	0x14050d7c0	0x1405d5450	0	208	-1	0	0x40
0x140518578	0x1405d7110	0	0x1405185c8	0x1405d7110	5	0	-1	0	0x40
0x140518578	0x1405d7110	1	0x14050f7a0	0x1405d5c70	4	0	-1	0	0x40
0x140518578	0x1405d7110	2	0x14050d770	0x1405d5430	3	0	-1	0	0x40
0x140518578	0x1405d7110	3	0x14050d6e0	0x1405d5410	0	0	-1	0	0x40
0x140518578	0x1405d7110	4	0x14050d798	0x1405d53f0	0	96	-1	0	0x40
0x140518578	0x1405d7110	5	0x14050d7c0	0x1405d5450	0	208	-1	0	0x40
0x140518668	0x1405d7138	0	0x1405186b8	0x1405d7138	5	0	-1	0	0x40
0x140518668	0x1405d7138	1	0x14050f7a0	0x1405d5c70	4	0	-1	0	0x40
0x140518668	0x1405d7138	2	0x14050d770	0x1405d5430	3	0	-1	0	0x40
0x140518668	0x1405d7138	3	0x14050d6e0	0x1405d5410	0	0	-1	0	0x40
0x140518668	0x1405d7138	4	0x14050d798	0x1405d53f0	0	96	-1	0	0x40
0x140518668	0x1405d7138	5	0x14050d7c0	0x1405d5450	0	208	-1	0	0x40
0x140518758	0x1405d7160	0	0x1405187a8	0x1405d7160	5	0	-1	0	0x40
0x140518758	0x1405d7160	1	0x14050f7a0	0x1405d5c70	4	0	-1	0	0x40
0x140518758	0x1405d7160	2	0x14050d770	0x1405d5430	3	0	-1	0	0x40
0x140518758	0x1405d7160	3	0x14050d6e0	0x1405d5410	0	0	-1	0	0x40
0x140518758	0x1405d7160	4	0x14050d798	0x1405d53f0	0	96	-1	0	0x40
0x140518758	0x1405d7160	5	0x14050d7c0	0x1405d5450	0	208	-1	0	0x40
0x140518848	0x1405d7188	0	0x140518898	0x1405d7188	5	0	-1	0	0x40
0x140518848	0x1405d7188	1	0x14050f7a0	0x1405d5c70	4	0	-1	0	0x40
0x140518848	0x1405d7188	2	0x14050d770	0x1405d5430	3	0	-1	0	0x40
0x140518848	0x1405d7188	3	0x14050d6e0	0x1405d5410	0	0	-1	0	0x40
0x140518848	0x1405d7188	4	0x14050d798	0x1405d53f0	0	96	-1	0	0x40
0x140518848	0x1405d7188	5	0x14050d7c0	0x1405d5450	0	208	-1	0	0x40
0x140518938	0x1405d71b0	0	0x140518988	0x1405d71b0	5	0	-1	0	0x40
0x140518938	0x1405d71b0	1	0x14050f7a0	0x1405d5c70	4	0	-1	0	0x40
0x140518938	0x1405d71b0	2	0x14050d770	0x1405d5430	3	0	-1	0	0x40
0x140518938	0x1405d71b0	3	0x14050d6e0	0x1405d5410	0	0	-1	0	0x40
0x140518938	0x1405d71b0	4	0x14050d798	0x1405d53f0	0	96	-1	0	0x40
0x140518938	0x1405d71b0	5	0x14050d7c0	0x1405d5450	0	208	-1	0	0x40
0x140518a28	0x1405d71d8	0	0x140518a78	0x1405d71d8	5	0	-1	0	0x40
0x140518a28	0x1405d71d8	1	0x14050f7a0	0x1405d5c70	4	0	-1	0	0x40
0x140518a28	0x1405d71d8	2	0x14050d770	0x1405d5430	3	0	-1	0	0x40
0x140518a28	0x1405d71d8	3	0x14050d6e0	0x1405d5410	0	0	-1	0	0x40
0x140518a28	0x1405d71d8	4	0x14050d798	0x1405d53f0	0	96	-1	0	0x40
0x140518a28	0x1405d71d8	5	0x14050d7c0	0x1405d5450	0	208	-1	0	0x40
0x140518b18	0x1405d7200	0	0x140518b68	0x1405d7200	5	0	-1	0	0x40
0x140518b18	0x1405d7200	1	0x14050f7a0	0x1405d5c70	4	0	-1	0	0x40
0x140518b18	0x1405d7200	2	0x14050d770	0x1405d5430	3	0	-1	0	0x40
0x140518b18	0x1405d7200	3	0x14050d6e0	0x1405d5410	0	0	-1	0	0x40
0x140518b18	0x1405d7200	4	0x14050d798	0x1405d53f0	0	96	-1	0	0x40
0x140518b18	0x1405d7200	5	0x14050d7c0	0x1405d5450	0	208	-1	0	0x40
0x140518c08	0x1405d7228	0	0x140518c58	0x1405d7228	5	0	-1	0	0x40
0x140518c08	0x1405d7228	1	0x14050f7a0	0x1405d5c70	4	0	-1	0	0x40
0x140518c08	0x1405d7228	2	0x14050d770	0x1405d5430	3	0	-1	0	0x40
0x140518c08	0x1405d7228	3	0x14050d6e0	0x1405d5410	0	0	-1	0	0x40
0x140518c08	0x1405d7228	4	0x14050d798	0x1405d53f0	0	96	-1	0	0x40
0x140518c08	0x1405d7228	5	0x14050d7c0	0x1405d5450	0	208	-1	0	0x40
0x140518cf8	0x1405d7250	0	0x140518d48	0x1405d7250	5	0	-1	0	0x40
0x140518cf8	0x1405d7250	1	0x14050f7a0	0x1405d5c70	4	0	-1	0	0x40
0x140518cf8	0x1405d7250	2	0x14050d770	0x1405d5430	3	0	-1	0	0x40
0x140518cf8	0x1405d7250	3	0x14050d6e0	0x1405d5410	0	0	-1	0	0x40
0x140518cf8	0x1405d7250	4	0x14050d798	0x1405d53f0	0	96	-1	0	0x40
0x140518cf8	0x1405d7250	5	0x14050d7c0	0x1405d5450	0	208	-1	0	0x40
0x140518de8	0x1405d7278	0	0x140518e38	0x1405d7278	5	0	-1	0	0x40
0x140518de8	0x1405d7278	1	0x14050f7a0	0x1405d5c70	4	0	-1	0	0x40
0x140518de8	0x1405d7278	2	0x14050d770	0x1405d5430	3	0	-1	0	0x40
0x140518de8	0x1405d7278	3	0x14050d6e0	0x1405d5410	0	0	-1	0	0x40
0x140518de8	0x1405d7278	4	0x14050d798	0x1405d53f0	0	96	-1	0	0x40
0x140518de8	0x1405d7278	5	0x14050d7c0	0x1405d5450	0	208	-1	0	0x40
0x140518ed8	0x1405d72a0	0	0x140518f28	0x1405d72a0	5	0	-1	0	0x40
0x140518ed8	0x1405d72a0	1	0x14050f7a0	0x1405d5c70	4	0	-1	0	0x40
0x140518ed8	0x1405d72a0	2	0x14050d770	0x1405d5430	3	0	-1	0	0x40
0x140518ed8	0x1405d72a0	3	0x14050d6e0	0x1405d5410	0	0	-1	0	0x40
0x140518ed8	0x1405d72a0	4	0x14050d798	0x1405d53f0	0	96	-1	0	0x40
0x140518ed8	0x1405d72a0	5	0x14050d7c0	0x1405d5450	0	208	-1	0	0x40
0x140518fc8	0x1405d72c8	0	0x140519018	0x1405d72c8	5	0	-1	0	0x40
0x140518fc8	0x1405d72c8	1	0x14050f7a0	0x1405d5c70	4	0	-1	0	0x40
0x140518fc8	0x1405d72c8	2	0x14050d770	0x1405d5430	3	0	-1	0	0x40
0x140518fc8	0x1405d72c8	3	0x14050d6e0	0x1405d5410	0	0	-1	0	0x40
0x140518fc8	0x1405d72c8	4	0x14050d798	0x1405d53f0	0	96	-1	0	0x40
0x140518fc8	0x1405d72c8	5	0x14050d7c0	0x1405d5450	0	208	-1	0	0x40
0x1405190b8	0x1405d72f0	0	0x140519108	0x1405d72f0	5	0	-1	0	0x40
0x1405190b8	0x1405d72f0	1	0x14050f7a0	0x1405d5c70	4	0	-1	0	0x40
0x1405190b8	0x1405d72f0	2	0x14050d770	0x1405d5430	3	0	-1	0	0x40
0x1405190b8	0x1405d72f0	3	0x14050d6e0	0x1405d5410	0	0	-1	0	0x40
0x1405190b8	0x1405d72f0	4	0x14050d798	0x1405d53f0	0	96	-1	0	0x40
0x1405190b8	0x1405d72f0	5	0x14050d7c0	0x1405d5450	0	208	-1	0	0x40
0x1405191a8	0x1405d7318	0	0x1405191f8	0x1405d7318	5	0	-1	0	0x40
0x1405191a8	0x1405d7318	1	0x14050f7a0	0x1405d5c70	4	0	-1	0	0x40
0x1405191a8	0x1405d7318	2	0x14050d770	0x1405d5430	3	0	-1	0	0x40
0x1405191a8	0x1405d7318	3	0x14050d6e0	0x1405d5410	0	0	-1	0	0x40
0x1405191a8	0x1405d7318	4	0x14050d798	0x1405d53f0	0	96	-1	0	0x40
0x1405191a8	0x1405d7318	5	0x14050d7c0	0x1405d5450	0	208	-1	0	0x40
0x140519298	0x1405d7340	0	0x1405192c0	0x1405d7340	0	0	-1	0	0x40
0x140519310	0x1405d7370	0	0x140519338	0x1405d7370	0	0	-1	0	0x40
0x140519388	0x1405d7398	0	0x1405193e0	0x1405d7398	6	0	-1	0	0x40
0x140519388	0x1405d7398	1	0x140519408	0x1405d73b8	5	0	-1	0	0x40
0x140519388	0x1405d7398	2	0x14050d770	0x1405d5430	3	0	-1	0	0x40
0x140519388	0x1405d7398	3	0x14050d6e0	0x1405d5410	0	0	-1	0	0x40
0x140519388	0x1405d7398	4	0x14050d798	0x1405d53f0	0	96	-1	0	0x40
0x140519388	0x1405d7398	5	0x14050d7c0	0x1405d5450	0	208	-1	0	0x40
0x140519388	0x1405d7398	6	0x140519480	0x1405d73d8	0	272	-1	0	0x40
0x140519430	0x1405d73b8	0	0x140519408	0x1405d73b8	5	0	-1	0	0x40
0x140519430	0x1405d73b8	1	0x14050d770	0x1405d5430	3	0	-1	0	0x40
0x140519430	0x1405d73b8	2	0x14050d6e0	0x1405d5410	0	0	-1	0	0x40
0x140519430	0x1405d73b8	3	0x14050d798	0x1405d53f0	0	96	-1	0	0x40
0x140519430	0x1405d73b8	4	0x14050d7c0	0x1405d5450	0	208	-1	0	0x40
0x140519430	0x1405d73b8	5	0x140519480	0x1405d73d8	0	272	-1	0	0x40
0x1405194a8	0x1405d73d8	0	0x1405194d0	0x1405d73d8	0	0	-1	0	0x40
0x140519598	0x1405d73f8	0	0x1405195f0	0x1405d73f8	6	0	-1	0	0x40
0x140519598	0x1405d73f8	1	0x140519408	0x1405d73b8	5	0	-1	0	0x40
0x140519598	0x1405d73f8	2	0x14050d770	0x1405d5430	3	0	-1	0	0x40
0x140519598	0x1405d73f8	3	0x14050d6e0	0x1405d5410	0	0	-1	0	0x40
0x140519598	0x1405d73f8	4	0x14050d798	0x1405d53f0	0	96	-1	0	0x40
0x140519598	0x1405d73f8	5	0x14050d7c0	0x1405d5450	0	208	-1	0	0x40
0x140519598	0x1405d73f8	6	0x140519480	0x1405d73d8	0	272	-1	0	0x40
0x1405196b8	0x1405d7418	0	0x140519710	0x1405d7418	6	0	-1	0	0x40
0x1405196b8	0x1405d7418	1	0x140519408	0x1405d73b8	5	0	-1	0	0x40
0x1405196b8	0x1405d7418	2	0x14050d770	0x1405d5430	3	0	-1	0	0x40
0x1405196b8	0x1405d7418	3	0x14050d6e0	0x1405d5410	0	0	-1	0	0x40
0x1405196b8	0x1405d7418	4	0x14050d798	0x1405d53f0	0	96	-1	0	0x40
0x1405196b8	0x1405d7418	5	0x14050d7c0	0x1405d5450	0	208	-1	0	0x40
0x1405196b8	0x1405d7418	6	0x140519480	0x1405d73d8	0	272	-1	0	0x40
0x1405197d8	0x1405d7438	0	0x140519830	0x1405d7438	6	0	-1	0	0x40
0x1405197d8	0x1405d7438	1	0x140519408	0x1405d73b8	5	0	-1	0	0x40
0x1405197d8	0x1405d7438	2	0x14050d770	0x1405d5430	3	0	-1	0	0x40
0x1405197d8	0x1405d7438	3	0x14050d6e0	0x1405d5410	0	0	-1	0	0x40
0x1405197d8	0x1405d7438	4	0x14050d798	0x1405d53f0	0	96	-1	0	0x40
0x1405197d8	0x1405d7438	5	0x14050d7c0	0x1405d5450	0	208	-1	0	0x40
0x1405197d8	0x1405d7438	6	0x140519480	0x1405d73d8	0	272	-1	0	0x40
0x1405199c0	0x1405d7460	0	0x140519a08	0x1405d7460	4	0	-1	0	0x40
0x1405199c0	0x1405d7460	1	0x14050d770	0x1405d5430	3	0	-1	0	0x40
0x1405199c0	0x1405d7460	2	0x14050d6e0	0x1405d5410	0	0	-1	0	0x40
0x1405199c0	0x1405d7460	3	0x14050d798	0x1405d53f0	0	96	-1	0	0x40
0x1405199c0	0x1405d7460	4	0x14050d7c0	0x1405d5450	0	208	-1	0	0x40
0x140519aa8	0x1405d7488	0	0x140519af8	0x1405d7488	5	0	-1	0	0x40
0x140519aa8	0x1405d7488	1	0x140519a08	0x1405d7460	4	0	-1	0	0x40
0x140519aa8	0x1405d7488	2	0x14050d770	0x1405d5430	3	0	-1	0	0x40
0x140519aa8	0x1405d7488	3	0x14050d6e0	0x1405d5410	0	0	-1	0	0x40
0x140519aa8	0x1405d7488	4	0x14050d798	0x1405d53f0	0	96	-1	0	0x40
0x140519aa8	0x1405d7488	5	0x14050d7c0	0x1405d5450	0	208	-1	0	0x40
0x140519b98	0x1405d74b0	0	0x140519be8	0x1405d74b0	5	0	-1	0	0x40
0x140519b98	0x1405d74b0	1	0x140519a08	0x1405d7460	4	0	-1	0	0x40
0x140519b98	0x1405d74b0	2	0x14050d770	0x1405d5430	3	0	-1	0	0x40
0x140519b98	0x1405d74b0	3	0x14050d6e0	0x1405d5410	0	0	-1	0	0x40
0x140519b98	0x1405d74b0	4	0x14050d798	0x1405d53f0	0	96	-1	0	0x40
0x140519b98	0x1405d74b0	5	0x14050d7c0	0x1405d5450	0	208	-1	0	0x40
0x140519c88	0x1405d74d8	0	0x140519cd8	0x1405d74d8	5	0	-1	0	0x40
0x140519c88	0x1405d74d8	1	0x140519a08	0x1405d7460	4	0	-1	0	0x40
0x140519c88	0x1405d74d8	2	0x14050d770	0x1405d5430	3	0	-1	0	0x40
0x140519c88	0x1405d74d8	3	0x14050d6e0	0x1405d5410	0	0	-1	0	0x40
0x140519c88	0x1405d74d8	4	0x14050d798	0x1405d53f0	0	96	-1	0	0x40
0x140519c88	0x1405d74d8	5	0x14050d7c0	0x1405d5450	0	208	-1	0	0x40
0x140519d78	0x1405d7500	0	0x140519dc8	0x1405d7500	5	0	-1	0	0x40
0x140519d78	0x1405d7500	1	0x140519a08	0x1405d7460	4	0	-1	0	0x40
0x140519d78	0x1405d7500	2	0x14050d770	0x1405d5430	3	0	-1	0	0x40
0x140519d78	0x1405d7500	3	0x14050d6e0	0x1405d5410	0	0	-1	0	0x40
0x140519d78	0x1405d7500	4	0x14050d798	0x1405d53f0	0	96	-1	0	0x40
0x140519d78	0x1405d7500	5	0x14050d7c0	0x1405d5450	0	208	-1	0	0x40
0x140519e68	0x1405d7528	0	0x140519e98	0x1405d7528	1	0	-1	0	0x40
0x140519e68	0x1405d7528	1	0x14050d6e0	0x1405d5410	0	0	-1	0	0x40
0x140519ee8	0x1405d7548	0	0x140519f38	0x1405d7548	5	0	-1	0	0x40
0x140519ee8	0x1405d7548	1	0x140519a08	0x1405d7460	4	0	-1	0	0x40
0x140519ee8	0x1405d7548	2	0x14050d770	0x1405d5430	3	0	-1	0	0x40
0x140519ee8	0x1405d7548	3	0x14050d6e0	0x1405d5410	0	0	-1	0	0x40
0x140519ee8	0x1405d7548	4	0x14050d798	0x1405d53f0	0	96	-1	0	0x40
0x140519ee8	0x1405d7548	5	0x14050d7c0	0x1405d5450	0	208	-1	0	0x40
0x140519fd8	0x1405d7568	0	0x14051a028	0x1405d7568	5	0	-1	0	0x40
0x140519fd8	0x1405d7568	1	0x140519a08	0x1405d7460	4	0	-1	0	0x40
0x140519fd8	0x1405d7568	2	0x14050d770	0x1405d5430	3	0	-1	0	0x40
0x140519fd8	0x1405d7568	3	0x14050d6e0	0x1405d5410	0	0	-1	0	0x40
0x140519fd8	0x1405d7568	4	0x14050d798	0x1405d53f0	0	96	-1	0	0x40
0x140519fd8	0x1405d7568	5	0x14050d7c0	0x1405d5450	0	208	-1	0	0x40
0x14051a0c8	0x1405d7590	0	0x14051a118	0x1405d7590	5	0	-1	0	0x40
0x14051a0c8	0x1405d7590	1	0x140519a08	0x1405d7460	4	0	-1	0	0x40
0x14051a0c8	0x1405d7590	2	0x14050d770	0x1405d5430	3	0	-1	0	0x40
0x14051a0c8	0x1405d7590	3	0x14050d6e0	0x1405d5410	0	0	-1	0	0x40
0x14051a0c8	0x1405d7590	4	0x14050d798	0x1405d53f0	0	96	-1	0	0x40
0x14051a0c8	0x1405d7590	5	0x14050d7c0	0x1405d5450	0	208	-1	0	0x40
0x14051a1b8	0x1405d75b8	0	0x14051a208	0x1405d75b8	5	0	-1	0	0x40
0x14051a1b8	0x1405d75b8	1	0x140519a08	0x1405d7460	4	0	-1	0	0x40
0x14051a1b8	0x1405d75b8	2	0x14050d770	0x1405d5430	3	0	-1	0	0x40
0x14051a1b8	0x1405d75b8	3	0x14050d6e0	0x1405d5410	0	0	-1	0	0x40
0x14051a1b8	0x1405d75b8	4	0x14050d798	0x1405d53f0	0	96	-1	0	0x40
0x14051a1b8	0x1405d75b8	5	0x14050d7c0	0x1405d5450	0	208	-1	0	0x40
0x14051a2a8	0x1405d75e0	0	0x14051a2f8	0x1405d75e0	5	0	-1	0	0x40
0x14051a2a8	0x1405d75e0	1	0x140519a08	0x1405d7460	4	0	-1	0	0x40
0x14051a2a8	0x1405d75e0	2	0x14050d770	0x1405d5430	3	0	-1	0	0x40
0x14051a2a8	0x1405d75e0	3	0x14050d6e0	0x1405d5410	0	0	-1	0	0x40
0x14051a2a8	0x1405d75e0	4	0x14050d798	0x1405d53f0	0	96	-1	0	0x40
0x14051a2a8	0x1405d75e0	5	0x14050d7c0	0x1405d5450	0	208	-1	0	0x40
0x14051a398	0x1405d7610	0	0x14051a3e8	0x1405d7610	5	0	-1	0	0x40
0x14051a398	0x1405d7610	1	0x140519a08	0x1405d7460	4	0	-1	0	0x40
0x14051a398	0x1405d7610	2	0x14050d770	0x1405d5430	3	0	-1	0	0x40
0x14051a398	0x1405d7610	3	0x14050d6e0	0x1405d5410	0	0	-1	0	0x40
0x14051a398	0x1405d7610	4	0x14050d798	0x1405d53f0	0	96	-1	0	0x40
0x14051a398	0x1405d7610	5	0x14050d7c0	0x1405d5450	0	208	-1	0	0x40
0x14051a488	0x1405d7638	0	0x14051a4d8	0x1405d7638	5	0	-1	0	0x40
0x14051a488	0x1405d7638	1	0x140519a08	0x1405d7460	4	0	-1	0	0x40
0x14051a488	0x1405d7638	2	0x14050d770	0x1405d5430	3	0	-1	0	0x40
0x14051a488	0x1405d7638	3	0x14050d6e0	0x1405d5410	0	0	-1	0	0x40
0x14051a488	0x1405d7638	4	0x14050d798	0x1405d53f0	0	96	-1	0	0x40
0x14051a488	0x1405d7638	5	0x14050d7c0	0x1405d5450	0	208	-1	0	0x40
0x14051a578	0x1405d7660	0	0x14051a5c8	0x1405d7660	5	0	-1	0	0x40
0x14051a578	0x1405d7660	1	0x140519a08	0x1405d7460	4	0	-1	0	0x40
0x14051a578	0x1405d7660	2	0x14050d770	0x1405d5430	3	0	-1	0	0x40
0x14051a578	0x1405d7660	3	0x14050d6e0	0x1405d5410	0	0	-1	0	0x40
0x14051a578	0x1405d7660	4	0x14050d798	0x1405d53f0	0	96	-1	0	0x40
0x14051a578	0x1405d7660	5	0x14050d7c0	0x1405d5450	0	208	-1	0	0x40
0x14051a668	0x1405d7688	0	0x14051a6b8	0x1405d7688	5	0	-1	0	0x40
0x14051a668	0x1405d7688	1	0x140519a08	0x1405d7460	4	0	-1	0	0x40
0x14051a668	0x1405d7688	2	0x14050d770	0x1405d5430	3	0	-1	0	0x40
0x14051a668	0x1405d7688	3	0x14050d6e0	0x1405d5410	0	0	-1	0	0x40
0x14051a668	0x1405d7688	4	0x14050d798	0x1405d53f0	0	96	-1	0	0x40
0x14051a668	0x1405d7688	5	0x14050d7c0	0x1405d5450	0	208	-1	0	0x40
0x14051a758	0x1405d76b0	0	0x14051a7a8	0x1405d76b0	5	0	-1	0	0x40
0x14051a758	0x1405d76b0	1	0x140519a08	0x1405d7460	4	0	-1	0	0x40
0x14051a758	0x1405d76b0	2	0x14050d770	0x1405d5430	3	0	-1	0	0x40
0x14051a758	0x1405d76b0	3	0x14050d6e0	0x1405d5410	0	0	-1	0	0x40
0x14051a758	0x1405d76b0	4	0x14050d798	0x1405d53f0	0	96	-1	0	0x40
0x14051a758	0x1405d76b0	5	0x14050d7c0	0x1405d5450	0	208	-1	0	0x40
0x14051a848	0x1405d76d8	0	0x14051a878	0x1405d76d8	1	0	-1	0	0x40
0x14051a848	0x1405d76d8	1	0x14050d6e0	0x1405d5410	0	0	-1	0	0x40
0x14051a9f8	0x1405d7770	0	0x14051aa40	0x1405d7770	4	0	-1	0	0x40
0x14051a9f8	0x1405d7770	1	0x14051a940	0x1405d7720	3	0	-1	0	0x40
0x14051a9f8	0x1405d7770	2	0x14051a8d8	0x1405d7700	2	0	-1	0	0x40
0x14051a9f8	0x1405d7770	3	0x14051a878	0x1405d76d8	1	0	-1	0	0x40
0x14051a9f8	0x1405d7770	4	0x14050d6e0	0x1405d5410	0	0	-1	0	0x40
0x14051aa90	0x1405d7798	0	0x14051aad8	0x1405d7798	4	0	-1	0	0x40
0x14051aa90	0x1405d7798	1	0x14051a9a8	0x1405d7748	3	0	-1	0	0x40
0x14051aa90	0x1405d7798	2	0x14051a8d8	0x1405d7700	2	0	-1	0	0x40
0x14051aa90	0x1405d7798	3	0x14051a878	0x1405d76d8	1	0	-1	0	0x40
0x14051aa90	0x1405d7798	4	0x14050d6e0	0x1405d5410	0	0	-1	0	0x40
0x14051ab28	0x1405d77c0	0	0x14051ab70	0x1405d77c0	4	0	-1	0	0x40
0x14051ab28	0x1405d77c0	1	0x14051a940	0x1405d7720	3	0	-1	0	0x40
0x14051ab28	0x1405d77c0	2	0x14051a8d8	0x1405d7700	2	0	-1	0	0x40
0x14051ab28	0x1405d77c0	3	0x14051a878	0x1405d76d8	1	0	-1	0	0x40
0x14051ab28	0x1405d77c0	4	0x14050d6e0	0x1405d5410	0	0	-1	0	0x40
0x14051abc0	0x1405d77e8	0	0x14051ac08	0x1405d77e8	4	0	-1	0	0x40
0x14051abc0	0x1405d77e8	1	0x14051a9a8	0x1405d7748	3	0	-1	0	0x40
0x14051abc0	0x1405d77e8	2	0x14051a8d8	0x1405d7700	2	0	-1	0	0x40
0x14051abc0	0x1405d77e8	3	0x14051a878	0x1405d76d8	1	0	-1	0	0x40
0x14051abc0	0x1405d77e8	4	0x14050d6e0	0x1405d5410	0	0	-1	0	0x40
0x14051ac58	0x1405d7810	0	0x14051aca0	0x1405d7810	4	0	-1	0	0x40
0x14051ac58	0x1405d7810	1	0x14051a940	0x1405d7720	3	0	-1	0	0x40
0x14051ac58	0x1405d7810	2	0x14051a8d8	0x1405d7700	2	0	-1	0	0x40
0x14051ac58	0x1405d7810	3	0x14051a878	0x1405d76d8	1	0	-1	0	0x40
0x14051ac58	0x1405d7810	4	0x14050d6e0	0x1405d5410	0	0	-1	0	0x40
0x14051acf0	0x1405d7838	0	0x14051ad38	0x1405d7838	4	0	-1	0	0x40
0x14051acf0	0x1405d7838	1	0x14051a9a8	0x1405d7748	3	0	-1	0	0x40
0x14051acf0	0x1405d7838	2	0x14051a8d8	0x1405d7700	2	0	-1	0	0x40
0x14051acf0	0x1405d7838	3	0x14051a878	0x1405d76d8	1	0	-1	0	0x40
0x14051acf0	0x1405d7838	4	0x14050d6e0	0x1405d5410	0	0	-1	0	0x40
0x14051ad88	0x1405d7860	0	0x14051add0	0x1405d7860	4	0	-1	0	0x40
0x14051ad88	0x1405d7860	1	0x14051a940	0x1405d7720	3	0	-1	0	0x40
0x14051ad88	0x1405d7860	2	0x14051a8d8	0x1405d7700	2	0	-1	0	0x40
0x14051ad88	0x1405d7860	3	0x14051a878	0x1405d76d8	1	0	-1	0	0x40
0x14051ad88	0x1405d7860	4	0x14050d6e0	0x1405d5410	0	0	-1	0	0x40
0x14051ae20	0x1405d7888	0	0x14051ae68	0x1405d7888	4	0	-1	0	0x40
0x14051ae20	0x1405d7888	1	0x14051a9a8	0x1405d7748	3	0	-1	0	0x40
0x14051ae20	0x1405d7888	2	0x14051a8d8	0x1405d7700	2	0	-1	0	0x40
0x14051ae20	0x1405d7888	3	0x14051a878	0x1405d76d8	1	0	-1	0	0x40
0x14051ae20	0x1405d7888	4	0x14050d6e0	0x1405d5410	0	0	-1	0	0x40
0x14051aeb8	0x1405d78b0	0	0x14051af00	0x1405d78b0	4	0	-1	0	0x40
0x14051aeb8	0x1405d78b0	1	0x14051a940	0x1405d7720	3	0	-1	0	0x40
0x14051aeb8	0x1405d78b0	2	0x14051a8d8	0x1405d7700	2	0	-1	0	0x40
0x14051aeb8	0x1405d78b0	3	0x14051a878	0x1405d76d8	1	0	-1	0	0x40
0x14051aeb8	0x1405d78b0	4	0x14050d6e0	0x1405d5410	0	0	-1	0	0x40
0x14051af50	0x1405d78d8	0	0x14051af98	0x1405d78d8	4	0	-1	0	0x40
0x14051af50	0x1405d78d8	1	0x14051a9a8	0x1405d7748	3	0	-1	0	0x40
0x14051af50	0x1405d78d8	2	0x14051a8d8	0x1405d7700	2	0	-1	0	0x40
0x14051af50	0x1405d78d8	3	0x14051a878	0x1405d76d8	1	0	-1	0	0x40
0x14051af50	0x1405d78d8	4	0x14050d6e0	0x1405d5410	0	0	-1	0	0x40
0x14051afe8	0x1405d7900	0	0x14051b030	0x1405d7900	4	0	-1	0	0x40
0x14051afe8	0x1405d7900	1	0x14051a940	0x1405d7720	3	0	-1	0	0x40
0x14051afe8	0x1405d7900	2	0x14051a8d8	0x1405d7700	2	0	-1	0	0x40
0x14051afe8	0x1405d7900	3	0x14051a878	0x1405d76d8	1	0	-1	0	0x40
0x14051afe8	0x1405d7900	4	0x14050d6e0	0x1405d5410	0	0	-1	0	0x40
0x14051b080	0x1405d7928	0	0x14051b0c8	0x1405d7928	4	0	-1	0	0x40
0x14051b080	0x1405d7928	1	0x14051a9a8	0x1405d7748	3	0	-1	0	0x40
0x14051b080	0x1405d7928	2	0x14051a8d8	0x1405d7700	2	0	-1	0	0x40
0x14051b080	0x1405d7928	3	0x14051a878	0x1405d76d8	1	0	-1	0	0x40
0x14051b080	0x1405d7928	4	0x14050d6e0	0x1405d5410	0	0	-1	0	0x40
0x14051b118	0x1405d7950	0	0x14051b140	0x1405d7950	0	0	-1	0	0x40
0x14051b190	0x1405d7970	0	0x14051b1c0	0x1405d7970	1	0	-1	0	0x40
0x14051b190	0x1405d7970	1	0x14050d9a8	0x1405d54c8	0	0	-1	0	0x40
0x14051b210	0x1405d7998	0	0x14051b238	0x1405d7998	0	0	-1	0	0x40
0x14051b288	0x1405d79b8	0	0x14051b2b0	0x1405d79b8	0	0	-1	0	0x40
0x14051b300	0x1405d79d8	0	0x14051b328	0x1405d79d8	0	0	-1	0	0x40
0x14051b378	0x1405d7a00	0	0x14051b3a8	0x1405d7a00	1	0	-1	0	0x40
0x14051b378	0x1405d7a00	1	0x140512350	0x1405d61f0	0	0	-1	0	0x40
0x14051b3f8	0x1405d7a28	0	0x14051b420	0x1405d7a28	0	0	-1	0	0x40
0x14051b470	0x1405d7a50	0	0x14051b4a0	0x1405d7a50	1	0	-1	0	0x40
0x14051b470	0x1405d7a50	1	0x14051b140	0x1405d7950	0	0	-1	0	0x40
0x14051b4f0	0x1405d7a78	0	0x14051b520	0x1405d7a78	1	0	-1	0	0x40
0x14051b4f0	0x1405d7a78	1	0x14051b140	0x1405d7950	0	0	-1	0	0x40
0x14051b570	0x1405d7aa0	0	0x14051b5a0	0x1405d7aa0	1	0	-1	0	0x40
0x14051b570	0x1405d7aa0	1	0x14051b140	0x1405d7950	0	0	-1	0	0x40
0x14051b5f0	0x1405d7ac8	0	0x14051b620	0x1405d7ac8	1	0	-1	0	0x40
0x14051b5f0	0x1405d7ac8	1	0x14051b648	0x1405d7af0	0	16	-1	0	0x40
0x14051b6e8	0x1405d7b20	0	0x14051b710	0x1405d7b20	0	0	-1	0	0x40
0x14051b760	0x1405d7b40	0	0x14051b790	0x1405d7b40	1	0	-1	0	0x40
0x14051b760	0x1405d7b40	1	0x14051b140	0x1405d7950	0	0	-1	0	0x40
0x14051b7e0	0x1405d7b68	0	0x14051b810	0x1405d7b68	1	0	-1	0	0x40
0x14051b7e0	0x1405d7b68	1	0x14051b140	0x1405d7950	0	0	-1	0	0x40
0x14051b860	0x1405d7b90	0	0x14051b890	0x1405d7b90	1	0	-1	0	0x40
0x14051b860	0x1405d7b90	1	0x14051b140	0x1405d7950	0	0	-1	0	0x40
0x14051b8e0	0x1405d7bb8	0	0x14051b910	0x1405d7bb8	1	0	-1	0	0x40
0x14051b8e0	0x1405d7bb8	1	0x14050dc40	0x1405d55a8	0	0	-1	0	0x40
0x14051b960	0x1405d7be0	0	0x14051b998	0x1405d7be0	2	0	-1	0	0x40
0x14051b960	0x1405d7be0	1	0x14051b910	0x1405d7bb8	1	0	-1	0	0x40
0x14051b960	0x1405d7be0	2	0x14050dc40	0x1405d55a8	0	0	-1	0	0x40
0x14051b9e8	0x1405d7c08	0	0x14051ba18	0x1405d7c08	1	0	-1	0	0x40
0x14051b9e8	0x1405d7c08	1	0x14050dc40	0x1405d55a8	0	0	-1	0	0x40
0x14051ba68	0x1405d7c30	0	0x14051ba98	0x1405d7c30	1	0	-1	0	0x40
0x14051ba68	0x1405d7c30	1	0x14050dc40	0x1405d55a8	0	0	-1	0	0x40
0x14051bae8	0x1405d7c58	0	0x14051bb18	0x1405d7c58	1	0	-1	0	0x40
0x14051bae8	0x1405d7c58	1	0x14051b140	0x1405d7950	0	0	-1	0	0x40
0x14051bb68	0x1405d7c80	0	0x14051bb98	0x1405d7c80	1	0	-1	0	0x40
0x14051bb68	0x1405d7c80	1	0x14051b140	0x1405d7950	0	0	-1	0	0x40
0x14051bbe8	0x1405d7ca8	0	0x14051bc10	0x1405d7ca8	0	0	-1	0	0x40
0x14051bc60	0x1405d7cd0	0	0x14051bc90	0x1405d7cd0	1	0	-1	0	0x40
0x14051bc60	0x1405d7cd0	1	0x14051b140	0x1405d7950	0	0	-1	0	0x40
0x14051bce0	0x1405d7cf8	0	0x14051bd10	0x1405d7cf8	1	0	-1	0	0x40
0x14051bce0	0x1405d7cf8	1	0x14051b140	0x1405d7950	0	0	-1	0	0x40
0x14051bd60	0x1405d7d20	0	0x14051bda8	0x1405d7d20	4	0	-1	0	0x40
0x14051bd60	0x1405d7d20	1	0x14050ed50	0x1405d59d8	3	0	-1	0	0x40
0x14051bd60	0x1405d7d20	2	0x14050ecc0	0x1405d59b8	0	0	-1	0	0x40
0x14051bd60	0x1405d7d20	3	0x14050ed78	0x1405d5990	1	8	-1	0	0x40
0x14051bd60	0x1405d7d20	4	0x14050eda0	0x1405d5968	0	8	-1	0	0x40
0x14051be20	0x1405d7d48	0	0x14051be50	0x1405d7d48	1	0	-1	0	0x40
0x14051be20	0x1405d7d48	1	0x14050d6e0	0x1405d5410	0	0	-1	0	0x40
0x14051bfb8	0x1405d7d70	0	0x14051bfe8	0x1405d7d70	1	0	-1	0	0x40
0x14051bfb8	0x1405d7d70	1	0x14050d6e0	0x1405d5410	0	0	-1	0	0x40
0x14051c038	0x1405d7d98	0	0x14051c068	0x1405d7d98	1	0	-1	0	0x40
0x14051c038	0x1405d7d98	1	0x14050d6e0	0x1405d5410	0	0	-1	0	0x40
0x14051c0b8	0x1405d6d20	0	0x14051c0e0	0x1405d6d20	0	0	-1	0	0x40
0x14051c130	0x1405d7db8	0	0x14051c180	0x1405d7db8	5	0	-1	0	0x40
0x14051c130	0x1405d7db8	1	0x14050d770	0x1405d5430	3	0	-1	0	0x40
0x14051c130	0x1405d7db8	2	0x14050d6e0	0x1405d5410	0	0	-1	0	0x40
0x14051c130	0x1405d7db8	3	0x14050d798	0x1405d53f0	0	96	-1	0	0x40
0x14051c130	0x1405d7db8	4	0x14050d7c0	0x1405d5450	0	208	-1	0	0x40
0x14051c130	0x1405d7db8	5	0x14051c1a8	0x1405d6d20	0	272	-1	0	0x40
0x14051c270	0x1405d7de0	0	0x14051c2c0	0x1405d7de0	5	0	-1	0	0x40
0x14051c270	0x1405d7de0	1	0x14050d770	0x1405d5430	3	0	-1	0	0x40
0x14051c270	0x1405d7de0	2	0x14050d6e0	0x1405d5410	0	0	-1	0	0x40
0x14051c270	0x1405d7de0	3	0x14050d798	0x1405d53f0	0	96	-1	0	0x40
0x14051c270	0x1405d7de0	4	0x14050d7c0	0x1405d5450	0	208	-1	0	0x40
0x14051c270	0x1405d7de0	5	0x14051c1a8	0x1405d6d20	0	272	-1	0	0x40
0x14051c388	0x1405d7e08	0	0x14051c3d0	0x1405d7e08	4	0	-1	0	0x40
0x14051c388	0x1405d7e08	1	0x14050d770	0x1405d5430	3	0	-1	0	0x40
0x14051c388	0x1405d7e08	2	0x14050d6e0	0x1405d5410	0	0	-1	0	0x40
0x14051c388	0x1405d7e08	3	0x14050d798	0x1405d53f0	0	96	-1	0	0x40
0x14051c388	0x1405d7e08	4	0x14050d7c0	0x1405d5450	0	208	-1	0	0x40
0x14051c470	0x1405d7e30	0	0x14051c4c0	0x1405d7e30	5	0	-1	0	0x40
0x14051c470	0x1405d7e30	1	0x14050d770	0x1405d5430	3	0	-1	0	0x40
0x14051c470	0x1405d7e30	2	0x14050d6e0	0x1405d5410	0	0	-1	0	0x40
0x14051c470	0x1405d7e30	3	0x14050d798	0x1405d53f0	0	96	-1	0	0x40
0x14051c470	0x1405d7e30	4	0x14050d7c0	0x1405d5450	0	208	-1	0	0x40
0x14051c470	0x1405d7e30	5	0x14051c1a8	0x1405d6d20	0	272	-1	0	0x40
0x14051c588	0x1405d7e58	0	0x14051c5d8	0x1405d7e58	5	0	-1	0	0x40
0x14051c588	0x1405d7e58	1	0x14050d770	0x1405d5430	3	0	-1	0	0x40
0x14051c588	0x1405d7e58	2	0x14050d6e0	0x1405d5410	0	0	-1	0	0x40
0x14051c588	0x1405d7e58	3	0x14050d798	0x1405d53f0	0	96	-1	0	0x40
0x14051c588	0x1405d7e58	4	0x14050d7c0	0x1405d5450	0	208	-1	0	0x40
0x14051c588	0x1405d7e58	5	0x14051c1a8	0x1405d6d20	0	272	-1	0	0x40
0x14051c6a0	0x1405d7e80	0	0x14051c6f0	0x1405d7e80	5	0	-1	0	0x40
0x14051c6a0	0x1405d7e80	1	0x14050d770	0x1405d5430	3	0	-1	0	0x40
0x14051c6a0	0x1405d7e80	2	0x14050d6e0	0x1405d5410	0	0	-1	0	0x40
0x14051c6a0	0x1405d7e80	3	0x14050d798	0x1405d53f0	0	96	-1	0	0x40
0x14051c6a0	0x1405d7e80	4	0x14050d7c0	0x1405d5450	0	208	-1	0	0x40
0x14051c6a0	0x1405d7e80	5	0x14051c1a8	0x1405d6d20	0	272	-1	0	0x40
0x14051c7b8	0x1405d7eb0	0	0x14051c7f0	0x1405d7eb0	2	0	-1	0	0x40
0x14051c7b8	0x1405d7eb0	1	0x14050d6e0	0x1405d5410	0	0	-1	0	0x40
0x14051c7b8	0x1405d7eb0	2	0x14051c818	0x1405d6d20	0	96	-1	0	0x40
0x14051c890	0x1405d7ed8	0	0x14051c8e0	0x1405d7ed8	5	0	-1	0	0x40
0x14051c890	0x1405d7ed8	1	0x14050d770	0x1405d5430	3	0	-1	0	0x40
0x14051c890	0x1405d7ed8	2	0x14050d6e0	0x1405d5410	0	0	-1	0	0x40
0x14051c890	0x1405d7ed8	3	0x14050d798	0x1405d53f0	0	96	-1	0	0x40
0x14051c890	0x1405d7ed8	4	0x14050d7c0	0x1405d5450	0	208	-1	0	0x40
0x14051c890	0x1405d7ed8	5	0x14051c1a8	0x1405d6d20	0	272	-1	0	0x40
0x14051c9a8	0x1405d7f00	0	0x14051c9f8	0x1405d7f00	5	0	-1	0	0x40
0x14051c9a8	0x1405d7f00	1	0x14050d770	0x1405d5430	3	0	-1	0	0x40
0x14051c9a8	0x1405d7f00	2	0x14050d6e0	0x1405d5410	0	0	-1	0	0x40
0x14051c9a8	0x1405d7f00	3	0x14050d798	0x1405d53f0	0	96	-1	0	0x40
0x14051c9a8	0x1405d7f00	4	0x14050d7c0	0x1405d5450	0	208	-1	0	0x40
0x14051c9a8	0x1405d7f00	5	0x14051c1a8	0x1405d6d20	0	272	-1	0	0x40
0x14051cac0	0x1405d7f28	0	0x14051cb10	0x1405d7f28	5	0	-1	0	0x40
0x14051cac0	0x1405d7f28	1	0x14050d770	0x1405d5430	3	0	-1	0	0x40
0x14051cac0	0x1405d7f28	2	0x14050d6e0	0x1405d5410	0	0	-1	0	0x40
0x14051cac0	0x1405d7f28	3	0x14050d798	0x1405d53f0	0	96	-1	0	0x40
0x14051cac0	0x1405d7f28	4	0x14050d7c0	0x1405d5450	0	208	-1	0	0x40
0x14051cac0	0x1405d7f28	5	0x14051c1a8	0x1405d6d20	0	272	-1	0	0x40
0x14051cbd8	0x1405d7f50	0	0x14051cc28	0x1405d7f50	5	0	-1	0	0x40
0x14051cbd8	0x1405d7f50	1	0x14050d770	0x1405d5430	3	0	-1	0	0x40
0x14051cbd8	0x1405d7f50	2	0x14050d6e0	0x1405d5410	0	0	-1	0	0x40
0x14051cbd8	0x1405d7f50	3	0x14050d798	0x1405d53f0	0	96	-1	0	0x40
0x14051cbd8	0x1405d7f50	4	0x14050d7c0	0x1405d5450	0	208	-1	0	0x40
0x14051cbd8	0x1405d7f50	5	0x14051c1a8	0x1405d6d20	0	272	-1	0	0x40
0x14051ccf0	0x1405d7f78	0	0x14051cd40	0x1405d7f78	5	0	-1	0	0x40
0x14051ccf0	0x1405d7f78	1	0x14050d770	0x1405d5430	3	0	-1	0	0x40
0x14051ccf0	0x1405d7f78	2	0x14050d6e0	0x1405d5410	0	0	-1	0	0x40
0x14051ccf0	0x1405d7f78	3	0x14050d798	0x1405d53f0	0	96	-1	0	0x40
0x14051ccf0	0x1405d7f78	4	0x14050d7c0	0x1405d5450	0	208	-1	0	0x40
0x14051ccf0	0x1405d7f78	5	0x14051c1a8	0x1405d6d20	0	272	-1	0	0x40
0x14051ce08	0x1405d7fa0	0	0x14051ce58	0x1405d7fa0	5	0	-1	0	0x40
0x14051ce08	0x1405d7fa0	1	0x14050d770	0x1405d5430	3	0	-1	0	0x40
0x14051ce08	0x1405d7fa0	2	0x14050d6e0	0x1405d5410	0	0	-1	0	0x40
0x14051ce08	0x1405d7fa0	3	0x14050d798	0x1405d53f0	0	96	-1	0	0x40
0x14051ce08	0x1405d7fa0	4	0x14050d7c0	0x1405d5450	0	208	-1	0	0x40
0x14051ce08	0x1405d7fa0	5	0x14051c1a8	0x1405d6d20	0	272	-1	0	0x40
0x14051cf20	0x1405d7fc8	0	0x14051cf70	0x1405d7fc8	5	0	-1	0	0x40
0x14051cf20	0x1405d7fc8	1	0x14050d770	0x1405d5430	3	0	-1	0	0x40
0x14051cf20	0x1405d7fc8	2	0x14050d6e0	0x1405d5410	0	0	-1	0	0x40
0x14051cf20	0x1405d7fc8	3	0x14050d798	0x1405d53f0	0	96	-1	0	0x40
0x14051cf20	0x1405d7fc8	4	0x14050d7c0	0x1405d5450	0	208	-1	0	0x40
0x14051cf20	0x1405d7fc8	5	0x14051c1a8	0x1405d6d20	0	272	-1	0	0x40
0x14051d038	0x1405d7ff0	0	0x14051d088	0x1405d7ff0	5	0	-1	0	0x40
0x14051d038	0x1405d7ff0	1	0x14050d770	0x1405d5430	3	0	-1	0	0x40
0x14051d038	0x1405d7ff0	2	0x14050d6e0	0x1405d5410	0	0	-1	0	0x40
0x14051d038	0x1405d7ff0	3	0x14050d798	0x1405d53f0	0	96	-1	0	0x40
0x14051d038	0x1405d7ff0	4	0x14050d7c0	0x1405d5450	0	208	-1	0	0x40
0x14051d038	0x1405d7ff0	5	0x14051c1a8	0x1405d6d20	0	272	-1	0	0x40
0x14051d150	0x1405d8018	0	0x14051d1b8	0x1405d8018	7	0	-1	0	0x40
0x14051d150	0x1405d8018	1	0x14050f4f8	0x1405d5bd0	5	0	-1	0	0x40
0x14051d150	0x1405d8018	2	0x14050d770	0x1405d5430	3	0	-1	0	0x40
0x14051d150	0x1405d8018	3	0x14050d6e0	0x1405d5410	0	0	-1	0	0x40
0x14051d150	0x1405d8018	4	0x14050d798	0x1405d53f0	0	96	-1	0	0x40
0x14051d150	0x1405d8018	5	0x14050d7c0	0x1405d5450	0	208	-1	0	0x40
0x14051d150	0x1405d8018	6	0x14050f570	0x1405d5bf8	0	272	-1	0	0x40
0x14051d150	0x1405d8018	7	0x14051d1e0	0x1405d6d20	0	384	-1	0	0x40
0x14051d2d0	0x1405d8040	0	0x14051d320	0x1405d8040	5	0	-1	0	0x40
0x14051d2d0	0x1405d8040	1	0x14050d770	0x1405d5430	3	0	-1	0	0x40
0x14051d2d0	0x1405d8040	2	0x14050d6e0	0x1405d5410	0	0	-1	0	0x40
0x14051d2d0	0x1405d8040	3	0x14050d798	0x1405d53f0	0	96	-1	0	0x40
0x14051d2d0	0x1405d8040	4	0x14050d7c0	0x1405d5450	0	208	-1	0	0x40
0x14051d2d0	0x1405d8040	5	0x14051c1a8	0x1405d6d20	0	272	-1	0	0x40
0x14051d3e8	0x1405d8068	0	0x14051d420	0x1405d8068	2	0	-1	0	0x40
0x14051d3e8	0x1405d8068	1	0x14050d6e0	0x1405d5410	0	0	-1	0	0x40
0x14051d3e8	0x1405d8068	2	0x14051c818	0x1405d6d20	0	96	-1	0	0x40
0x14051d498	0x1405d8090	0	0x14051d4f8	0x1405d8090	7	0	-1	0	0x40
0x14051d498	0x1405d8090	1	0x14050f4f8	0x1405d5bd0	5	0	-1	0	0x40
0x14051d498	0x1405d8090	2	0x14050d770	0x1405d5430	3	0	-1	0	0x40
0x14051d498	0x1405d8090	3	0x14050d6e0	0x1405d5410	0	0	-1	0	0x40
0x14051d498	0x1405d8090	4	0x14050d798	0x1405d53f0	0	96	-1	0	0x40
0x14051d498	0x1405d8090	5	0x14050d7c0	0x1405d5450	0	208	-1	0	0x40
0x14051d498	0x1405d8090	6	0x14050f570	0x1405d5bf8	0	272	-1	0	0x40
0x14051d498	0x1405d8090	7	0x14051d1e0	0x1405d6d20	0	384	-1	0	0x40
0x14051d5e8	0x1405d80b8	0	0x14051d638	0x1405d80b8	5	0	-1	0	0x40
0x14051d5e8	0x1405d80b8	1	0x14050d770	0x1405d5430	3	0	-1	0	0x40
0x14051d5e8	0x1405d80b8	2	0x14050d6e0	0x1405d5410	0	0	-1	0	0x40
0x14051d5e8	0x1405d80b8	3	0x14050d798	0x1405d53f0	0	96	-1	0	0x40
0x14051d5e8	0x1405d80b8	4	0x14050d7c0	0x1405d5450	0	208	-1	0	0x40
0x14051d5e8	0x1405d80b8	5	0x14051c1a8	0x1405d6d20	0	272	-1	0	0x40
0x14051d700	0x1405d80e0	0	0x14051d768	0x1405d80e0	7	0	-1	0	0x40
0x14051d700	0x1405d80e0	1	0x14050f4f8	0x1405d5bd0	5	0	-1	0	0x40
0x14051d700	0x1405d80e0	2	0x14050d770	0x1405d5430	3	0	-1	0	0x40
0x14051d700	0x1405d80e0	3	0x14050d6e0	0x1405d5410	0	0	-1	0	0x40
0x14051d700	0x1405d80e0	4	0x14050d798	0x1405d53f0	0	96	-1	0	0x40
0x14051d700	0x1405d80e0	5	0x14050d7c0	0x1405d5450	0	208	-1	0	0x40
0x14051d700	0x1405d80e0	6	0x14050f570	0x1405d5bf8	0	272	-1	0	0x40
0x14051d700	0x1405d80e0	7	0x14051d1e0	0x1405d6d20	0	384	-1	0	0x40
0x14051d858	0x1405d8108	0	0x14051d8a8	0x1405d8108	5	0	-1	0	0x40
0x14051d858	0x1405d8108	1	0x14050d770	0x1405d5430	3	0	-1	0	0x40
0x14051d858	0x1405d8108	2	0x14050d6e0	0x1405d5410	0	0	-1	0	0x40
0x14051d858	0x1405d8108	3	0x14050d798	0x1405d53f0	0	96	-1	0	0x40
0x14051d858	0x1405d8108	4	0x14050d7c0	0x1405d5450	0	208	-1	0	0x40
0x14051d858	0x1405d8108	5	0x14051c1a8	0x1405d6d20	0	272	-1	0	0x40
0x14051d970	0x1405d8130	0	0x14051d9c0	0x1405d8130	5	0	-1	0	0x40
0x14051d970	0x1405d8130	1	0x14050d770	0x1405d5430	3	0	-1	0	0x40
0x14051d970	0x1405d8130	2	0x14050d6e0	0x1405d5410	0	0	-1	0	0x40
0x14051d970	0x1405d8130	3	0x14050d798	0x1405d53f0	0	96	-1	0	0x40
0x14051d970	0x1405d8130	4	0x14050d7c0	0x1405d5450	0	208	-1	0	0x40
0x14051d970	0x1405d8130	5	0x14051c1a8	0x1405d6d20	0	272	-1	0	0x40
0x14051da88	0x1405d8158	0	0x14051dad8	0x1405d8158	5	0	-1	0	0x40
0x14051da88	0x1405d8158	1	0x14050d770	0x1405d5430	3	0	-1	0	0x40
0x14051da88	0x1405d8158	2	0x14050d6e0	0x1405d5410	0	0	-1	0	0x40
0x14051da88	0x1405d8158	3	0x14050d798	0x1405d53f0	0	96	-1	0	0x40
0x14051da88	0x1405d8158	4	0x14050d7c0	0x1405d5450	0	208	-1	0	0x40
0x14051da88	0x1405d8158	5	0x14051c1a8	0x1405d6d20	0	272	-1	0	0x40
0x14051dba0	0x1405d8180	0	0x14051dbd8	0x1405d8180	2	0	-1	0	0x40
0x14051dba0	0x1405d8180	1	0x14050d6e0	0x1405d5410	0	0	-1	0	0x40
0x14051dba0	0x1405d8180	2	0x14051c818	0x1405d6d20	0	96	-1	0	0x40
0x14051dc50	0x1405d81a8	0	0x14051dca0	0x1405d81a8	5	0	-1	0	0x40
0x14051dc50	0x1405d81a8	1	0x14050d770	0x1405d5430	3	0	-1	0	0x40
0x14051dc50	0x1405d81a8	2	0x14050d6e0	0x1405d5410	0	0	-1	0	0x40
0x14051dc50	0x1405d81a8	3	0x14050d798	0x1405d53f0	0	96	-1	0	0x40
0x14051dc50	0x1405d81a8	4	0x14050d7c0	0x1405d5450	0	208	-1	0	0x40
0x14051dc50	0x1405d81a8	5	0x14051c1a8	0x1405d6d20	0	272	-1	0	0x40
0x14051dd68	0x1405d81d0	0	0x14051ddb8	0x1405d81d0	5	0	-1	0	0x40
0x14051dd68	0x1405d81d0	1	0x14050d770	0x1405d5430	3	0	-1	0	0x40
0x14051dd68	0x1405d81d0	2	0x14050d6e0	0x1405d5410	0	0	-1	0	0x40
0x14051dd68	0x1405d81d0	3	0x14050d798	0x1405d53f0	0	96	-1	0	0x40
0x14051dd68	0x1405d81d0	4	0x14050d7c0	0x1405d5450	0	208	-1	0	0x40
0x14051dd68	0x1405d81d0	5	0x14051c1a8	0x1405d6d20	0	272	-1	0	0x40
0x14051de80	0x1405d81f8	0	0x14051ded0	0x1405d81f8	5	0	-1	0	0x40
0x14051de80	0x1405d81f8	1	0x14050d770	0x1405d5430	3	0	-1	0	0x40
0x14051de80	0x1405d81f8	2	0x14050d6e0	0x1405d5410	0	0	-1	0	0x40
0x14051de80	0x1405d81f8	3	0x14050d798	0x1405d53f0	0	96	-1	0	0x40
0x14051de80	0x1405d81f8	4	0x14050d7c0	0x1405d5450	0	208	-1	0	0x40
0x14051de80	0x1405d81f8	5	0x14051c1a8	0x1405d6d20	0	272	-1	0	0x40
0x14051df98	0x1405d8220	0	0x14051dff0	0x1405d8220	6	0	-1	0	0x40
0x14051df98	0x1405d8220	1	0x14051ded0	0x1405d81f8	5	0	-1	0	0x40
0x14051df98	0x1405d8220	2	0x14050d770	0x1405d5430	3	0	-1	0	0x40
0x14051df98	0x1405d8220	3	0x14050d6e0	0x1405d5410	0	0	-1	0	0x40
0x14051df98	0x1405d8220	4	0x14050d798	0x1405d53f0	0	96	-1	0	0x40
0x14051df98	0x1405d8220	5	0x14050d7c0	0x1405d5450	0	208	-1	0	0x40
0x14051df98	0x1405d8220	6	0x14051c1a8	0x1405d6d20	0	272	-1	0	0x40
0x14051e0b8	0x1405d8248	0	0x14051e108	0x1405d8248	5	0	-1	0	0x40
0x14051e0b8	0x1405d8248	1	0x14050d770	0x1405d5430	3	0	-1	0	0x40
0x14051e0b8	0x1405d8248	2	0x14050d6e0	0x1405d5410	0	0	-1	0	0x40
0x14051e0b8	0x1405d8248	3	0x14050d798	0x1405d53f0	0	96	-1	0	0x40
0x14051e0b8	0x1405d8248	4	0x14050d7c0	0x1405d5450	0	208	-1	0	0x40
0x14051e0b8	0x1405d8248	5	0x14051c1a8	0x1405d6d20	0	272	-1	0	0x40
0x14051e1d0	0x1405d8270	0	0x14051e220	0x1405d8270	5	0	-1	0	0x40
0x14051e1d0	0x1405d8270	1	0x14050d770	0x1405d5430	3	0	-1	0	0x40
0x14051e1d0	0x1405d8270	2	0x14050d6e0	0x1405d5410	0	0	-1	0	0x40
0x14051e1d0	0x1405d8270	3	0x14050d798	0x1405d53f0	0	96	-1	0	0x40
0x14051e1d0	0x1405d8270	4	0x14050d7c0	0x1405d5450	0	208	-1	0	0x40
0x14051e1d0	0x1405d8270	5	0x14051c1a8	0x1405d6d20	0	272	-1	0	0x40
0x14051e2e8	0x1405d8298	0	0x14051e338	0x1405d8298	5	0	-1	0	0x40
0x14051e2e8	0x1405d8298	1	0x14050d770	0x1405d5430	3	0	-1	0	0x40
0x14051e2e8	0x1405d8298	2	0x14050d6e0	0x1405d5410	0	0	-1	0	0x40
0x14051e2e8	0x1405d8298	3	0x14050d798	0x1405d53f0	0	96	-1	0	0x40
0x14051e2e8	0x1405d8298	4	0x14050d7c0	0x1405d5450	0	208	-1	0	0x40
0x14051e2e8	0x1405d8298	5	0x14051c1a8	0x1405d6d20	0	272	-1	0	0x40
0x14051e400	0x1405d82c0	0	0x14051e448	0x1405d82c0	4	0	-1	0	0x40
0x14051e400	0x1405d82c0	1	0x14050d770	0x1405d5430	3	0	-1	0	0x40
0x14051e400	0x1405d82c0	2	0x14050d6e0	0x1405d5410	0	0	-1	0	0x40
0x14051e400	0x1405d82c0	3	0x14050d798	0x1405d53f0	0	96	-1	0	0x40
0x14051e400	0x1405d82c0	4	0x14050d7c0	0x1405d5450	0	208	-1	0	0x40
0x14051e4e8	0x1405d82f0	0	0x14051e520	0x1405d82f0	2	0	-1	0	0x40
0x14051e4e8	0x1405d82f0	1	0x14050d6e0	0x1405d5410	0	0	-1	0	0x40
0x14051e4e8	0x1405d82f0	2	0x14051c818	0x1405d6d20	0	96	-1	0	0x40
0x14051e598	0x1405d8318	0	0x14051e5c0	0x1405d8318	0	0	-1	0	0x40
0x14051e610	0x1405d8338	0	0x14051e640	0x1405d8338	1	0	-1	0	0x40
0x14051e610	0x1405d8338	1	0x14050d6e0	0x1405d5410	0	0	-1	0	0x40
0x14051e690	0x1405d8360	0	0x14051e6c0	0x1405d8360	1	0	-1	0	0x40
0x14051e690	0x1405d8360	1	0x14050d6e0	0x1405d5410	0	0	-1	0	0x40
0x14051e710	0x1405d8388	0	0x14051e740	0x1405d8388	1	0	-1	0	0x40
0x14051e710	0x1405d8388	1	0x14050d6e0	0x1405d5410	0	0	-1	0	0x40
0x14051e790	0x1405d83b0	0	0x14051e7c0	0x1405d83b0	1	0	-1	0	0x40
0x14051e790	0x1405d83b0	1	0x14050d6e0	0x1405d5410	0	0	-1	0	0x40
0x14051e810	0x1405d83d8	0	0x14051e840	0x1405d83d8	1	0	-1	0	0x40
0x14051e810	0x1405d83d8	1	0x14050d6e0	0x1405d5410	0	0	-1	0	0x40
0x14051e890	0x1405d8400	0	0x14051e8c0	0x1405d8400	1	0	-1	0	0x40
0x14051e890	0x1405d8400	1	0x14050d6e0	0x1405d5410	0	0	-1	0	0x40
0x14051e910	0x1405d8428	0	0x14051e940	0x1405d8428	1	0	-1	0	0x40
0x14051e910	0x1405d8428	1	0x14050d6e0	0x1405d5410	0	0	-1	0	0x40
0x14051e990	0x1405d8450	0	0x14051e9c0	0x1405d8450	1	0	-1	0	0x40
0x14051e990	0x1405d8450	1	0x14050d6e0	0x1405d5410	0	0	-1	0	0x40
0x14051ea10	0x1405d8478	0	0x14051ea40	0x1405d8478	1	0	-1	0	0x40
0x14051ea10	0x1405d8478	1	0x14050d6e0	0x1405d5410	0	0	-1	0	0x40
0x14051ea90	0x1405d84a0	0	0x14051eac0	0x1405d84a0	1	0	-1	0	0x40
0x14051ea90	0x1405d84a0	1	0x14050d6e0	0x1405d5410	0	0	-1	0	0x40
0x14051eb10	0x1405d84c8	0	0x14051eb40	0x1405d84c8	1	0	-1	0	0x40
0x14051eb10	0x1405d84c8	1	0x14050d6e0	0x1405d5410	0	0	-1	0	0x40
0x14051eb90	0x1405d84f0	0	0x14051ebc0	0x1405d84f0	1	0	-1	0	0x40
0x14051eb90	0x1405d84f0	1	0x14050d6e0	0x1405d5410	0	0	-1	0	0x40
0x14051ec10	0x1405d8518	0	0x14051ec40	0x1405d8518	1	0	-1	0	0x40
0x14051ec10	0x1405d8518	1	0x14050d6e0	0x1405d5410	0	0	-1	0	0x40
0x14051ec90	0x1405d8540	0	0x14051ecc0	0x1405d8540	1	0	-1	0	0x40
0x14051ec90	0x1405d8540	1	0x14050d6e0	0x1405d5410	0	0	-1	0	0x40
0x14051ed10	0x1405d8568	0	0x14051ed40	0x1405d8568	1	0	-1	0	0x40
0x14051ed10	0x1405d8568	1	0x14050d6e0	0x1405d5410	0	0	-1	0	0x40
0x14051ed90	0x1405d8590	0	0x14051edc0	0x1405d8590	1	0	-1	0	0x40
0x14051ed90	0x1405d8590	1	0x14050d6e0	0x1405d5410	0	0	-1	0	0x40
0x14051ee10	0x1405d85b8	0	0x14051ee40	0x1405d85b8	1	0	-1	0	0x40
0x14051ee10	0x1405d85b8	1	0x14050d6e0	0x1405d5410	0	0	-1	0	0x40
0x14051ee90	0x1405d85e0	0	0x14051eec0	0x1405d85e0	1	0	-1	0	0x40
0x14051ee90	0x1405d85e0	1	0x14050d6e0	0x1405d5410	0	0	-1	0	0x40
0x14051ef10	0x1405d8608	0	0x14051ef40	0x1405d8608	1	0	-1	0	0x40
0x14051ef10	0x1405d8608	1	0x14050d6e0	0x1405d5410	0	0	-1	0	0x40
0x14051ef90	0x1405d8630	0	0x14051efc0	0x1405d8630	1	0	-1	0	0x40
0x14051ef90	0x1405d8630	1	0x14050d6e0	0x1405d5410	0	0	-1	0	0x40
0x14051f010	0x1405d8658	0	0x14051f040	0x1405d8658	1	0	-1	0	0x40
0x14051f010	0x1405d8658	1	0x14050d6e0	0x1405d5410	0	0	-1	0	0x40
0x14051f090	0x1405d8680	0	0x14051f0c0	0x1405d8680	1	0	-1	0	0x40
0x14051f090	0x1405d8680	1	0x14050d6e0	0x1405d5410	0	0	-1	0	0x40
0x14051f110	0x1405d86a8	0	0x14051f140	0x1405d86a8	1	0	-1	0	0x40
0x14051f110	0x1405d86a8	1	0x14050d6e0	0x1405d5410	0	0	-1	0	0x40
0x14051f190	0x1405d86d0	0	0x14051f1c0	0x1405d86d0	1	0	-1	0	0x40
0x14051f190	0x1405d86d0	1	0x14050d6e0	0x1405d5410	0	0	-1	0	0x40
0x14051f210	0x1405d86f8	0	0x14051f240	0x1405d86f8	1	0	-1	0	0x40
0x14051f210	0x1405d86f8	1	0x14050d6e0	0x1405d5410	0	0	-1	0	0x40
0x14051f290	0x1405d8718	0	0x14051f2c0	0x1405d8718	1	0	-1	0	0x40
0x14051f290	0x1405d8718	1	0x14050d6e0	0x1405d5410	0	0	-1	0	0x40
0x14051f310	0x1405d8740	0	0x14051f340	0x1405d8740	1	0	-1	0	0x40
0x14051f310	0x1405d8740	1	0x14050d6e0	0x1405d5410	0	0	-1	0	0x40
0x14051f390	0x1405d8768	0	0x14051f3c0	0x1405d8768	1	0	-1	0	0x40
0x14051f390	0x1405d8768	1	0x14050d6e0	0x1405d5410	0	0	-1	0	0x40
0x14051f410	0x1405d8790	0	0x14051f440	0x1405d8790	1	0	-1	0	0x40
0x14051f410	0x1405d8790	1	0x14050d6e0	0x1405d5410	0	0	-1	0	0x40
0x14051f490	0x1405d87b8	0	0x14051f4c0	0x1405d87b8	1	0	-1	0	0x40
0x14051f490	0x1405d87b8	1	0x14050d6e0	0x1405d5410	0	0	-1	0	0x40
0x14051f510	0x1405d87e0	0	0x14051f540	0x1405d87e0	1	0	-1	0	0x40
0x14051f510	0x1405d87e0	1	0x14050d6e0	0x1405d5410	0	0	-1	0	0x40
0x14051f590	0x1405d8808	0	0x14051f5c0	0x1405d8808	1	0	-1	0	0x40
0x14051f590	0x1405d8808	1	0x14050d6e0	0x1405d5410	0	0	-1	0	0x40
0x14051f610	0x1405d8830	0	0x14051f640	0x1405d8830	1	0	-1	0	0x40
0x14051f610	0x1405d8830	1	0x14050d6e0	0x1405d5410	0	0	-1	0	0x40
0x14051f690	0x1405d8858	0	0x14051f6c0	0x1405d8858	1	0	-1	0	0x40
0x14051f690	0x1405d8858	1	0x14050d6e0	0x1405d5410	0	0	-1	0	0x40
0x14051f710	0x1405d8880	0	0x14051f740	0x1405d8880	1	0	-1	0	0x40
0x14051f710	0x1405d8880	1	0x14050d6e0	0x1405d5410	0	0	-1	0	0x40
0x14051f790	0x1405d88a8	0	0x14051f7c0	0x1405d88a8	1	0	-1	0	0x40
0x14051f790	0x1405d88a8	1	0x14050d6e0	0x1405d5410	0	0	-1	0	0x40
0x14051f810	0x1405d88d0	0	0x14051f840	0x1405d88d0	1	0	-1	0	0x40
0x14051f810	0x1405d88d0	1	0x14050d6e0	0x1405d5410	0	0	-1	0	0x40
0x14051f890	0x1405d88f8	0	0x14051f8c0	0x1405d88f8	1	0	-1	0	0x40
0x14051f890	0x1405d88f8	1	0x14050d6e0	0x1405d5410	0	0	-1	0	0x40
0x14051f910	0x1405d8920	0	0x14051f940	0x1405d8920	1	0	-1	0	0x40
0x14051f910	0x1405d8920	1	0x14050d6e0	0x1405d5410	0	0	-1	0	0x40
0x14051f990	0x1405d8948	0	0x14051f9c0	0x1405d8948	1	0	-1	0	0x40
0x14051f990	0x1405d8948	1	0x14050d6e0	0x1405d5410	0	0	-1	0	0x40
0x14051fa10	0x1405d8970	0	0x14051fa40	0x1405d8970	1	0	-1	0	0x40
0x14051fa10	0x1405d8970	1	0x14050d6e0	0x1405d5410	0	0	-1	0	0x40
0x14051fa90	0x1405d8998	0	0x14051fac0	0x1405d8998	1	0	-1	0	0x40
0x14051fa90	0x1405d8998	1	0x14050d6e0	0x1405d5410	0	0	-1	0	0x40
0x14051fb10	0x1405d89c0	0	0x14051fb40	0x1405d89c0	1	0	-1	0	0x40
0x14051fb10	0x1405d89c0	1	0x14050d6e0	0x1405d5410	0	0	-1	0	0x40
0x14051fb90	0x1405d89e0	0	0x14051fbc0	0x1405d89e0	1	0	-1	0	0x40
0x14051fb90	0x1405d89e0	1	0x14050d6e0	0x1405d5410	0	0	-1	0	0x40
0x14051fc10	0x1405d8a08	0	0x14051fc40	0x1405d8a08	1	0	-1	0	0x40
0x14051fc10	0x1405d8a08	1	0x14050d6e0	0x1405d5410	0	0	-1	0	0x40
0x14051fc90	0x1405d8a30	0	0x14051fcc0	0x1405d8a30	1	0	-1	0	0x40
0x14051fc90	0x1405d8a30	1	0x14050d6e0	0x1405d5410	0	0	-1	0	0x40
0x14051fd38	0x1405d8a58	0	0x14051fd68	0x1405d8a58	1	0	-1	0	0x40
0x14051fd38	0x1405d8a58	1	0x14050dc40	0x1405d55a8	0	0	-1	0	0x40
0x14051fdb8	0x1405d8a80	0	0x14051fde8	0x1405d8a80	1	0	-1	0	0x40
0x14051fdb8	0x1405d8a80	1	0x14050d6e0	0x1405d5410	0	0	-1	0	0x40
0x14051fe38	0x1405d8aa8	0	0x14051fe70	0x1405d8aa8	2	0	-1	0	0x40
0x14051fe38	0x1405d8aa8	1	0x14051a878	0x1405d76d8	1	0	-1	0	0x40
0x14051fe38	0x1405d8aa8	2	0x14050d6e0	0x1405d5410	0	0	-1	0	0x40
0x14051fec0	0x1405d8ac8	0	0x14051fee8	0x1405d8ac8	0	0	-1	0	0x40
0x14051ff38	0x1405d8af0	0	0x14051ff68	0x1405d8af0	1	0	-1	0	0x40
0x14051ff38	0x1405d8af0	1	0x14051fee8	0x1405d8ac8	0	0	-1	0	0x40
0x14051ffb8	0x1405d8b18	0	0x14051fff0	0x1405d8b18	2	0	-1	0	0x40
0x14051ffb8	0x1405d8b18	1	0x14051a878	0x1405d76d8	1	0	-1	0	0x40
0x14051ffb8	0x1405d8b18	2	0x14050d6e0	0x1405d5410	0	0	-1	0	0x40
0x140520040	0x1405d8b40	0	0x140520078	0x1405d8b40	2	0	-1	0	0x40
0x140520040	0x1405d8b40	1	0x14050ec48	0x1405d5990	1	0	-1	0	0x40
0x140520040	0x1405d8b40	2	0x14050ebc8	0x1405d5968	0	0	-1	0	0x40
0x1405200c8	0x1405d8b60	0	0x1405200f0	0x1405d8b60	0	0	-1	0	0x40
0x140520140	0x1405d8b88	0	0x140520170	0x1405d8b88	1	0	-1	0	0x40
0x140520140	0x1405d8b88	1	0x1405200f0	0x1405d8b60	0	0	-1	0	0x40
0x1405201c0	0x1405d8bb0	0	0x1405201e8	0x1405d8bb0	0	0	-1	0	0x40
0x140520238	0x1405d8bd0	0	0x140520268	0x1405d8bd0	1	0	-1	0	0x40
0x140520238	0x1405d8bd0	1	0x1405201e8	0x1405d8bb0	0	0	-1	0	0x40
0x1405202b8	0x1405d8bf8	0	0x1405202e8	0x1405d8bf8	1	0	-1	0	0x40
0x1405202b8	0x1405d8bf8	1	0x1405201e8	0x1405d8bb0	0	0	-1	0	0x40
0x140520338	0x1405d8c20	0	0x140520368	0x1405d8c20	1	0	-1	0	0x40
0x140520338	0x1405d8c20	1	0x1405201e8	0x1405d8bb0	0	0	-1	0	0x40
0x1405203b8	0x1405d8c48	0	0x1405203e8	0x1405d8c48	1	0	-1	0	0x40
0x1405203b8	0x1405d8c48	1	0x1405201e8	0x1405d8bb0	0	0	-1	0	0x40
0x140520438	0x1405d8c70	0	0x140520468	0x1405d8c70	1	0	-1	0	0x40
0x140520438	0x1405d8c70	1	0x1405201e8	0x1405d8bb0	0	0	-1	0	0x40
0x1405204b8	0x1405d8c90	0	0x1405204e8	0x1405d8c90	1	0	-1	0	0x40
0x1405204b8	0x1405d8c90	1	0x1405201e8	0x1405d8bb0	0	0	-1	0	0x40
0x140520538	0x1405d8cb8	0	0x140520568	0x1405d8cb8	1	0	-1	0	0x40
0x140520538	0x1405d8cb8	1	0x1405201e8	0x1405d8bb0	0	0	-1	0	0x40
0x1405205b8	0x1405d8ce0	0	0x1405205e8	0x1405d8ce0	1	0	-1	0	0x40
0x1405205b8	0x1405d8ce0	1	0x1405201e8	0x1405d8bb0	0	0	-1	0	0x40
0x140520638	0x1405d8d08	0	0x140520668	0x1405d8d08	1	0	-1	0	0x40
0x140520638	0x1405d8d08	1	0x1405201e8	0x1405d8bb0	0	0	-1	0	0x40
0x1405206b8	0x1405d8d30	0	0x1405206e8	0x1405d8d30	1	0	-1	0	0x40
0x1405206b8	0x1405d8d30	1	0x1405201e8	0x1405d8bb0	0	0	-1	0	0x40
0x140520738	0x1405d8d58	0	0x140520768	0x1405d8d58	1	0	-1	0	0x40
0x140520738	0x1405d8d58	1	0x1405201e8	0x1405d8bb0	0	0	-1	0	0x40
0x1405207b8	0x1405d8d80	0	0x1405207e8	0x1405d8d80	1	0	-1	0	0x40
0x1405207b8	0x1405d8d80	1	0x1405201e8	0x1405d8bb0	0	0	-1	0	0x40
0x140520838	0x1405d8da8	0	0x140520868	0x1405d8da8	1	0	-1	0	0x40
0x140520838	0x1405d8da8	1	0x1405201e8	0x1405d8bb0	0	0	-1	0	0x40
0x1405208b8	0x1405d8dc8	0	0x1405208f0	0x1405d8dc8	2	0	-1	0	0x40
0x1405208b8	0x1405d8dc8	1	0x14051a878	0x1405d76d8	1	0	-1	0	0x40
0x1405208b8	0x1405d8dc8	2	0x14050d6e0	0x1405d5410	0	0	-1	0	0x40
0x140520940	0x1405d8de8	0	0x140520968	0x1405d8de8	0	0	-1	0	0x40
0x1405209b8	0x1405d8e08	0	0x1405209e0	0x1405d8e08	0	0	-1	0	0x40
0x140520a30	0x1405d8e50	0	0x140520a58	0x1405d8e50	0	0	-1	0	0x40
0x140520aa8	0x1405d8e28	0	0x140520ad8	0x1405d8e28	1	0	-1	0	0x40
0x140520aa8	0x1405d8e28	1	0x140520a58	0x1405d8e50	0	0	-1	0	0x40
0x140520b28	0x1405d8e78	0	0x140520b60	0x1405d8e78	2	0	-1	0	0x40
0x140520b28	0x1405d8e78	1	0x140520ad8	0x1405d8e28	1	0	-1	0	0x40
0x140520b28	0x1405d8e78	2	0x140520a58	0x1405d8e50	0	0	-1	0	0x40
